{"type": "FeatureCollection", "features": [{"type": "Feature", "properties": {"OBJECTID": 1, "ID": 11, "COMMNAME": "Roberto J. Gonzalez", "GlobalID": "04149661-e098-4cf7-8317-0b66aeb80fc7", "Shape__Are": 684707372.9238281, "Shape__Len": 166186.57269402634}, "geometry": {"type": "Polygon", "coordinates": [[[-80.67235082019111, 25.76157867342011], [-80.67193281971636, 25.76143467289842], [-80.67189781955626, 25.761430673038745], [-80.67186381922107, 25.76141767349388], [-80.67163281924239, 25.761392672747075], [-80.67116481943725, 25.76138767292069], [-80.67107081972591, 25.76137567252749], [-80.6709718199917, 25.761369673543978], [-80.67079381881817, 25.761369672734943], [-80.67064481975356, 25.76134867264963], [-80.67050881931114, 25.761343672821397], [-80.67047481897593, 25.761348673458663], [-80.67037181994209, 25.761350672580868], [-80.67009481903435, 25.761385673799115], [-80.66992081985538, 25.761394672677568], [-80.66984481968741, 25.761367673613066], [-80.66945281915193, 25.761365672873083], [-80.66939081922764, 25.76138467302476], [-80.66918781883807, 25.761383673059434], [-80.66907681940829, 25.761400673277876], [-80.66860981852975, 25.761405673103706], [-80.66741081825539, 25.761397672573242], [-80.66654581789193, 25.761392673556106], [-80.66599181787305, 25.761404673138557], [-80.66486381864213, 25.761398673347486], [-80.66464081726275, 25.761393672712323], [-80.664200817945, 25.761394674295634], [-80.66402481642127, 25.761404673138557], [-80.66234881701929, 25.76139767419131], [-80.66229081729297, 25.76140167324306], [-80.66186181694756, 25.761399673312685], [-80.66167181697678, 25.761388674504055], [-80.66148781685375, 25.761398673347486], [-80.66033581643508, 25.761397673382273], [-80.6590488162972, 25.761404673138557], [-80.6577538157634, 25.761392673556106], [-80.65740081558599, 25.761393672712323], [-80.65650881455998, 25.76138767292069], [-80.65563481487398, 25.7613896736603], [-80.65535181501677, 25.761397673382273], [-80.65435781388352, 25.76138267390313], [-80.65417481538206, 25.761394673486603], [-80.65325981478985, 25.76138467302476], [-80.65310581570236, 25.761391674399878], [-80.65219781388454, 25.76138667295539], [-80.65202281488067, 25.761397673382273], [-80.65121281387044, 25.761392673556106], [-80.65103681414335, 25.761399673312685], [-80.65014981403856, 25.761391673590847], [-80.64996681374045, 25.761398673347486], [-80.64896881330758, 25.761393672712323], [-80.64879181375557, 25.76139767419131], [-80.64791281314837, 25.76138967446933], [-80.64681481225806, 25.7613896736603], [-80.64658881230224, 25.761395673451833], [-80.64563981137485, 25.76139067362558], [-80.64539981207366, 25.761400674086907], [-80.64329681197609, 25.76140867299911], [-80.64310381163224, 25.761419673423955], [-80.6420668117396, 25.761409673773258], [-80.64191781177668, 25.761420673388976], [-80.64126781060004, 25.761416674337866], [-80.64080181224135, 25.76142167335399], [-80.63916681105061, 25.761408673808138], [-80.63762281009646, 25.761407674652048], [-80.63748981002706, 25.76141467359871], [-80.63546580957221, 25.76140267401727], [-80.63528581054547, 25.761411672894432], [-80.63363680911102, 25.761395673451833], [-80.63347380980272, 25.761401674052095], [-80.63183680806384, 25.761398674156517], [-80.6308348083313, 25.761388673695016], [-80.63068280799534, 25.761397673382273], [-80.63016580778638, 25.76140967458229], [-80.62928880862566, 25.7613896736603], [-80.62911880784802, 25.761395673451833], [-80.62854580756257, 25.761401674052095], [-80.62813480765884, 25.76138367386847], [-80.62790180713202, 25.761396675035122], [-80.62780380722275, 25.761434673707452], [-80.62776280631653, 25.761440674305746], [-80.62752780703822, 25.76144267504446], [-80.6267758057543, 25.76143067384778], [-80.62672880679695, 25.76143967353185], [-80.62646080700836, 25.761453674657123], [-80.62565380637119, 25.761444674165077], [-80.62428380549431, 25.76144667328566], [-80.6235148062886, 25.761440673496708], [-80.62336880580042, 25.761448674024283], [-80.62147680469172, 25.76144667328566], [-80.62129080491889, 25.761453673848088], [-80.61936680492146, 25.761440674305746], [-80.61777380446182, 25.76145267388334], [-80.61724480276068, 25.761446674094696], [-80.6171108037647, 25.76145167391859], [-80.61649980384442, 25.761444674165077], [-80.61481380349836, 25.761447674059493], [-80.61414680260329, 25.761437674411155], [-80.61403080404895, 25.761442673426394], [-80.61181980309804, 25.76144167427059], [-80.6111988022337, 25.76143267458667], [-80.61103380147894, 25.761437674411155], [-80.61044480219827, 25.761429673882844], [-80.61028780183945, 25.76143667363724], [-80.60750380060308, 25.761446674903727], [-80.60681080156536, 25.761431674621747], [-80.60666880037682, 25.76144267504446], [-80.60500880086836, 25.761450674762862], [-80.60330379935742, 25.761443674200255], [-80.6009247990753, 25.761448674024283], [-80.59918079990126, 25.761442674235425], [-80.59747979858827, 25.76145167472762], [-80.59672379800473, 25.76144567412989], [-80.59497379808457, 25.761445674938923], [-80.5925767964625, 25.76145467381283], [-80.59187679685377, 25.761464675077804], [-80.59127979627887, 25.761464674268765], [-80.59123779644608, 25.76150867513225], [-80.59119779716141, 25.761567675437092], [-80.59119279624024, 25.76158567397475], [-80.59112979649105, 25.76163967442556], [-80.5910497961251, 25.761649674865918], [-80.5909517962158, 25.76156367477287], [-80.5909157962308, 25.76149267489369], [-80.59083979606282, 25.761453674657123], [-80.59048979715676, 25.761447674868524], [-80.58915279589185, 25.761458674480725], [-80.58827279545974, 25.761449674798094], [-80.58748779546218, 25.761450674762862], [-80.58711679574142, 25.761434674516483], [-80.58559779490163, 25.76144167427059], [-80.5840187946857, 25.761436674446273], [-80.58086079335553, 25.761430674656815], [-80.58079079483194, 25.761423674902062], [-80.58045679222616, 25.761352674939165], [-80.58021579399836, 25.761301675064956], [-80.580111793343, 25.76130667489496], [-80.57944979336908, 25.761297675200804], [-80.57942579307965, 25.76131967445198], [-80.57941979233352, 25.761342675282826], [-80.57936879317823, 25.761365675300183], [-80.57934979291166, 25.76131167472475], [-80.57933179336831, 25.761303674996988], [-80.57928379368772, 25.76130167425592], [-80.57917379228624, 25.761307674860934], [-80.57887879273345, 25.76131067475881], [-80.57864379345513, 25.761324674281227], [-80.5785997921759, 25.761334674748117], [-80.5785007924417, 25.76134467521416], [-80.57813679239362, 25.761424675676086], [-80.57764279175089, 25.761438674376024], [-80.57651579234489, 25.761427675571003], [-80.57334579131914, 25.76143767602922], [-80.57143679049202, 25.761429674691875], [-80.56956679002295, 25.761438675185055], [-80.5674877893165, 25.76143067546585], [-80.56568078949495, 25.761437675220186], [-80.56475778850681, 25.761432675395703], [-80.56381878852348, 25.761437675220186], [-80.56223178791161, 25.76142467486705], [-80.56159978717662, 25.76143867599409], [-80.56158678765617, 25.76145267550141], [-80.56159478805208, 25.761533675045605], [-80.56159178857733, 25.76155567506208], [-80.561490788295, 25.761578675847204], [-80.5614927870465, 25.76123367573796], [-80.56138278833997, 25.76122767512921], [-80.56125578811836, 25.761242675436964], [-80.54847378390814, 25.761294676111635], [-80.54576678266467, 25.761209675728242], [-80.54573678252744, 25.761193676258422], [-80.54559578296045, 25.76119267548245], [-80.54557078284608, 25.761208675761438], [-80.54520778352125, 25.761213675595354], [-80.53972578126222, 25.761220676171522], [-80.5392957801936, 25.76123167580476], [-80.53801878099978, 25.76122767593824], [-80.53608878025626, 25.761240675503917], [-80.5346907797903, 25.76124167547044], [-80.53315577905698, 25.76126967614796], [-80.53179877859888, 25.76127367682209], [-80.53154477905402, 25.761282675709033], [-80.5301667777812, 25.761289675472092], [-80.52940177787514, 25.761285675607535], [-80.52888577838942, 25.761277675878016], [-80.52864977838786, 25.76128467645041], [-80.50248177061815, 25.761255676619065], [-80.50230977019069, 25.761255675810027], [-80.50232877045727, 25.761300676717003], [-80.50232377043439, 25.761371675901962], [-80.50230177069308, 25.761371676710993], [-80.50226576980977, 25.76144967641616], [-80.5022517713627, 25.761463676731214], [-80.50218077031926, 25.761483676831705], [-80.50214277068442, 25.76148567676066], [-80.50185077060638, 25.76144267666253], [-80.50176377056775, 25.76142467729415], [-80.50160576948568, 25.761412676904683], [-80.5014017701695, 25.7613896760874], [-80.49994176977924, 25.7613836771046], [-80.4998327699993, 25.7613836771046], [-80.49900276979591, 25.761399676548812], [-80.49892876927775, 25.76141067616546], [-80.4987627695964, 25.761448676451376], [-80.49870476897178, 25.761453677084223], [-80.49843776990639, 25.76145567701369], [-80.4983677704845, 25.761469676519003], [-80.49838176982989, 25.761357677194123], [-80.49839776972341, 25.761234676513585], [-80.49842276893945, 25.76103467655571], [-80.49811276931806, 25.76099067632559], [-80.4980457693709, 25.76099067632559], [-80.49795176876127, 25.76099067632559], [-80.49725677007372, 25.760992677071894], [-80.49722076829207, 25.760992677071894], [-80.49466476845797, 25.761000676011577], [-80.49380476721903, 25.761003676726247], [-80.48626676561645, 25.76102667761831], [-80.48440876574124, 25.761032677428187], [-80.48407076473413, 25.76093967710492], [-80.48359876473103, 25.760876678227742], [-80.48136876441184, 25.76086867685259], [-80.47714576270164, 25.760853677306613], [-80.47304376136526, 25.760838676949717], [-80.47140276122504, 25.760832676320998], [-80.4712227621983, 25.760833677909037], [-80.46424075936608, 25.76086967763129], [-80.45498375690715, 25.760896676809036], [-80.44916675491238, 25.760926677506298], [-80.4489707550938, 25.760927678284506], [-80.44807875406782, 25.760926677506298], [-80.44736175384233, 25.760925677537113], [-80.4469867539236, 25.760924678376956], [-80.4444947536636, 25.760921677660292], [-80.44394575456592, 25.760920677691065], [-80.440990752727, 25.76091667781408], [-80.43892975156392, 25.76091467787553], [-80.43885275157102, 25.760914678684568], [-80.43688175171793, 25.760912677936954], [-80.43595675107998, 25.760911677967652], [-80.4342407505967, 25.760909678029023], [-80.43346975084287, 25.760905678151662], [-80.43286574969696, 25.760903677403896], [-80.42694374812022, 25.760880678106073], [-80.42480774751236, 25.760896678427113], [-80.42088974719731, 25.760926678315332], [-80.41752374545466, 25.76094167785208], [-80.41703274518498, 25.76094467856824], [-80.4168997451156, 25.76093267813026], [-80.41677574526705, 25.760920677691065], [-80.41560174510705, 25.760942677821127], [-80.41491074482084, 25.76095667900501], [-80.41498574426559, 25.760813677699055], [-80.4141967449684, 25.76081567844834], [-80.41418274472471, 25.760933678908422], [-80.41341274479578, 25.761000678438688], [-80.4119597440782, 25.76097067776013], [-80.4098337435161, 25.76096167884954], [-80.40921274355007, 25.760967677853664], [-80.40883674290812, 25.760970678569162], [-80.40873374297598, 25.76097167853797], [-80.40789574327498, 25.76097867831937], [-80.40716974282864, 25.760984678940705], [-80.4060387432247, 25.7609946786272], [-80.4037237425167, 25.760985678909396], [-80.40302974185742, 25.76097867831937], [-80.40140974163361, 25.76096367959633], [-80.4007907404191, 25.760973678475555], [-80.39883873993426, 25.760989677975022], [-80.39805073956367, 25.760997678532977], [-80.39799073928923, 25.760998678501558], [-80.39660573834374, 25.760992678689966], [-80.39531373908129, 25.760999679279163], [-80.39501673898036, 25.760998678501558], [-80.39472073960268, 25.760996678564396], [-80.39276973804444, 25.760988678815398], [-80.39171273806032, 25.760984678131667], [-80.39065773862436, 25.76098067906587], [-80.38857173644858, 25.760995679404836], [-80.38741373618214, 25.760990678752698], [-80.38717373688092, 25.760993678658586], [-80.38618373684398, 25.76100267918482], [-80.38548773653488, 25.761008678995903], [-80.38517273689061, 25.761007679027415], [-80.38492973631804, 25.761006679867943], [-80.38475773589059, 25.7610056790904], [-80.38462573654442, 25.761004679930917], [-80.38455073620135, 25.761003679153355], [-80.38441573558383, 25.761002679993858], [-80.3838727345373, 25.761016679552586], [-80.38335973542463, 25.76102967914136], [-80.382181735965, 25.761034678982814], [-80.38061773491938, 25.761071679421118], [-80.38046673530664, 25.761074678515918], [-80.37837073488177, 25.761117678747336], [-80.37639873430543, 25.761145679454096], [-80.3761937333677, 25.761149678514336], [-80.374673732703, 25.761191678751647], [-80.37415073264627, 25.761198679329105], [-80.3724687333965, 25.761233678974094], [-80.370982733067, 25.76125467907975], [-80.37054773197549, 25.761261678844466], [-80.36841073154272, 25.761304679817187], [-80.36830173086447, 25.75902467882215], [-80.36826673160267, 25.7582966784664], [-80.3682117313511, 25.75725267969285], [-80.36813373153329, 25.755788677772447], [-80.36813473135821, 25.755564678008763], [-80.3680717307107, 25.754356678010367], [-80.36806873123597, 25.75428467784214], [-80.36801673135743, 25.753201678069033], [-80.36801773118235, 25.75299067794023], [-80.36796273093076, 25.752251677348205], [-80.36791173087713, 25.750878676964966], [-80.36791173177544, 25.7505236767569], [-80.36781473079274, 25.74870467605711], [-80.3677137305104, 25.746718675673364], [-80.36867173076033, 25.74671067577172], [-80.3697817313462, 25.74666467571997], [-80.37062873216634, 25.746655675725354], [-80.37138873204954, 25.74666667589849], [-80.37183073191541, 25.746672676433842], [-80.37288673207462, 25.74661267592146], [-80.37295273219686, 25.746610675742033], [-80.37333273124013, 25.746602675023986], [-80.37386673296415, 25.746591675654056], [-80.37486873269667, 25.746554675559185], [-80.37495773328345, 25.746550675198343], [-80.37591873300809, 25.74651867554329], [-80.37761273375008, 25.74651067562818], [-80.37836973415854, 25.746481674616547], [-80.38006373490052, 25.746476674971532], [-80.38082673515675, 25.746459675853266], [-80.38213073501306, 25.7464456761968], [-80.38302773516361, 25.746429675547077], [-80.38332373543962, 25.74642567599116], [-80.38394673595378, 25.74641567507794], [-80.38409473609178, 25.74638967512704], [-80.3842577354001, 25.74636167498683], [-80.38435673513428, 25.746344675852104], [-80.38459973570686, 25.746346675226878], [-80.38464773538743, 25.746347675318813], [-80.3847517360428, 25.746348674601613], [-80.38489473615795, 25.746344675852104], [-80.38787173683983, 25.746252675447376], [-80.38835773618834, 25.746182674599183], [-80.38874373687604, 25.746075675083976], [-80.38913673723641, 25.74592167503784], [-80.38950973750534, 25.74576067492329], [-80.3897967375605, 25.745544674839017], [-80.39007673614634, 25.745310674978864], [-80.39049473841771, 25.744960674832697], [-80.39111273890902, 25.744601674314424], [-80.39171673735997, 25.744402674774697], [-80.39212273724083, 25.744332674454824], [-80.39226173805632, 25.744290674728596], [-80.39259473724393, 25.744261674793368], [-80.39319273854206, 25.74425867527399], [-80.39404273973524, 25.744223674672217], [-80.39537973920352, 25.744169674393977], [-80.39613073886588, 25.744156674578058], [-80.39846273929233, 25.744074674399325], [-80.39935874051628, 25.74405067415869], [-80.39966774031275, 25.744051674269958], [-80.40013373956975, 25.744022674276398], [-80.40013673994281, 25.743429673023357], [-80.40010174068102, 25.742603674260003], [-80.40007573984344, 25.742192673788125], [-80.4000797400414, 25.74191667404366], [-80.40000573952322, 25.740943673783047], [-80.40001474064239, 25.740668673704896], [-80.40002274013999, 25.740392672848298], [-80.40001273919594, 25.740231673333795], [-80.40001373991915, 25.740036673529215], [-80.39995474036793, 25.738867672183282], [-80.3999677398884, 25.738542673186462], [-80.39993073918018, 25.738286673017285], [-80.39989573991839, 25.73753067281393], [-80.39984674041288, 25.736756671978092], [-80.39984174039002, 25.73607567220875], [-80.39977674009269, 25.73409767189601], [-80.39973474025989, 25.733501673117797], [-80.39974773978038, 25.733158671981514], [-80.39973973938446, 25.73251267265367], [-80.39967173961239, 25.731131671435307], [-80.39961973973386, 25.729640670728273], [-80.40062174036471, 25.72959067122994], [-80.40105474000974, 25.72967367192323], [-80.40159373995999, 25.729649671202218], [-80.40361974096301, 25.729583671217576], [-80.40561074090758, 25.72952167051199], [-80.4072177416109, 25.729467670027734], [-80.4076027424737, 25.7294546702222], [-80.40767374261881, 25.729454671031448], [-80.40780374231515, 25.729455670456286], [-80.40966574238828, 25.729396670387747], [-80.41166274307899, 25.729324670470177], [-80.41268874399927, 25.729290671370634], [-80.41375674385404, 25.72927066989645], [-80.41568374512282, 25.729214670444485], [-80.41566974577744, 25.728919670020286], [-80.41584574460622, 25.728921670497463], [-80.41587774439327, 25.728859670255922], [-80.41589274446189, 25.72884766981386], [-80.4159777448507, 25.728827670692915], [-80.41609474322993, 25.728825670214153], [-80.41611574404465, 25.72882967036238], [-80.41613574503445, 25.728840670567], [-80.4162447457127, 25.728865670071865], [-80.41635374459433, 25.728867669740698], [-80.4167167448175, 25.728852670200514], [-80.4168777453743, 25.728835670179848], [-80.41713574511715, 25.72883966951848], [-80.41778074357599, 25.72882967036238], [-80.41895874573055, 25.728778670283223], [-80.41965574496624, 25.728762669682638], [-80.42020474586056, 25.728732668955374], [-80.42118974587464, 25.728697670255347], [-80.42169574621295, 25.728691669621664], [-80.4224687456166, 25.728656670100307], [-80.42276874609057, 25.728655669859496], [-80.42313974670967, 25.728653670187096], [-80.4231987471592, 25.72864466963776], [-80.42331374588862, 25.728603670273703], [-80.42343174678771, 25.728593669479245], [-80.42349974655977, 25.728605669946937], [-80.4235177461031, 25.728616670172286], [-80.42352774614886, 25.728640670292563], [-80.42366874661418, 25.728636670137977], [-80.423670746264, 25.728672669905897], [-80.42457074678758, 25.728646669310304], [-80.42504074714087, 25.728633670224262], [-80.42577374636156, 25.72861166896645], [-80.42745674723288, 25.72856367032785], [-80.42764974847505, 25.728565670001757], [-80.42952174859394, 25.728505670868014], [-80.43086574863324, 25.728455670892384], [-80.43128374910798, 25.728440669681703], [-80.43146374903304, 25.728394669841602], [-80.4316507495291, 25.728347669740298], [-80.43153974920101, 25.726550669512797], [-80.43150974906379, 25.72586867009161], [-80.43146974888082, 25.725200668919587], [-80.43141274897941, 25.723898668918014], [-80.43138974851487, 25.723191668162276], [-80.43136574912374, 25.7225066680229], [-80.43134174793599, 25.72119866826947], [-80.43130474812605, 25.720050667122006], [-80.43128074873493, 25.71936266735924], [-80.43125074859769, 25.71868266783358], [-80.43122774813317, 25.71799966747599], [-80.43119374869629, 25.71731166718115], [-80.43116374766073, 25.71661966639516], [-80.43107074867264, 25.713883667058948], [-80.4309907483067, 25.71251966553659], [-80.43097274876335, 25.711789666048883], [-80.4309127484889, 25.710770665110203], [-80.43087574867899, 25.70945466502843], [-80.43084674836666, 25.70867266514827], [-80.43080874873183, 25.70771866463335], [-80.43078174806932, 25.706729664257644], [-80.43078074824442, 25.706669663822296], [-80.43077974752119, 25.706642664466397], [-80.43077874859459, 25.70659566467366], [-80.43076274780276, 25.70601166356544], [-80.43072374834301, 25.705139663950415], [-80.43064574852521, 25.703280663799433], [-80.43056374761112, 25.701303661682307], [-80.43049174853942, 25.69944966314663], [-80.43044474778544, 25.69841266177982], [-80.43042874789192, 25.697931662267283], [-80.43040874780043, 25.697328661690072], [-80.43037274691709, 25.69623966130676], [-80.43033774765532, 25.6951706614121], [-80.4302947479976, 25.694277660306373], [-80.43025674836278, 25.693429660486043], [-80.43023774719789, 25.69300466141364], [-80.43019774701492, 25.692129661214178], [-80.43017074725074, 25.691019660680002], [-80.43006374801894, 25.688474658740084], [-80.42998974750077, 25.687060658745665], [-80.42996474828473, 25.686295659539724], [-80.4299627477366, 25.686241658867274], [-80.42996174791168, 25.686199658057486], [-80.42995374751575, 25.68574465885971], [-80.42993974727206, 25.684974658687008], [-80.42961074738409, 25.685005659720574], [-80.42895074706, 25.68501965851336], [-80.42754474619812, 25.685051658523463], [-80.42739874750657, 25.685050659535218], [-80.42486574634037, 25.685032659125667], [-80.42291974570331, 25.685069658930143], [-80.42281474522301, 25.68507165933496], [-80.42157774531384, 25.68516265788471], [-80.42076074373261, 25.685193658059795], [-80.4206677447445, 25.685197659674795], [-80.4199067450364, 25.68522365924003], [-80.41842574472976, 25.68528465894501], [-80.41756974368879, 25.685328658858804], [-80.41655474443579, 25.68534365902809], [-80.41652674394837, 25.684317658962676], [-80.41650474330876, 25.683548659091873], [-80.41648274356744, 25.682640658584056], [-80.41650974333162, 25.682215658255817], [-80.41657974275351, 25.6811096577629], [-80.41658574439792, 25.679963657438787], [-80.41657474362896, 25.679580658006262], [-80.41652774287498, 25.67881065766677], [-80.41648874341521, 25.677941657599188], [-80.41648074391762, 25.6777746569991], [-80.41644674358243, 25.677006657674333], [-80.41641174342233, 25.676260657053508], [-80.41638174328511, 25.674433656687693], [-80.41637874291207, 25.67426165739775], [-80.41635974264548, 25.673229655636117], [-80.41635774299567, 25.673089656211992], [-80.41635174314789, 25.67274465603284], [-80.41635974354381, 25.67094865585118], [-80.4163607433687, 25.67080065521905], [-80.41633774380249, 25.67038165510263], [-80.41628874250038, 25.66972965551916], [-80.41623974299489, 25.669240654908318], [-80.4162057426597, 25.66833265549922], [-80.41615774297912, 25.667761654682195], [-80.41613674306272, 25.667173654448362], [-80.41610274272753, 25.66646965431419], [-80.41600274316842, 25.66353765365197], [-80.41594474344211, 25.66230065224596], [-80.41587274257377, 25.660748652475313], [-80.41587074292394, 25.660695652375363], [-80.41583874313689, 25.65971665277118], [-80.41582774236792, 25.65733065206342], [-80.41582374216996, 25.6563596518682], [-80.41581374212423, 25.656017650369993], [-80.41570474324259, 25.652326651256843], [-80.41557874194757, 25.64831664955485], [-80.41549974230487, 25.64757065002479], [-80.41524974205961, 25.645213649118737], [-80.41502974195159, 25.643492647819432], [-80.41473274274898, 25.641069647719885], [-80.41392174101553, 25.64110364771092], [-80.41256174198102, 25.641104647877246], [-80.4117937408036, 25.641104648687097], [-80.41161474070344, 25.641108647732608], [-80.4106737410703, 25.64108464859843], [-80.41060474057501, 25.641085647955066], [-80.4104147406042, 25.641087648288], [-80.41015074101357, 25.641089648620913], [-80.41001074037317, 25.64109064878735], [-80.40971973922171, 25.641093647666924], [-80.40941974144268, 25.64109864849888], [-80.40926774110672, 25.64110164737825], [-80.40896273971157, 25.641105648043556], [-80.40880773990087, 25.641106648209863], [-80.40865174026526, 25.641107647566315], [-80.40833673972267, 25.641108649352304], [-80.40817873953893, 25.64110964789889], [-80.4078647406179, 25.641110648065162], [-80.40771373920852, 25.64111164823143], [-80.40742474040184, 25.64111564808655], [-80.40728973978432, 25.64111764841899], [-80.40697273869358, 25.641120648107734], [-80.40691873916522, 25.641121649083768], [-80.40679873951463, 25.641120648917585], [-80.40675373930878, 25.641120648107734], [-80.40679173984194, 25.642979648594377], [-80.40689173940105, 25.64417564942436], [-80.40691274021576, 25.644425648676567], [-80.40691874006353, 25.6444766492501], [-80.40695973917312, 25.644837648335848], [-80.40285773873504, 25.644967648813743], [-80.40224873756627, 25.644999649046706], [-80.3989637369128, 25.645138648921467], [-80.39894673719436, 25.64495564963522], [-80.39892373762814, 25.64419764927591], [-80.39891373848072, 25.643882649174266], [-80.39884573781033, 25.64165564835418], [-80.39884573691202, 25.641389648776602], [-80.39875073737576, 25.63919364840231], [-80.39868573618013, 25.63764264708187], [-80.39857373782378, 25.635873646408886], [-80.39856873690259, 25.635800646433747], [-80.39854573643805, 25.635487648086837], [-80.39849973730561, 25.63412564692463], [-80.39849773675748, 25.634057647007662], [-80.39845973712264, 25.633043646629126], [-80.39844773652875, 25.632646646268704], [-80.39833973657373, 25.63215464600006], [-80.39818673641285, 25.631642646083446], [-80.39795873680723, 25.631173645799468], [-80.39781173739244, 25.63100164568442], [-80.39765273648547, 25.630814646394256], [-80.39743273727575, 25.630590644693516], [-80.39726373632304, 25.630468645181402], [-80.3968807369067, 25.630183645749185], [-80.39636073632471, 25.629796644970973], [-80.39600673542407, 25.62949864536926], [-80.3959887358807, 25.629478644956244], [-80.39592973543118, 25.629412644541443], [-80.39570373637368, 25.629160644904708], [-80.39541673542018, 25.628782644857576], [-80.39506673561581, 25.62815564510469], [-80.39491973530272, 25.627442644673494], [-80.39490773560718, 25.626890644734644], [-80.3981337367094, 25.626758645057997], [-80.39872873673616, 25.626733644372628], [-80.39931073724243, 25.626710644255834], [-80.40007473732358, 25.626679645887375], [-80.40163373744804, 25.62663964411386], [-80.40298673770815, 25.626606644341518], [-80.40330173735242, 25.626600644234664], [-80.40446773801479, 25.626579643858314], [-80.40654873837106, 25.626540643959526], [-80.40813073985836, 25.62649964509059], [-80.40828673859565, 25.62649564474583], [-80.40847373999001, 25.626491644400925], [-80.41053774062786, 25.62644664435882], [-80.41059573945586, 25.626443644301414], [-80.41118774000789, 25.626414644012577], [-80.41132673992504, 25.626407644416606], [-80.41272874058897, 25.626365644402295], [-80.41278874086343, 25.62636364463266], [-80.41456974164404, 25.626310643840533], [-80.41643074189228, 25.62622764401987], [-80.41859974211208, 25.626131643589364], [-80.41910374280057, 25.6261286427141], [-80.42022974327996, 25.62607164388859], [-80.42057574288636, 25.626057643846078], [-80.42139274356929, 25.626047644161826], [-80.42204574422068, 25.62601764429411], [-80.4221967429351, 25.62601064386492], [-80.42274974492568, 25.625974643849602], [-80.42278274363933, 25.625969644004112], [-80.4235057437126, 25.625969644004112], [-80.42453674375746, 25.625928643319284], [-80.42520174410441, 25.625894643866733], [-80.42528774431814, 25.625893644382952], [-80.42628674547424, 25.625854644260183], [-80.42655774473756, 25.625888643724114], [-80.42666274431956, 25.625882643581203], [-80.42768874523983, 25.625820643976617], [-80.42969674580117, 25.625741644185613], [-80.43071174685082, 25.625683643260032], [-80.43166574600444, 25.625661644046694], [-80.43232974652649, 25.625634643349873], [-80.43430974749873, 25.62561164302145], [-80.43535774816033, 25.62559264387371], [-80.4388397484573, 25.625482644442865], [-80.44044274896267, 25.62544964354091], [-80.44241374971409, 25.625433642830334], [-80.44415674996154, 25.625412643868717], [-80.44519575040232, 25.6253866434136], [-80.4462087500055, 25.625360642952824], [-80.44625375021133, 25.625359643464574], [-80.44643675050943, 25.62535864316636], [-80.44698675212697, 25.62538064243551], [-80.44960875298163, 25.625296643289794], [-80.45037875201224, 25.625252643096598], [-80.45127875253586, 25.625229642694627], [-80.4517407524932, 25.625218641831715], [-80.45347275287001, 25.625174643229702], [-80.45506975352761, 25.625136642362296], [-80.45564375363796, 25.625098643102724], [-80.45828375403596, 25.62500764327073], [-80.45941375381501, 25.62498264302883], [-80.4633397554243, 25.624817644216908], [-80.46535675620648, 25.62468964346474], [-80.46742875724023, 25.624628642735317], [-80.46817475687972, 25.624597643016592], [-80.4714257580963, 25.624423642538712], [-80.47209375791799, 25.624472641325713], [-80.47536575905099, 25.62432164205695], [-80.47614475830242, 25.62428564234257], [-80.47900076040713, 25.62422664121228], [-80.4795247602888, 25.624440642880526], [-80.47947175968703, 25.623323643436667], [-80.47946075981636, 25.621490641164513], [-80.48677676345773, 25.621503641411778], [-80.48921876348903, 25.621466641327373], [-80.49526476491434, 25.621437641450235], [-80.49550576493876, 25.621408640756073], [-80.49549676471791, 25.623337640559722], [-80.4958817646824, 25.6231516417365], [-80.49664776441337, 25.623408641854414], [-80.49669276551752, 25.623321641996156], [-80.49683676635588, 25.6231516417365], [-80.49760976486124, 25.622457641864134], [-80.49766576493775, 25.62240564209182], [-80.49839676630523, 25.621706641101767], [-80.49910676595972, 25.62104864082572], [-80.49916876498568, 25.62100064177903], [-80.49994576638395, 25.620257640255485], [-80.49999776626248, 25.62022564068131], [-80.50040976599114, 25.61983764050502], [-80.50051976739263, 25.619726641099593], [-80.50077076566616, 25.61949664082122], [-80.50085276568193, 25.619413640316225], [-80.50110176610227, 25.61918464059525], [-80.50119776636173, 25.61907864071729], [-80.50129676609593, 25.618987640349687], [-80.50131776691065, 25.618977640883628], [-80.50147876656912, 25.61883464073254], [-80.50158476597602, 25.618720640143962], [-80.50170276687513, 25.618620640362323], [-80.50181576685303, 25.61850164022153], [-80.50190976746266, 25.618418639835348], [-80.50206676692318, 25.6182676393948], [-80.50224276665027, 25.61812064019879], [-80.50226376656667, 25.618094640586655], [-80.50247476645387, 25.617897640163985], [-80.50252876688053, 25.617835639655393], [-80.50258476785534, 25.617796640142057], [-80.5026867670643, 25.617705640418105], [-80.50302276662497, 25.61737864057107], [-80.50318576683158, 25.61723764004879], [-80.50321976716677, 25.61721564009017], [-80.50339076687098, 25.6170506402714], [-80.50343176687888, 25.617017640280313], [-80.50363276672033, 25.61681964095239], [-80.50364976643877, 25.616797640106792], [-80.50372976680471, 25.61672764011392], [-80.50381176682048, 25.616644640115517], [-80.50405376756811, 25.616429639500247], [-80.50410676727157, 25.616364639539484], [-80.50416076769824, 25.616329640231367], [-80.50652076861208, 25.614122638879277], [-80.50789276824047, 25.61286463854697], [-80.50791176850703, 25.612838638601335], [-80.50813076879014, 25.61264163923451], [-80.50822876869942, 25.612538638819508], [-80.50828476877594, 25.612491639190477], [-80.5084307683658, 25.612347639781145], [-80.50855076981303, 25.612216638215788], [-80.50860776881612, 25.612119638268926], [-80.50863276893048, 25.612058638412336], [-80.50864876792568, 25.611789638912438], [-80.50866576854244, 25.61169663945944], [-80.50871676859607, 25.61158163731818], [-80.50890576874197, 25.61131963884516], [-80.50897776781365, 25.61125063849012], [-80.5090447677608, 25.61116263827301], [-80.50907976792092, 25.61113063869349], [-80.50910476803527, 25.611123638202102], [-80.50916376938312, 25.61112163817735], [-80.50930876824978, 25.61100463869636], [-80.5093387692853, 25.610962638127766], [-80.50935676793036, 25.610920639164522], [-80.50942476860071, 25.610861637915093], [-80.50946476878369, 25.610813638016694], [-80.50953876930186, 25.610749637852155], [-80.50979576921982, 25.61058963769592], [-80.51003976782064, 25.61047363811702], [-80.51014976922214, 25.61045163772329], [-80.51042776905646, 25.610427638099207], [-80.51063876894368, 25.610402638046875], [-80.51067276927887, 25.61036563776542], [-80.51081576849568, 25.610245638700416], [-80.51102376980644, 25.61006263778818], [-80.51107476896176, 25.609993637517565], [-80.51114076998232, 25.609921637544915], [-80.51135376951935, 25.6097276378978], [-80.51146076875115, 25.60961863806231], [-80.51166476896564, 25.609438637484683], [-80.51168376923223, 25.60941463765721], [-80.51182876899719, 25.60929163795948], [-80.5119147692109, 25.609187638274374], [-80.51195776886861, 25.60913563758782], [-80.51198576935602, 25.609067638836844], [-80.51203676940965, 25.608868638862766], [-80.51205077055165, 25.608738637972152], [-80.51204976893011, 25.608688636345704], [-80.51213976934179, 25.60868663790035], [-80.5121967692432, 25.608685637462553], [-80.5122727694112, 25.608684637834827], [-80.51231176976927, 25.608685637462553], [-80.51252976932915, 25.608693637724393], [-80.51301077045139, 25.60869663741741], [-80.51504877025164, 25.60869663741741], [-80.51707877055428, 25.60870363724087], [-80.5172277705172, 25.608698637482735], [-80.51755477075534, 25.60868663790035], [-80.51902377226475, 25.608633637367692], [-80.52103977232368, 25.608634636995852], [-80.5210697724609, 25.608634636995852], [-80.52203177290876, 25.608621637778782], [-80.52256677266107, 25.608614637140455], [-80.52401377263251, 25.608595637720263], [-80.52416277349373, 25.608600637482702], [-80.52421377264905, 25.608602637549634], [-80.52485177323183, 25.608623638655438], [-80.52506177329411, 25.608631637301283], [-80.52607777237203, 25.608635637434077], [-80.52704477374108, 25.608614637140455], [-80.52716077409204, 25.608610637006958], [-80.52719377370401, 25.6086096373786], [-80.52804177434906, 25.608580637621618], [-80.52906177452326, 25.60857663748698], [-80.5310337759979, 25.60857363698088], [-80.5350337763287, 25.608550638228746], [-80.53506777576558, 25.608550636608598], [-80.53711077648701, 25.608556637621877], [-80.53910377697973, 25.608540637079326], [-80.54109677837076, 25.608546636472962], [-80.54312177865054, 25.608519636769014], [-80.54384677927193, 25.608516637071553], [-80.54505877906675, 25.608513636563952], [-80.54905577902451, 25.60846563653275], [-80.54908578006007, 25.609097636479824], [-80.5491437806847, 25.610320638130162], [-80.54923178054825, 25.61214163754559], [-80.54952178007815, 25.62106663955202], [-80.54954478054269, 25.62344063976606], [-80.54956378080927, 25.625345641718695], [-80.54733578103821, 25.625349641292015], [-80.54765778035518, 25.637557644216766], [-80.54775878063754, 25.64070764516637], [-80.54421977954082, 25.64076664544266], [-80.53855077768408, 25.640861645277212], [-80.5389167782803, 25.65214064819648], [-80.53895877811308, 25.653426649565276], [-80.52868277530487, 25.65363664885498], [-80.52495477496062, 25.653712648630215], [-80.52127077230236, 25.653787649106782], [-80.51461277113185, 25.653923649094903], [-80.51485877207747, 25.660044650845713], [-80.51500277201751, 25.663603651390265], [-80.51500077146937, 25.66579365212723], [-80.51505577172097, 25.666703652154045], [-80.52110777389237, 25.66672365199656], [-80.52918877654149, 25.666693651826694], [-80.5303947764885, 25.666717652287062], [-80.533166777131, 25.666665652363065], [-80.53725177874895, 25.666638652035456], [-80.54027377873837, 25.666647650795873], [-80.5412467790569, 25.66665065227178], [-80.54339478025864, 25.666635651368928], [-80.54513078083339, 25.666622651178695], [-80.5531467831852, 25.666563651543175], [-80.5612267851111, 25.666527650804312], [-80.56930778686193, 25.666504651068777], [-80.57723179005052, 25.666406651547444], [-80.58708579218603, 25.666445650565183], [-80.59319779463189, 25.66639965105804], [-80.59500479445346, 25.66638765079646], [-80.6091527993426, 25.666280649962477], [-80.60915979901527, 25.666468650312105], [-80.61724180148933, 25.666367650087903], [-80.62524980434351, 25.666367650087903], [-80.63572780771639, 25.666379648732143], [-80.63868080721053, 25.666382650214796], [-80.64135180846901, 25.66638565007801], [-80.6493118107443, 25.666392649758556], [-80.65738981212206, 25.666327649470418], [-80.66841381691452, 25.666256648604463], [-80.67333581751025, 25.666225648361365], [-80.67331881869013, 25.665804648440922], [-80.67381881828233, 25.66580064779411], [-80.67383881837381, 25.666494649105378], [-80.6742538184755, 25.666493648342215], [-80.70244282542873, 25.66644864799778], [-80.70233182599895, 25.666755648013087], [-80.70230682678292, 25.66781064944287], [-80.7025098262742, 25.668062649245794], [-80.70306282646816, 25.668062649245794], [-80.70316782784677, 25.668062649245794], [-80.70374982745471, 25.667993648485204], [-80.70450882751301, 25.667557648353075], [-80.70607682785828, 25.666478648229287], [-80.7061118280184, 25.66644264827444], [-80.7614448434329, 25.666352647530086], [-80.76665684535516, 25.666343646318367], [-80.85573987142125, 25.666199644651346], [-80.85691786998255, 25.666196644783454], [-80.86769687455264, 25.66617864476481], [-80.87206187565475, 25.66617264421821], [-80.8731558763471, 25.66618464450144], [-80.87315087722254, 25.66880864449901], [-80.87313087713106, 25.68309564858804], [-80.87312687603479, 25.685458650008893], [-80.873120876187, 25.68935765069509], [-80.87311487544092, 25.69322265276948], [-80.87309087694808, 25.714150656584252], [-80.87306687665864, 25.734954661967425], [-80.87301187820368, 25.750384666355725], [-80.87308287924711, 25.76020166770299], [-80.87308487979524, 25.760462668247136], [-80.87312587890482, 25.760521669071775], [-80.87312687872974, 25.760870667892508], [-80.87312787855464, 25.7608896681234], [-80.8701818787332, 25.760679668681206], [-80.86282687653039, 25.760588668834536], [-80.85719987360812, 25.760623668659353], [-80.85705187436842, 25.760624668631078], [-80.85698887372092, 25.760624668631078], [-80.82896486572584, 25.76073367035313], [-80.82845486518957, 25.76076266950294], [-80.82812286582687, 25.76078266891248], [-80.827857865513, 25.761001669507845], [-80.82780186633482, 25.761046669702058], [-80.82768486526065, 25.76126566981046], [-80.82763086663061, 25.76134166965391], [-80.82736586541841, 25.76199367057002], [-80.82587586489095, 25.761792669501737], [-80.82239886371853, 25.76180266992921], [-80.82156586404041, 25.76179767012009], [-80.821078864867, 25.761788669654123], [-80.82068886218472, 25.7617876696922], [-80.82032886323293, 25.761782669073423], [-80.81718386232153, 25.761795670196385], [-80.79639685652847, 25.761856670281315], [-80.7781288507596, 25.761890670580303], [-80.77569585005082, 25.761871671318634], [-80.77460284918338, 25.761905671613324], [-80.77046084946065, 25.76192767156087], [-80.7694938480916, 25.76192667079109], [-80.7676778480492, 25.761924670869554], [-80.7664888469223, 25.76192267175702], [-80.76461184678054, 25.76192667079109], [-80.74987284296093, 25.76195167142545], [-80.72817883517494, 25.76199067149843], [-80.69978082798436, 25.761980672704855], [-80.6817258226508, 25.762007673248014], [-80.67625582098569, 25.761975672094206], [-80.67546082094239, 25.761896671964575], [-80.67414782086526, 25.761482672822044], [-80.67395582124462, 25.761985673315298], [-80.67382582064997, 25.762227673160034], [-80.67352982037396, 25.762127673250564], [-80.67261982070293, 25.761802673165324], [-80.67269282049787, 25.761731673429082], [-80.67272881958458, 25.761696673121865], [-80.67263681952306, 25.76166967169895], [-80.67243782112807, 25.76160067423728], [-80.67235082019111, 25.76157867342011]]]}}, {"type": "Feature", "properties": {"OBJECTID": 2, "ID": 12, "COMMNAME": "Juan Carlos \"JC\" Bermudez", "GlobalID": "7d70c5cb-cf9a-44e0-b8d9-1d629b4ae304", "Shape__Are": 1509288951.5292969, "Shape__Len": 182701.71542784007}, "geometry": {"type": "Polygon", "coordinates": [[[-80.87293488449899, 25.979438723280378], [-80.8361698735307, 25.97929672506293], [-80.8358248737492, 25.979296724255388], [-80.83545487385335, 25.97929472477972], [-80.83538187405843, 25.97929472477972], [-80.8092498662737, 25.97910872494122], [-80.80259886387759, 25.979061725873258], [-80.78132685766263, 25.979077724939533], [-80.77648685618436, 25.978971725835848], [-80.74978684813709, 25.978870726959048], [-80.68297982946494, 25.978758727599423], [-80.68004082751956, 25.97875372727222], [-80.68004082841789, 25.978705727511965], [-80.6800408293162, 25.97863372743107], [-80.68004082751956, 25.97841972802955], [-80.68004082841789, 25.97834872751942], [-80.68003882876805, 25.977185728199736], [-80.68003782804483, 25.975442726691135], [-80.680035828395, 25.97369772562049], [-80.68003482767179, 25.972535726132353], [-80.68003082837213, 25.969400725227743], [-80.6800278279991, 25.965391723816417], [-80.68002182635469, 25.95999572360418], [-80.68001882687993, 25.956861722862637], [-80.65433081950924, 25.956898722634527], [-80.63191581399477, 25.956932723418824], [-80.5838008005157, 25.957004723859473], [-80.5772697977702, 25.956998724295595], [-80.55175279010372, 25.95697872413171], [-80.55166778881659, 25.956982725457078], [-80.5515827902244, 25.956987725094347], [-80.5514987896605, 25.956999725030624], [-80.5514347900864, 25.956998725103286], [-80.55141779036798, 25.956994724586167], [-80.55099379004544, 25.95701472474732], [-80.55084678973235, 25.957022724972376], [-80.54643178929982, 25.95701472474732], [-80.53572178522502, 25.95699672524859], [-80.53318878405882, 25.95698772590204], [-80.52886878406086, 25.956979724866912], [-80.52877478345121, 25.956974725229305], [-80.52871878337473, 25.956973725301758], [-80.5286887832375, 25.956973726109453], [-80.5284337838677, 25.956973725301758], [-80.52834878347888, 25.956973725301758], [-80.52703178320375, 25.9569677257363], [-80.52308178130501, 25.956951726893568], [-80.52176578175315, 25.95694672483168], [-80.51736777924243, 25.956928725322545], [-80.50823377770547, 25.956891726367786], [-80.50417677657492, 25.95687472597094], [-80.49977977478743, 25.956856727258497], [-80.49289277238975, 25.9568397260489], [-80.47223476736646, 25.9567917270389], [-80.4653487647937, 25.956775726556852], [-80.46340876400444, 25.956770726910577], [-80.4575917638063, 25.95675772702157], [-80.45572676156347, 25.956754727233374], [-80.45565276194363, 25.956754727233374], [-80.45562276180641, 25.956754727233374], [-80.4555807610753, 25.956754727233374], [-80.45553576086944, 25.956754727233374], [-80.45550776217867, 25.956755726355084], [-80.45546076232301, 25.956755727162783], [-80.45531976095938, 25.956755727162783], [-80.45527376182694, 25.95675672789988], [-80.45524776188768, 25.95675672709218], [-80.45452676146422, 25.95675872775865], [-80.45238476100859, 25.956767727122717], [-80.45167076025785, 25.956771727647553], [-80.45165576108755, 25.956771726839854], [-80.45163676082097, 25.956771726839854], [-80.45159176061513, 25.956771726839854], [-80.4515767605465, 25.956772727576812], [-80.45149476142906, 25.95677372669837], [-80.45136576065931, 25.95677372669837], [-80.45124476028549, 25.956774726627618], [-80.45107876060413, 25.956774727435313], [-80.45027876053798, 25.956774727435313], [-80.44125675825569, 25.95685872711557], [-80.44119175885668, 25.956858726307875], [-80.44112675766104, 25.95686072778031], [-80.44093075784245, 25.956862727637315], [-80.44061375765004, 25.956868728015827], [-80.4404927563779, 25.95686572742276], [-80.44032075774709, 25.956861727708816], [-80.43957875740725, 25.95685972785179], [-80.4393917578095, 25.956856727258497], [-80.43867875778197, 25.956848727829865], [-80.43579275554004, 25.95685472740139], [-80.43577275634685, 25.95685472740139], [-80.43365675493219, 25.956910727426052], [-80.43154275496396, 25.95696772654399], [-80.43136175431567, 25.95696972801457], [-80.43117875491589, 25.956969727206875], [-80.43081975489069, 25.956970727942156], [-80.43047875440884, 25.956970727942156], [-80.42375775259084, 25.95695172770126], [-80.408728748343, 25.95690772844945], [-80.40738474740539, 25.95694372827908], [-80.40737374843305, 25.95694372827908], [-80.40722474847013, 25.956944728206885], [-80.40713574788336, 25.956944728206885], [-80.40703674725084, 25.956946728062462], [-80.40391374608075, 25.95696972801457], [-80.3935357431653, 25.957047727994272], [-80.39008374300558, 25.957026728719324], [-80.38714074265886, 25.95707472924888], [-80.3783327397385, 25.957075729175568], [-80.37539773799108, 25.95707672910225], [-80.37531373832549, 25.95707672910225], [-80.37521373876638, 25.957076728294556], [-80.37514273772294, 25.95707672910225], [-80.37506973882633, 25.957076728294556], [-80.37497973751634, 25.957077728221225], [-80.37469573873251, 25.957068728880873], [-80.37384573843765, 25.957061728585757], [-80.37356273858042, 25.957073729322182], [-80.37296973730518, 25.957057729686166], [-80.37064573727469, 25.957040728505607], [-80.37004773687488, 25.95703672879761], [-80.3664687355952, 25.957049727848105], [-80.36189573497894, 25.957050729390396], [-80.35905373401626, 25.957051729317293], [-80.3589797334981, 25.957052729244175], [-80.35758173393045, 25.95703572967828], [-80.35338873235746, 25.956986729205386], [-80.3520907305523, 25.956972729412684], [-80.3520527327141, 25.956972729412684], [-80.35138673164391, 25.956967728967076], [-80.35136973192549, 25.956841729137054], [-80.35208573232605, 25.956840729208373], [-80.35208473160284, 25.956730728925034], [-80.35208073140488, 25.95670472913675], [-80.35203073207448, 25.955515729016106], [-80.35194673151057, 25.95442272820354], [-80.35167573045061, 25.949406727417482], [-80.35167273187417, 25.949344727099955], [-80.351631730968, 25.948578727232118], [-80.35161873144752, 25.948375727288067], [-80.3515767307164, 25.9477157274745], [-80.35156273137102, 25.947517726889803], [-80.35141673088283, 25.94280972575691], [-80.35141173085995, 25.942688725558938], [-80.35140273243576, 25.94246972515154], [-80.35140173081422, 25.942429725538485], [-80.35139473114154, 25.942254726162844], [-80.35138873129374, 25.942192725310765], [-80.35110973073617, 25.9367577241394], [-80.35088872990492, 25.9313267232283], [-80.35076573167788, 25.927919722497638], [-80.35076073075672, 25.927803722424077], [-80.35074173049014, 25.927363721246422], [-80.35074173049014, 25.927322721172366], [-80.35074473086317, 25.927285721802665], [-80.35048873077014, 25.92241572148866], [-80.35044073019125, 25.921069720168894], [-80.35035573070077, 25.91931172027368], [-80.35023473032693, 25.91579471912839], [-80.3500847296408, 25.913383717929786], [-80.3500647295493, 25.9128677183794], [-80.34991673030962, 25.90901371655244], [-80.34978372934191, 25.906093716479052], [-80.34975872922755, 25.905380716632965], [-80.3497187299429, 25.90426271565859], [-80.3496697295391, 25.903417715794046], [-80.34962272968343, 25.9028537163044], [-80.34944672905803, 25.902135715113452], [-80.34929372979546, 25.901634715143796], [-80.34912872993901, 25.901215715232407], [-80.3488897295644, 25.900796715449246], [-80.34859872841297, 25.900408714697324], [-80.34823972928608, 25.899959715062977], [-80.34792172837045, 25.89963171541639], [-80.34786472846905, 25.899582714503982], [-80.34783572815672, 25.899548714947368], [-80.3474817290527, 25.899260714697554], [-80.347066728951, 25.89900071418255], [-80.34664772865136, 25.89876371471209], [-80.34613872794002, 25.898536714960517], [-80.34566372846217, 25.89836771438132], [-80.34497372889919, 25.898186714907936], [-80.3443977282407, 25.898118714980463], [-80.34389972829833, 25.898073714341425], [-80.34322172753258, 25.89806171486847], [-80.34172872753037, 25.898045714491825], [-80.3413737268048, 25.89804971458619], [-80.34068972619129, 25.898059714821503], [-80.34033372653914, 25.898060715249038], [-80.34001272614877, 25.89805171463332], [-80.3383737265567, 25.898051713825218], [-80.33819572628146, 25.898040714777732], [-80.33475072579442, 25.898067715009145], [-80.33286372560691, 25.898053715488516], [-80.33212672528995, 25.898075714388145], [-80.33181272457227, 25.898098715327087], [-80.33146772389247, 25.898145714385937], [-80.3311667244919, 25.89819571551336], [-80.33076472391068, 25.89829071557685], [-80.33037972394621, 25.89838571475577], [-80.32999772435478, 25.898498715023518], [-80.32966772374358, 25.89861071476019], [-80.32928772380201, 25.89875571537973], [-80.32784372330528, 25.89875571537973], [-80.32745272349301, 25.89875571537973], [-80.32705172363502, 25.898755714571628], [-80.32624672174936, 25.898748714852335], [-80.32463872211943, 25.898754715766184], [-80.32460172141118, 25.89875471495808], [-80.32458372186784, 25.898754715766184], [-80.32452872251459, 25.898755714571628], [-80.32447772156264, 25.89875571618782], [-80.32430772347995, 25.898754715766184], [-80.32427072277171, 25.89875471495808], [-80.32426772239866, 25.898692715466822], [-80.3242637222007, 25.89856871477038], [-80.32418372183477, 25.89782871442207], [-80.32416072137022, 25.895297713786817], [-80.32405772233638, 25.89234871361216], [-80.32420772212421, 25.893141713400667], [-80.32413672197909, 25.891248713463934], [-80.32398572236636, 25.888735712575517], [-80.32393372158951, 25.88749671283917], [-80.32379072147437, 25.884070711645872], [-80.32366672162581, 25.88117171091096], [-80.32364672153433, 25.88069171080809], [-80.32356772189162, 25.878847709915686], [-80.32347072090893, 25.877045708909122], [-80.32327972111321, 25.873515708653763], [-80.32327672074015, 25.873427709273496], [-80.32343272127409, 25.87342570880921], [-80.32339672128907, 25.872714708515964], [-80.32337371992624, 25.87193670817482], [-80.323321720946, 25.87077470822112], [-80.32330772070229, 25.87045470876165], [-80.32333272171498, 25.86976270811879], [-80.32327372126544, 25.869763707977803], [-80.32313972047281, 25.869764707836808], [-80.32290472119449, 25.869766708363088], [-80.32290672084432, 25.869659707237396], [-80.32290372047126, 25.869597707824987], [-80.32290371957295, 25.869507707420652], [-80.32289672079855, 25.86931670710781], [-80.32285372203917, 25.867679706986106], [-80.32285172059272, 25.866937707272083], [-80.32285172149103, 25.86663870714225], [-80.322736720965, 25.863265706688473], [-80.32273271986871, 25.8629967068851], [-80.32264972092635, 25.857813704707805], [-80.32263672050756, 25.85730570528636], [-80.32262872100995, 25.85709170543356], [-80.32258672027885, 25.855843705435262], [-80.32255572031671, 25.85491970388239], [-80.32257072128364, 25.854172704949246], [-80.32257572040818, 25.853910702998853], [-80.32257172110855, 25.85383970346568], [-80.32256372071264, 25.853663704439068], [-80.322252720368, 25.853449703652878], [-80.32218472059594, 25.853392704617203], [-80.32154271981521, 25.85291670403803], [-80.32061571952744, 25.8522287034082], [-80.32009571984375, 25.851833703887397], [-80.31974371949126, 25.85154670289628], [-80.31937771889504, 25.85129470417272], [-80.31919871969322, 25.8511647029274], [-80.3189867190828, 25.850990703188558], [-80.31871471909622, 25.85080370294221], [-80.31838871958132, 25.850552703465254], [-80.31808671945751, 25.850345702870918], [-80.31720071827932, 25.849683701779394], [-80.31673971724855, 25.84935970329918], [-80.31631871819738, 25.849027702847792], [-80.31592071871243, 25.848736702983548], [-80.31557771858077, 25.84847370350149], [-80.31531771828976, 25.848290701863053], [-80.31503971845542, 25.84806170284204], [-80.31483871771566, 25.84792370254359], [-80.31460771773698, 25.84775270221401], [-80.31434371724802, 25.84758870277195], [-80.31419071798545, 25.84745470211254], [-80.31393571771733, 25.847244702414763], [-80.31373271732774, 25.847098701565905], [-80.31312971780338, 25.846664703006336], [-80.31279171769458, 25.846398701980636], [-80.31183971729244, 25.845689701731395], [-80.31136371619309, 25.845354701291438], [-80.31115171737927, 25.845184702165323], [-80.31065971728468, 25.844828701253984], [-80.31041371633908, 25.844658702180368], [-80.31022471619319, 25.844509700346983], [-80.31012171626102, 25.84442770163993], [-80.30978471597713, 25.844185701436878], [-80.3091487159425, 25.84371470219458], [-80.30894071642837, 25.843548702651493], [-80.30773671613115, 25.842664701541292], [-80.30652571526294, 25.84174570098108], [-80.30633771584027, 25.841597701235134], [-80.30613571527559, 25.84145370169792], [-80.30585171559346, 25.84126070113375], [-80.30568171391754, 25.841118700580445], [-80.30545071483716, 25.840941701115376], [-80.30512871462187, 25.84072070083145], [-80.30486471503124, 25.84051470092305], [-80.30461571461089, 25.84031970022794], [-80.30428071487515, 25.840087700806574], [-80.30425171546112, 25.840065700809948], [-80.30431371538542, 25.840043700809233], [-80.30449471513539, 25.8399807011153], [-80.30464071562356, 25.83993070121884], [-80.30465371514406, 25.839940699906222], [-80.30457971462589, 25.840047700442167], [-80.3046027141921, 25.840097700289192], [-80.3046657148396, 25.8401567002917], [-80.30507671474335, 25.84045870061121], [-80.30528271550598, 25.840403701997193], [-80.30650271569672, 25.840103700948553], [-80.3066777164972, 25.840079700734773], [-80.30721571572425, 25.84000470054066], [-80.30754571543712, 25.839994700241693], [-80.30863971612948, 25.839960700512457], [-80.30990871672401, 25.839957700987682], [-80.31005371648897, 25.839958700290286], [-80.3102607161782, 25.839958701098784], [-80.31090671536028, 25.839961700623526], [-80.31409371700276, 25.83997370033874], [-80.31438071795625, 25.839965700259235], [-80.31501171796802, 25.83994870079592], [-80.3150327178844, 25.83994870079592], [-80.3158407183465, 25.83998170041771], [-80.31694171871153, 25.840124699211426], [-80.31816371945041, 25.840427699719758], [-80.31810371917597, 25.840723700336873], [-80.3189447183517, 25.840727700755316], [-80.31967371917105, 25.84071570111658], [-80.31975871955987, 25.840731700365126], [-80.32043271922934, 25.840724700441495], [-80.32104371914961, 25.840746700315577], [-80.32209572000917, 25.840740700497328], [-80.3220127201685, 25.839828700329647], [-80.32198272003127, 25.838761699509174], [-80.32195372061727, 25.838187699689723], [-80.32193371962745, 25.83753470046169], [-80.3218317195202, 25.833470698263266], [-80.32173171996111, 25.82963169756941], [-80.32171071914638, 25.82840369744411], [-80.3217037194737, 25.828245697507768], [-80.32168671975525, 25.82803469665491], [-80.32163071967877, 25.82621369708351], [-80.32159371986884, 25.825432696529028], [-80.32157571852886, 25.824383696426374], [-80.32157171922921, 25.824120696179794], [-80.32155371968587, 25.82363469662496], [-80.321548719663, 25.823510695597182], [-80.32158671929784, 25.82030469539918], [-80.32157371977736, 25.81975869563465], [-80.32156471865821, 25.819431695223447], [-80.32155172003604, 25.818929695253544], [-80.32154771804146, 25.818749694887767], [-80.32148971921345, 25.816486693938494], [-80.32147971916771, 25.816077694445976], [-80.32140171934991, 25.813016693442744], [-80.32136271899184, 25.81245369386625], [-80.32135371877102, 25.812317693169405], [-80.32134171907543, 25.812147693493984], [-80.32133371867953, 25.811908693028702], [-80.32132571918193, 25.811674693022947], [-80.32129371849655, 25.81069869265226], [-80.32127971915116, 25.810278692646335], [-80.32128071897607, 25.809744693111206], [-80.32127771860304, 25.809496692569176], [-80.32127571895322, 25.809328692820092], [-80.32127171875526, 25.80921869251836], [-80.32126471908255, 25.80898469286012], [-80.32111871949269, 25.807083691136576], [-80.32109271955342, 25.806787691320867], [-80.32105571884519, 25.805725692316834], [-80.3209377188444, 25.8027796911444], [-80.32090471833413, 25.80063269054848], [-80.32097971867721, 25.799671690106283], [-80.32109771867799, 25.797356689276484], [-80.3210727176653, 25.797015689143986], [-80.32109271865511, 25.794389688845552], [-80.32108771863223, 25.793197688543444], [-80.32107171873871, 25.788311687390596], [-80.32105971724653, 25.78785768718654], [-80.32104171860146, 25.787145686576633], [-80.32097771812907, 25.785674686217828], [-80.32096871790823, 25.785398686438683], [-80.32095371783961, 25.784861686320262], [-80.32091171800681, 25.78429668610587], [-80.32077771811251, 25.78429668610587], [-80.32072271786093, 25.78429668610587], [-80.32067471818036, 25.78411568593467], [-80.32062771742638, 25.783934686296128], [-80.32053371771504, 25.78358168581317], [-80.32049271860548, 25.783426686103258], [-80.3204307186812, 25.78318868574212], [-80.3203547176149, 25.7829006860056], [-80.3203197174548, 25.78262268586066], [-80.32038471775212, 25.782621686074275], [-80.32040471784362, 25.78262168526539], [-80.32051071725051, 25.782620685479], [-80.32052171801948, 25.782620685479], [-80.32053871773792, 25.78262068709678], [-80.32060671750997, 25.782619685692598], [-80.32077371791455, 25.782618685906193], [-80.3207627180439, 25.78250868589218], [-80.3207497176251, 25.782393685216935], [-80.32073571827972, 25.782283685803147], [-80.32072071731278, 25.782172685688288], [-80.32070771779232, 25.782061686278453], [-80.32069171700049, 25.78194968616381], [-80.32067571800528, 25.781839685529388], [-80.32065971811174, 25.781735685982905], [-80.32063271834755, 25.781555685743477], [-80.32060871805812, 25.78139668500818], [-80.32059271816459, 25.78128668466983], [-80.32057571664953, 25.781177685645826], [-80.32055671728126, 25.78103468524563], [-80.32082871816615, 25.7810606856989], [-80.32090571905735, 25.781072685719508], [-80.32097671830415, 25.781083685939556], [-80.32100871719288, 25.781088685745097], [-80.32104271842638, 25.781093685550427], [-80.32111771787115, 25.781103685969352], [-80.32152871777487, 25.781159685225944], [-80.32185971821099, 25.781208685059337], [-80.32226671791676, 25.781269685682066], [-80.32279471889468, 25.781293685679785], [-80.32389571925972, 25.78138768441075], [-80.32496171946468, 25.78147068531077], [-80.32530171922329, 25.781511685841135], [-80.32674772026816, 25.78154368577173], [-80.3275597200299, 25.78154368577173], [-80.32851971992962, 25.781594685845494], [-80.32875271955812, 25.78159168565143], [-80.32910272026079, 25.78161868658635], [-80.33118372151539, 25.781673685805444], [-80.33301672217453, 25.781583685672835], [-80.33485072176028, 25.781586685058198], [-80.33669172281535, 25.78157068509978], [-80.33677772213075, 25.781569685304536], [-80.33933072428675, 25.781555684934585], [-80.34359072580689, 25.781589684443492], [-80.3496117262195, 25.781604685413285], [-80.35271972732099, 25.781613684376463], [-80.35274272778553, 25.7814086849948], [-80.35276572735174, 25.781220685064977], [-80.35314772694316, 25.781222685470244], [-80.3531207280773, 25.781407685198186], [-80.35309472723971, 25.78161468498024], [-80.35306872819874, 25.78183268536055], [-80.36438873057227, 25.78187968452178], [-80.36808573185272, 25.78189468464601], [-80.36860473171149, 25.78189668503991], [-80.36868073277779, 25.781887684480417], [-80.36880273207822, 25.781872685164192], [-80.36882673236765, 25.781598685025596], [-80.36892273262711, 25.781069684703343], [-80.3689767330538, 25.7807506843413], [-80.36905173339687, 25.780123683779454], [-80.36918473256794, 25.778996683507362], [-80.36932773178475, 25.778094684225735], [-80.36933773272882, 25.77803268376314], [-80.3693937328053, 25.777673682926558], [-80.36943873211283, 25.777388683043647], [-80.36945273235654, 25.77720968332064], [-80.36947973212072, 25.776875683147015], [-80.36953873077364, 25.776131683182747], [-80.36955673211361, 25.775587682639436], [-80.36954473151974, 25.775369682108312], [-80.36954573224295, 25.775200683491548], [-80.36950773260814, 25.774849682608437], [-80.36946873225007, 25.77437168206602], [-80.36940673232579, 25.77360268278643], [-80.36936673214282, 25.77327768257103], [-80.36935573227217, 25.773191682813135], [-80.36931773173902, 25.772755681444842], [-80.36932973143458, 25.77244668171864], [-80.36927973210418, 25.772226682140538], [-80.36927373135808, 25.772067681845908], [-80.36926873223351, 25.771879681675486], [-80.36917273197406, 25.770732681408912], [-80.36907573099136, 25.76963168145422], [-80.36899773117358, 25.768454681707524], [-80.36649173066985, 25.768593681471646], [-80.3654877312875, 25.768620681319643], [-80.3639907292907, 25.76867168128544], [-80.3634407294698, 25.76868068203852], [-80.3615957309117, 25.76874468153145], [-80.3609917288675, 25.768754681373256], [-80.36092173034395, 25.76776368170954], [-80.36087272994013, 25.767262681260483], [-80.36082072916328, 25.76655468131701], [-80.36075172866799, 25.76580468098708], [-80.3607167294062, 25.76535767992814], [-80.36069772913963, 25.76511768066859], [-80.35919972911454, 25.765170680388387], [-80.35870472864691, 25.765190680673374], [-80.35863872852468, 25.76430668055472], [-80.3589937283519, 25.764292680574933], [-80.3594487286366, 25.76427268013865], [-80.35980372846382, 25.764259680095964], [-80.36062072914673, 25.764225680475445], [-80.36057872931394, 25.763672680045584], [-80.36056572979346, 25.76351067977559], [-80.36051072864356, 25.76280068019963], [-80.36047472955687, 25.762299679838527], [-80.36043772795031, 25.76188267979088], [-80.3604357291988, 25.76185667998968], [-80.36042472932814, 25.761857679141993], [-80.36042372860493, 25.761837679104506], [-80.36041972930529, 25.761781679628847], [-80.36041473018072, 25.76170267937013], [-80.36041072908445, 25.761644679095518], [-80.36039972921378, 25.761553679988495], [-80.36285972968676, 25.761478680245286], [-80.36356372859512, 25.76145667940551], [-80.36471073078756, 25.761423679756263], [-80.36540873074647, 25.761403679645664], [-80.36732373142138, 25.76135267979337], [-80.36841073154272, 25.761304679817187], [-80.37054773197549, 25.761261678844466], [-80.370982733067, 25.76125467907975], [-80.3724687333965, 25.761233678974094], [-80.37415073264627, 25.761198679329105], [-80.374673732703, 25.761191678751647], [-80.3761937333677, 25.761149678514336], [-80.37639873430543, 25.761145679454096], [-80.37837073488177, 25.761117678747336], [-80.38046673530664, 25.761074678515918], [-80.38061773491938, 25.761071679421118], [-80.382181735965, 25.761034678982814], [-80.38335973542463, 25.76102967914136], [-80.3838727345373, 25.761016679552586], [-80.38441573558383, 25.761002679993858], [-80.38455073620135, 25.761003679153355], [-80.38462573654442, 25.761004679930917], [-80.38475773589059, 25.7610056790904], [-80.38492973631804, 25.761006679867943], [-80.38517273689061, 25.761007679027415], [-80.38548773653488, 25.761008678995903], [-80.38618373684398, 25.76100267918482], [-80.38717373688092, 25.760993678658586], [-80.38741373618214, 25.760990678752698], [-80.38857173644858, 25.760995679404836], [-80.39065773862436, 25.76098067906587], [-80.39171273806032, 25.760984678131667], [-80.39276973804444, 25.760988678815398], [-80.39472073960268, 25.760996678564396], [-80.39501673898036, 25.760998678501558], [-80.39531373908129, 25.760999679279163], [-80.39660573834374, 25.760992678689966], [-80.39799073928923, 25.760998678501558], [-80.39805073956367, 25.760997678532977], [-80.39883873993426, 25.760989677975022], [-80.4007907404191, 25.760973678475555], [-80.40140974163361, 25.76096367959633], [-80.40302974185742, 25.76097867831937], [-80.4037237425167, 25.760985678909396], [-80.4060387432247, 25.7609946786272], [-80.40716974282864, 25.760984678940705], [-80.40789574327498, 25.76097867831937], [-80.40873374297598, 25.76097167853797], [-80.40883674290812, 25.760970678569162], [-80.40921274355007, 25.760967677853664], [-80.4098337435161, 25.76096167884954], [-80.4119597440782, 25.76097067776013], [-80.41341274479578, 25.761000678438688], [-80.41418274472471, 25.760933678908422], [-80.4141967449684, 25.76081567844834], [-80.41498574426559, 25.760813677699055], [-80.41491074482084, 25.76095667900501], [-80.41560174510705, 25.760942677821127], [-80.41677574526705, 25.760920677691065], [-80.4168997451156, 25.76093267813026], [-80.41703274518498, 25.76094467856824], [-80.41752374545466, 25.76094167785208], [-80.42088974719731, 25.760926678315332], [-80.42480774751236, 25.760896678427113], [-80.42694374812022, 25.760880678106073], [-80.43286574969696, 25.760903677403896], [-80.43346975084287, 25.760905678151662], [-80.4342407505967, 25.760909678029023], [-80.43595675107998, 25.760911677967652], [-80.43688175171793, 25.760912677936954], [-80.43885275157102, 25.760914678684568], [-80.43892975156392, 25.76091467787553], [-80.440990752727, 25.76091667781408], [-80.44394575456592, 25.760920677691065], [-80.4444947536636, 25.760921677660292], [-80.4469867539236, 25.760924678376956], [-80.44736175384233, 25.760925677537113], [-80.44807875406782, 25.760926677506298], [-80.4489707550938, 25.760927678284506], [-80.44916675491238, 25.760926677506298], [-80.45498375690715, 25.760896676809036], [-80.46424075936608, 25.76086967763129], [-80.4712227621983, 25.760833677909037], [-80.47140276122504, 25.760832676320998], [-80.47304376136526, 25.760838676949717], [-80.47714576270164, 25.760853677306613], [-80.48136876441184, 25.76086867685259], [-80.48359876473103, 25.760876678227742], [-80.48407076473413, 25.76093967710492], [-80.48440876574124, 25.761032677428187], [-80.48626676561645, 25.76102667761831], [-80.49380476721903, 25.761003676726247], [-80.49466476845797, 25.761000676011577], [-80.49722076829207, 25.760992677071894], [-80.49725677007372, 25.760992677071894], [-80.49795176876127, 25.76099067632559], [-80.4980457693709, 25.76099067632559], [-80.49811276931806, 25.76099067632559], [-80.49842276893945, 25.76103467655571], [-80.49839776972341, 25.761234676513585], [-80.49838176982989, 25.761357677194123], [-80.4983677704845, 25.761469676519003], [-80.49843776990639, 25.76145567701369], [-80.49870476897178, 25.761453677084223], [-80.4987627695964, 25.761448676451376], [-80.49892876927775, 25.76141067616546], [-80.49900276979591, 25.761399676548812], [-80.4998327699993, 25.7613836771046], [-80.49994176977924, 25.7613836771046], [-80.5014017701695, 25.7613896760874], [-80.50160576948568, 25.761412676904683], [-80.50176377056775, 25.76142467729415], [-80.50185077060638, 25.76144267666253], [-80.50214277068442, 25.76148567676066], [-80.50218077031926, 25.761483676831705], [-80.5022517713627, 25.761463676731214], [-80.50226576980977, 25.76144967641616], [-80.50230177069308, 25.761371676710993], [-80.50232377043439, 25.761371675901962], [-80.50232877045727, 25.761300676717003], [-80.50230977019069, 25.761255675810027], [-80.50248177061815, 25.761255676619065], [-80.52864977838786, 25.76128467645041], [-80.52888577838942, 25.761277675878016], [-80.52940177787514, 25.761285675607535], [-80.5301667777812, 25.761289675472092], [-80.53154477905402, 25.761282675709033], [-80.53179877859888, 25.76127367682209], [-80.53315577905698, 25.76126967614796], [-80.5346907797903, 25.76124167547044], [-80.53608878025626, 25.761240675503917], [-80.53801878099978, 25.76122767593824], [-80.5392957801936, 25.76123167580476], [-80.53972578126222, 25.761220676171522], [-80.54520778352125, 25.761213675595354], [-80.54557078284608, 25.761208675761438], [-80.54559578296045, 25.76119267548245], [-80.54573678252744, 25.761193676258422], [-80.54576678266467, 25.761209675728242], [-80.54847378390814, 25.761294676111635], [-80.56125578811836, 25.761242675436964], [-80.56138278833997, 25.76122767512921], [-80.5614927870465, 25.76123367573796], [-80.561490788295, 25.761578675847204], [-80.56159178857733, 25.76155567506208], [-80.56159478805208, 25.761533675045605], [-80.56158678765617, 25.76145267550141], [-80.56159978717662, 25.76143867599409], [-80.56223178791161, 25.76142467486705], [-80.56381878852348, 25.761437675220186], [-80.56475778850681, 25.761432675395703], [-80.56568078949495, 25.761437675220186], [-80.5674877893165, 25.76143067546585], [-80.56956679002295, 25.761438675185055], [-80.57143679049202, 25.761429674691875], [-80.57334579131914, 25.76143767602922], [-80.57651579234489, 25.761427675571003], [-80.57764279175089, 25.761438674376024], [-80.57813679239362, 25.761424675676086], [-80.5785007924417, 25.76134467521416], [-80.5785997921759, 25.761334674748117], [-80.57864379345513, 25.761324674281227], [-80.57887879273345, 25.76131067475881], [-80.57917379228624, 25.761307674860934], [-80.57928379368772, 25.76130167425592], [-80.57933179336831, 25.761303674996988], [-80.57934979291166, 25.76131167472475], [-80.57936879317823, 25.761365675300183], [-80.57941979233352, 25.761342675282826], [-80.57942579307965, 25.76131967445198], [-80.57944979336908, 25.761297675200804], [-80.580111793343, 25.76130667489496], [-80.58021579399836, 25.761301675064956], [-80.58045679222616, 25.761352674939165], [-80.58079079483194, 25.761423674902062], [-80.58086079335553, 25.761430674656815], [-80.5840187946857, 25.761436674446273], [-80.58559779490163, 25.76144167427059], [-80.58711679574142, 25.761434674516483], [-80.58748779546218, 25.761450674762862], [-80.58827279545974, 25.761449674798094], [-80.58915279589185, 25.761458674480725], [-80.59048979715676, 25.761447674868524], [-80.59083979606282, 25.761453674657123], [-80.5909157962308, 25.76149267489369], [-80.5909517962158, 25.76156367477287], [-80.5910497961251, 25.761649674865918], [-80.59112979649105, 25.76163967442556], [-80.59119279624024, 25.76158567397475], [-80.59119779716141, 25.761567675437092], [-80.59123779644608, 25.76150867513225], [-80.59127979627887, 25.761464674268765], [-80.59187679685377, 25.761464675077804], [-80.5925767964625, 25.76145467381283], [-80.59497379808457, 25.761445674938923], [-80.59672379800473, 25.76144567412989], [-80.59747979858827, 25.76145167472762], [-80.59918079990126, 25.761442674235425], [-80.6009247990753, 25.761448674024283], [-80.60330379935742, 25.761443674200255], [-80.60500880086836, 25.761450674762862], [-80.60666880037682, 25.76144267504446], [-80.60681080156536, 25.761431674621747], [-80.60750380060308, 25.761446674903727], [-80.61028780183945, 25.76143667363724], [-80.61044480219827, 25.761429673882844], [-80.61103380147894, 25.761437674411155], [-80.6111988022337, 25.76143267458667], [-80.61181980309804, 25.76144167427059], [-80.61403080404895, 25.761442673426394], [-80.61414680260329, 25.761437674411155], [-80.61481380349836, 25.761447674059493], [-80.61649980384442, 25.761444674165077], [-80.6171108037647, 25.76145167391859], [-80.61724480276068, 25.761446674094696], [-80.61777380446182, 25.76145267388334], [-80.61936680492146, 25.761440674305746], [-80.62129080491889, 25.761453673848088], [-80.62147680469172, 25.76144667328566], [-80.62336880580042, 25.761448674024283], [-80.6235148062886, 25.761440673496708], [-80.62428380549431, 25.76144667328566], [-80.62565380637119, 25.761444674165077], [-80.62646080700836, 25.761453674657123], [-80.62672880679695, 25.76143967353185], [-80.6267758057543, 25.76143067384778], [-80.62752780703822, 25.76144267504446], [-80.62776280631653, 25.761440674305746], [-80.62780380722275, 25.761434673707452], [-80.62790180713202, 25.761396675035122], [-80.62813480765884, 25.76138367386847], [-80.62854580756257, 25.761401674052095], [-80.62911880784802, 25.761395673451833], [-80.62928880862566, 25.7613896736603], [-80.63016580778638, 25.76140967458229], [-80.63068280799534, 25.761397673382273], [-80.6308348083313, 25.761388673695016], [-80.63183680806384, 25.761398674156517], [-80.63347380980272, 25.761401674052095], [-80.63363680911102, 25.761395673451833], [-80.63528581054547, 25.761411672894432], [-80.63546580957221, 25.76140267401727], [-80.63748981002706, 25.76141467359871], [-80.63762281009646, 25.761407674652048], [-80.63916681105061, 25.761408673808138], [-80.64080181224135, 25.76142167335399], [-80.64126781060004, 25.761416674337866], [-80.64191781177668, 25.761420673388976], [-80.6420668117396, 25.761409673773258], [-80.64310381163224, 25.761419673423955], [-80.64329681197609, 25.76140867299911], [-80.64539981207366, 25.761400674086907], [-80.64563981137485, 25.76139067362558], [-80.64658881230224, 25.761395673451833], [-80.64681481225806, 25.7613896736603], [-80.64791281314837, 25.76138967446933], [-80.64879181375557, 25.76139767419131], [-80.64896881330758, 25.761393672712323], [-80.64996681374045, 25.761398673347486], [-80.65014981403856, 25.761391673590847], [-80.65103681414335, 25.761399673312685], [-80.65121281387044, 25.761392673556106], [-80.65202281488067, 25.761397673382273], [-80.65219781388454, 25.76138667295539], [-80.65310581570236, 25.761391674399878], [-80.65325981478985, 25.76138467302476], [-80.65417481538206, 25.761394673486603], [-80.65435781388352, 25.76138267390313], [-80.65535181501677, 25.761397673382273], [-80.65563481487398, 25.7613896736603], [-80.65650881455998, 25.76138767292069], [-80.65740081558599, 25.761393672712323], [-80.6577538157634, 25.761392673556106], [-80.6590488162972, 25.761404673138557], [-80.66033581643508, 25.761397673382273], [-80.66148781685375, 25.761398673347486], [-80.66167181697678, 25.761388674504055], [-80.66186181694756, 25.761399673312685], [-80.66229081729297, 25.76140167324306], [-80.66234881701929, 25.76139767419131], [-80.66402481642127, 25.761404673138557], [-80.664200817945, 25.761394674295634], [-80.66464081726275, 25.761393672712323], [-80.66486381864213, 25.761398673347486], [-80.66599181787305, 25.761404673138557], [-80.66654581789193, 25.761392673556106], [-80.66741081825539, 25.761397672573242], [-80.66860981852975, 25.761405673103706], [-80.66907681940829, 25.761400673277876], [-80.66918781883807, 25.761383673059434], [-80.66939081922764, 25.76138467302476], [-80.66945281915193, 25.761365672873083], [-80.66984481968741, 25.761367673613066], [-80.66992081985538, 25.761394672677568], [-80.67009481903435, 25.761385673799115], [-80.67037181994209, 25.761350672580868], [-80.67047481897593, 25.761348673458663], [-80.67050881931114, 25.761343672821397], [-80.67064481975356, 25.76134867264963], [-80.67079381881817, 25.761369672734943], [-80.6709718199917, 25.761369673543978], [-80.67107081972591, 25.76137567252749], [-80.67116481943725, 25.76138767292069], [-80.67163281924239, 25.761392672747075], [-80.67186381922107, 25.76141767349388], [-80.67189781955626, 25.761430673038745], [-80.67193281971636, 25.76143467289842], [-80.67235082019111, 25.76157867342011], [-80.67243782112807, 25.76160067423728], [-80.67263681952306, 25.76166967169895], [-80.67272881958458, 25.761696673121865], [-80.67269282049787, 25.761731673429082], [-80.67261982070293, 25.761802673165324], [-80.67352982037396, 25.762127673250564], [-80.67382582064997, 25.762227673160034], [-80.67395582124462, 25.761985673315298], [-80.67414782086526, 25.761482672822044], [-80.67546082094239, 25.761896671964575], [-80.67625582098569, 25.761975672094206], [-80.6817258226508, 25.762007673248014], [-80.69978082798436, 25.761980672704855], [-80.72817883517494, 25.76199067149843], [-80.74987284296093, 25.76195167142545], [-80.76461184678054, 25.76192667079109], [-80.7664888469223, 25.76192267175702], [-80.7676778480492, 25.761924670869554], [-80.7694938480916, 25.76192667079109], [-80.77046084946065, 25.76192767156087], [-80.77460284918338, 25.761905671613324], [-80.77569585005082, 25.761871671318634], [-80.7781288507596, 25.761890670580303], [-80.79639685652847, 25.761856670281315], [-80.81718386232153, 25.761795670196385], [-80.82032886323293, 25.761782669073423], [-80.82068886218472, 25.7617876696922], [-80.821078864867, 25.761788669654123], [-80.82156586404041, 25.76179767012009], [-80.82239886371853, 25.76180266992921], [-80.82587586489095, 25.761792669501737], [-80.82736586541841, 25.76199367057002], [-80.82763086663061, 25.76134166965391], [-80.82768486526065, 25.76126566981046], [-80.82780186633482, 25.761046669702058], [-80.827857865513, 25.761001669507845], [-80.82812286582687, 25.76078266891248], [-80.82845486518957, 25.76076266950294], [-80.82896486572584, 25.76073367035313], [-80.85698887372092, 25.760624668631078], [-80.85705187436842, 25.760624668631078], [-80.85719987360812, 25.760623668659353], [-80.86282687653039, 25.760588668834536], [-80.8701818787332, 25.760679668681206], [-80.87312787855464, 25.7608896681234], [-80.87312987910278, 25.761385669753945], [-80.87315287956731, 25.766238669210793], [-80.87317887860827, 25.770999671048607], [-80.87317887770995, 25.771041671036688], [-80.87316287871474, 25.776867672334323], [-80.87310387916351, 25.80513267990333], [-80.87309888003895, 25.805381680278394], [-80.87310288023691, 25.805610680193922], [-80.87312587980314, 25.80576867959863], [-80.87318988027553, 25.80616568000367], [-80.87319488029841, 25.81136868093407], [-80.87316887946082, 25.814458682243913], [-80.8732428808773, 25.842082689190605], [-80.87324688017695, 25.843839689408988], [-80.87326788009335, 25.844980689956078], [-80.87329288110602, 25.846298690614326], [-80.8733608808781, 25.850059691826672], [-80.87341388058154, 25.85158069121111], [-80.87339088101533, 25.8517016918932], [-80.87356288144278, 25.86124469348123], [-80.87357488113832, 25.86193169426103], [-80.87358388046086, 25.86242069470256], [-80.87355888124482, 25.868321695562678], [-80.87351288301069, 25.875378697876346], [-80.87360288252405, 25.90830570616246], [-80.8734578827591, 25.92051270979781], [-80.87331888284193, 25.93223671221277], [-80.87327088316135, 25.933728711779192], [-80.87299488387514, 25.950550716551785], [-80.87295988551168, 25.972370721834665], [-80.87293488449899, 25.979438723280378]]]}}, {"type": "Feature", "properties": {"OBJECTID": 3, "ID": 7, "COMMNAME": "Raquel Regalado", "GlobalID": "df27d9ba-31a2-4a7c-ad7e-067cb7bb5f4e", "Shape__Are": 369515636.8222656, "Shape__Len": 124987.98581773852}, "geometry": {"type": "Polygon", "coordinates": [[[-80.13896866422827, 25.753101682694517], [-80.1360696633642, 25.751081681238396], [-80.13526966329802, 25.75058168165423], [-80.13254066141494, 25.748551681110516], [-80.1313696607297, 25.747681681238987], [-80.12476966018382, 25.743218679811935], [-80.10930865431922, 25.73339367735879], [-80.09178264889019, 25.72111467511464], [-80.09184265006296, 25.719804674799523], [-80.09194264962207, 25.717784673931856], [-80.09210264945565, 25.715494673656696], [-80.09237264889407, 25.713234673604227], [-80.09264264923083, 25.711174672744836], [-80.09284264924734, 25.70986467223978], [-80.09303264921815, 25.70875467193688], [-80.09313264967558, 25.707624671544952], [-80.09314264972132, 25.705924670534046], [-80.09324264928044, 25.703644670728053], [-80.09339264906826, 25.701944670341305], [-80.09356264894757, 25.700634670231896], [-80.09373265062351, 25.699504668839147], [-80.09389264955877, 25.698564668942726], [-80.09415264984978, 25.69726466825822], [-80.09441265014077, 25.69615466863815], [-80.09474264985366, 25.694854669163345], [-80.09516264997822, 25.69339466759094], [-80.09557264915873, 25.692114667565985], [-80.09616265006092, 25.690494667314578], [-80.0965826501855, 25.689424666278388], [-80.09719265117917, 25.688014666129313], [-80.09787265069643, 25.68644466662021], [-80.09832265095822, 25.68541466633412], [-80.09886265163169, 25.68422466501539], [-80.0987026500015, 25.68295466498649], [-80.09856265025941, 25.68222466474553], [-80.09834265104969, 25.68094466450546], [-80.09813265098742, 25.679464664745964], [-80.09799265034702, 25.678174663828948], [-80.09779264943217, 25.676114663572303], [-80.09769265077138, 25.674234663648306], [-80.09767264888325, 25.67330466326955], [-80.09772265001028, 25.670674663135888], [-80.0978726497981, 25.668424661910514], [-80.09812265004336, 25.666364661559754], [-80.09843264966476, 25.664314660151785], [-80.09880265045892, 25.662264659936504], [-80.09925265072073, 25.660224658549637], [-80.10014765122145, 25.65731865898663], [-80.12476965748888, 25.65733465866257], [-80.13947066167367, 25.65738465773727], [-80.15560066628656, 25.657336657103645], [-80.15576866741436, 25.65733565707337], [-80.20478968126478, 25.657188656580363], [-80.20597368147052, 25.65718465645425], [-80.2085426817234, 25.657201656179573], [-80.20862268208934, 25.65687565602327], [-80.21177968269632, 25.6423106528611], [-80.21349368352976, 25.634400650112337], [-80.21544768366441, 25.625386648273345], [-80.21643668387647, 25.625386648273345], [-80.21725668223749, 25.618202646913893], [-80.21899668390854, 25.61132664418539], [-80.22634668608848, 25.611330644227998], [-80.24864969234827, 25.615585645732843], [-80.249775693726, 25.615795645165267], [-80.27210169955201, 25.61995864567207], [-80.27851270174861, 25.621441646014315], [-80.2831857028223, 25.62252364612204], [-80.28295270229549, 25.624520647077052], [-80.2824897025132, 25.625192647004084], [-80.28287570230258, 25.625186646016243], [-80.28297570365834, 25.63028664796131], [-80.28298370405425, 25.63033764809587], [-80.28387670400684, 25.630318647270123], [-80.28787870398749, 25.63028364881028], [-80.28798070409472, 25.630283648000354], [-80.2890477041246, 25.630265648233063], [-80.28910470492431, 25.63026664849018], [-80.29109270629247, 25.63022464740313], [-80.29158270583892, 25.630214648067753], [-80.2916097056031, 25.630219648545467], [-80.2916787060984, 25.630219647735547], [-80.29174070602268, 25.6302136478102], [-80.29177970548241, 25.630217648030435], [-80.29250270555568, 25.630197647737834], [-80.29274270575519, 25.63018264792115], [-80.29288670569524, 25.63020064770095], [-80.29288870624337, 25.630427648470775], [-80.29289070679154, 25.630606647143], [-80.29293070607616, 25.631474647631958], [-80.29303270618342, 25.63367864846419], [-80.29303570565816, 25.63375364776284], [-80.29304270533086, 25.6339246493568], [-80.29343570569124, 25.633911649651544], [-80.294698706438, 25.63387064845364], [-80.29702970703951, 25.633805649073896], [-80.29785270757023, 25.63377964882615], [-80.29801170757888, 25.633776648143048], [-80.29802170852292, 25.634166648844865], [-80.2980277074724, 25.6343276484267], [-80.30106270877893, 25.634227648752223], [-80.30119570884831, 25.634226648528283], [-80.30120470906915, 25.63453464826426], [-80.30123470830806, 25.635542649281497], [-80.30126970846815, 25.63634564828836], [-80.30130270897844, 25.63736064916798], [-80.29714070736759, 25.637435649393286], [-80.29699170740467, 25.637440649568603], [-80.29698170735894, 25.63744064875873], [-80.29672070724303, 25.63802864977483], [-80.29645070780461, 25.638527649830866], [-80.29639470682979, 25.638630649704464], [-80.29634470749939, 25.6386316498915], [-80.29631870666181, 25.638630650514326], [-80.29194570606208, 25.638666649953834], [-80.28919270478785, 25.64274065204175], [-80.29004570455747, 25.64324265066208], [-80.2901037051821, 25.643281650774636], [-80.29058870560401, 25.643561652226012], [-80.29060070529957, 25.64395965044564], [-80.2906027058477, 25.644017651402052], [-80.29063370580984, 25.645064652049502], [-80.29110670653618, 25.645051651127847], [-80.29337570721341, 25.64499065189236], [-80.29362170546408, 25.644982651631867], [-80.29551770766905, 25.644936651945713], [-80.29617770709481, 25.644919650472776], [-80.29841370816008, 25.644862651709204], [-80.29918070771598, 25.64484065117041], [-80.30156570874416, 25.64477165155244], [-80.30306070929451, 25.64472865138303], [-80.30413070969743, 25.64469465161477], [-80.30536870943149, 25.644661650353694], [-80.30665071044484, 25.64462765137618], [-80.30725671034224, 25.644610650669048], [-80.30766671042106, 25.644600651728698], [-80.30812271142895, 25.644585650482213], [-80.30824571145259, 25.64458165074337], [-80.30967371115749, 25.64453565090266], [-80.31067171159036, 25.644503650545285], [-80.31173671197041, 25.644485650492335], [-80.31271671196161, 25.644438650476246], [-80.31372071224227, 25.644411650786015], [-80.31473271291888, 25.64438065053426], [-80.31523171268616, 25.64438265081198], [-80.31574171322241, 25.644350650413582], [-80.31776771422538, 25.644311650650344], [-80.31860171372844, 25.644276650623556], [-80.31864671393427, 25.644274651963716], [-80.32032171440967, 25.64422165021365], [-80.32132171449238, 25.644196649945332], [-80.3218577149679, 25.644175650234192], [-80.3223797143014, 25.64416565044757], [-80.32335971519095, 25.644146650202817], [-80.32390871518693, 25.644124649532035], [-80.32440571440608, 25.644108650514067], [-80.32593571511653, 25.644073651237576], [-80.32695671601395, 25.644047651606435], [-80.32796371666767, 25.644024650775556], [-80.32879971761717, 25.643992651091], [-80.32900271621011, 25.64399765018183], [-80.32963371712019, 25.643971650534134], [-80.33002971695531, 25.644033650432217], [-80.33046371732358, 25.643998649514074], [-80.33207071802693, 25.643921650697354], [-80.33411371874836, 25.643855650168078], [-80.33337671843138, 25.645487650928867], [-80.3333207183549, 25.64561165073737], [-80.33288171796374, 25.64657565091493], [-80.33272271795508, 25.64688465210938], [-80.33260271740616, 25.647133650429843], [-80.33238971786913, 25.64765765246052], [-80.33155171726985, 25.64945265186717], [-80.33063371720289, 25.651378652666924], [-80.3289037164759, 25.655159653930536], [-80.32839771703594, 25.65624165374926], [-80.32707171653999, 25.658982654276247], [-80.32517271665691, 25.66309465516525], [-80.32362971552767, 25.6664056564513], [-80.3239817158802, 25.66640765635973], [-80.32470371612855, 25.666388656418587], [-80.32473771556542, 25.666387656464217], [-80.32673071695646, 25.66631365738841], [-80.32823971775049, 25.6662656563002], [-80.32875571723622, 25.666249656203064], [-80.33082871809488, 25.666176656188075], [-80.33118271809722, 25.666166656626203], [-80.334897718921, 25.666054655808157], [-80.33555671942015, 25.666036656577766], [-80.33600771950687, 25.66602465708933], [-80.3368557192536, 25.6660016556374], [-80.33789072039474, 25.665974655969116], [-80.34092472097804, 25.66587865592947], [-80.3417257208691, 25.665825655680475], [-80.34293172261276, 25.665816656048335], [-80.34289872120418, 25.66392765506819], [-80.34282672123415, 25.66276565496827], [-80.3427957203737, 25.6615826558049], [-80.34280472149284, 25.66140565499746], [-80.34283372090685, 25.6608416542132], [-80.34279772002353, 25.66030965417589], [-80.34277772083036, 25.659747653086978], [-80.34273572099757, 25.65845265408579], [-80.34266972087532, 25.65589165400317], [-80.34263972073808, 25.654722652979384], [-80.3416137198178, 25.654743652453927], [-80.34060172003954, 25.654789652408237], [-80.33953072071003, 25.654803653130163], [-80.33854171959965, 25.654842653513047], [-80.33738271950831, 25.654868653221378], [-80.33632371897606, 25.654885654086524], [-80.33454071854561, 25.65494265292083], [-80.3344697184005, 25.654172652970257], [-80.3344477177609, 25.653433653245493], [-80.33445171885715, 25.652706652201942], [-80.33441571887214, 25.652027651946774], [-80.33441771852198, 25.651765652311806], [-80.33440671865131, 25.65127665253894], [-80.33640472006522, 25.651191652905524], [-80.33847072035286, 25.651144651481715], [-80.34048172038894, 25.65104265196346], [-80.34150672148431, 25.651030651776235], [-80.34194172077918, 25.651025652170247], [-80.34251472106463, 25.65098565207561], [-80.34352272154325, 25.65095465191207], [-80.3445327216717, 25.65091465179364], [-80.34603472189472, 25.65087765191508], [-80.34696472165724, 25.650834651516544], [-80.34774372270533, 25.650815650714044], [-80.34821172251047, 25.65085865192922], [-80.34908372254665, 25.650802651228723], [-80.35003272437235, 25.65074865229254], [-80.35059172351579, 25.65075165173921], [-80.35054272401031, 25.649612651791575], [-80.35053972363725, 25.649537651119847], [-80.35053672326421, 25.649477651844194], [-80.35051172314985, 25.648884651657998], [-80.35051472352289, 25.64808665170373], [-80.35049172305835, 25.64722365109992], [-80.35046972331706, 25.64666465188612], [-80.35046072309622, 25.646430650364266], [-80.35042672276103, 25.645186650413656], [-80.35034672239509, 25.643439649771267], [-80.35027772279811, 25.641579649807976], [-80.35025272358207, 25.639744648791865], [-80.35020372317827, 25.638926648822938], [-80.35016772319327, 25.63811664882932], [-80.35011972351268, 25.63699264874031], [-80.35011372276658, 25.636082648032396], [-80.35007972153308, 25.635130647506124], [-80.35004472227129, 25.63421464827005], [-80.35000572281156, 25.633308647563183], [-80.34996272225553, 25.632393647547584], [-80.34990772200395, 25.63144564775482], [-80.34984772262781, 25.631263646354252], [-80.34981872231549, 25.6311746468589], [-80.3507687230678, 25.631146646348732], [-80.35108872273494, 25.631136647900487], [-80.35191072344072, 25.63110364694091], [-80.35204972335791, 25.631098647310132], [-80.35242572310152, 25.631191647049736], [-80.35432772425598, 25.632333646133212], [-80.35507372479377, 25.63278164743496], [-80.35614872432124, 25.633427647531498], [-80.35626472377388, 25.633497647457464], [-80.35732572485426, 25.63413364791278], [-80.35786272515469, 25.634455646948346], [-80.3581367256894, 25.634620647833028], [-80.35824572546935, 25.634685647579005], [-80.35864772605055, 25.634927647144494], [-80.3586867255103, 25.63495064729856], [-80.3598217244139, 25.63563264735318], [-80.36055072613159, 25.635649647719223], [-80.36131772568747, 25.6356156477946], [-80.36168172663386, 25.635599647636166], [-80.36222472588376, 25.63565364775736], [-80.36276272690743, 25.635996647896903], [-80.36371172603819, 25.636734648494727], [-80.36550972743555, 25.638200648676143], [-80.36571072817532, 25.638323648576602], [-80.36590472744575, 25.638442648405775], [-80.36642172765471, 25.638514648197184], [-80.36677572765703, 25.638488648165033], [-80.36770372776972, 25.638420648303377], [-80.36817172757486, 25.638563648491566], [-80.37415373032438, 25.64092564874615], [-80.37477173081567, 25.64116964895211], [-80.37548273029508, 25.6414456490353], [-80.37597473128797, 25.641731648471684], [-80.37615672996452, 25.64194164890709], [-80.37623673122879, 25.6424316490261], [-80.37634473028551, 25.642413650280346], [-80.37712672991, 25.6422836494501], [-80.37772673175625, 25.64223764872371], [-80.37798673025063, 25.64221864898188], [-80.37851273157871, 25.64218064867929], [-80.37911073197851, 25.642125648923198], [-80.37925873211653, 25.642111649953055], [-80.3798067322876, 25.642081650071894], [-80.38008573194686, 25.64206664850879], [-80.38081873206588, 25.642009648382714], [-80.38265773257281, 25.641872649232845], [-80.38281673258146, 25.64186364860339], [-80.38295673232355, 25.64185664829331], [-80.38505273274843, 25.64183964881117], [-80.38533373385414, 25.64183864946085], [-80.38537173348898, 25.642697648711078], [-80.38539873325317, 25.643509650305486], [-80.38560973314036, 25.643493649585405], [-80.3857747338951, 25.64349764936071], [-80.38604573315844, 25.645569649379883], [-80.38619373419476, 25.64653864969093], [-80.386465733283, 25.648407650247616], [-80.38653873397627, 25.64890565054051], [-80.386541733451, 25.64892665022913], [-80.38664173390842, 25.649607650506578], [-80.38726273387444, 25.649435650227815], [-80.39117473524003, 25.64922365063539], [-80.3912577350807, 25.650845651638804], [-80.3912697356746, 25.651089650998106], [-80.39683773635069, 25.650967650571044], [-80.39717273698474, 25.650959650711258], [-80.3973947367426, 25.6509546502925], [-80.39748873825057, 25.650952650934727], [-80.39846173677246, 25.650940651548233], [-80.39876873781745, 25.65457465164211], [-80.39880373887586, 25.655368651742332], [-80.39852173794523, 25.65537465121305], [-80.39766573690426, 25.655407651940497], [-80.3969917372348, 25.655433651525687], [-80.39615173698566, 25.655451651546635], [-80.39534373652357, 25.655470651610788], [-80.39535773586896, 25.655745651774225], [-80.39537973650859, 25.6561696525065], [-80.3955347372176, 25.656223652228018], [-80.3957127365945, 25.656284652198934], [-80.39653273675216, 25.65656865243602], [-80.39656673708734, 25.65656965247273], [-80.39776573646338, 25.656836652256345], [-80.39850473643016, 25.65686865254514], [-80.39909073803271, 25.65684965270366], [-80.3994137371746, 25.656839652359697], [-80.3995757375563, 25.656840652394127], [-80.39969973740486, 25.656840652394127], [-80.40017173740796, 25.656836652256345], [-80.40097973876837, 25.656830652049408], [-80.40259673861912, 25.65672665327312], [-80.40363973925786, 25.656702651611702], [-80.40386573921366, 25.656690651993802], [-80.40456174042107, 25.656653652287122], [-80.40681973943101, 25.656584652212565], [-80.40766473970304, 25.65654065140485], [-80.40801574023062, 25.65653465199278], [-80.40861773993008, 25.656525653278976], [-80.41021674113581, 25.65650365327113], [-80.41090274139916, 25.65649465212575], [-80.41168274137384, 25.656474652187207], [-80.41331574201645, 25.65642065176957], [-80.41482074261252, 25.656367652175636], [-80.41553074226701, 25.656361651135366], [-80.41582374216996, 25.6563596518682], [-80.41582774236792, 25.65733065206342], [-80.41583874313689, 25.65971665277118], [-80.41587074292394, 25.660695652375363], [-80.41587274257377, 25.660748652475313], [-80.41594474344211, 25.66230065224596], [-80.41600274316842, 25.66353765365197], [-80.41610274272753, 25.66646965431419], [-80.41613674306272, 25.667173654448362], [-80.41615774297912, 25.667761654682195], [-80.4162057426597, 25.66833265549922], [-80.41623974299489, 25.669240654908318], [-80.41628874250038, 25.66972965551916], [-80.41633774380249, 25.67038165510263], [-80.4163607433687, 25.67080065521905], [-80.41635974354381, 25.67094865585118], [-80.41635174314789, 25.67274465603284], [-80.41635774299567, 25.673089656211992], [-80.41635974264548, 25.673229655636117], [-80.41637874291207, 25.67426165739775], [-80.41638174328511, 25.674433656687693], [-80.41641174342233, 25.676260657053508], [-80.41644674358243, 25.677006657674333], [-80.41648074391762, 25.6777746569991], [-80.41648874341521, 25.677941657599188], [-80.41652774287498, 25.67881065766677], [-80.41657474362896, 25.679580658006262], [-80.41658574439792, 25.679963657438787], [-80.41657974275351, 25.6811096577629], [-80.41650974333162, 25.682215658255817], [-80.41648274356744, 25.682640658584056], [-80.41650474330876, 25.683548659091873], [-80.41652674394837, 25.684317658962676], [-80.41655474443579, 25.68534365902809], [-80.41515474342168, 25.685390659114525], [-80.41482874300846, 25.6854016592871], [-80.41478974354871, 25.68540265908195], [-80.41423874210625, 25.685420659435593], [-80.41339274380596, 25.68543665938786], [-80.41308474203777, 25.685447659556186], [-80.41289574279018, 25.685453659132403], [-80.41171174168615, 25.685506659558534], [-80.41157674196693, 25.68550965974997], [-80.40905374084649, 25.685575659085142], [-80.40886074140096, 25.68558065967111], [-80.40871374108785, 25.685584658844455], [-80.40725174014948, 25.68565265934269], [-80.40710874093266, 25.685659659510822], [-80.40373573951732, 25.685790658996357], [-80.40079573864536, 25.685885659398316], [-80.40065973910121, 25.68589065997127], [-80.39917573752322, 25.685950659544474], [-80.39813673708245, 25.685992659632507], [-80.39804373809434, 25.68599665960157], [-80.3959017367404, 25.68606666025273], [-80.39391273734395, 25.686154661105498], [-80.39296273659166, 25.686135660264526], [-80.39209173638038, 25.686118658998215], [-80.39158573604207, 25.686121659983783], [-80.39083973730092, 25.686111659666597], [-80.39010773610848, 25.68612965991311], [-80.3893277352355, 25.68613465966628], [-80.38922373547842, 25.686135659454983], [-80.38916373520397, 25.68614366019291], [-80.38894273616934, 25.686171659938033], [-80.38831573545723, 25.686205660024463], [-80.38784373545413, 25.686224660044726], [-80.38779673559846, 25.686226660430158], [-80.3870697344289, 25.686255660753005], [-80.38569773480053, 25.68633066018737], [-80.3845777341689, 25.68639966004625], [-80.38218973366598, 25.68648966022449], [-80.3818867337173, 25.686490660010207], [-80.38058773298552, 25.68653365969321], [-80.37963273221034, 25.68656066118063], [-80.37916173293046, 25.68655666042096], [-80.37790473203148, 25.686615659874057], [-80.3764137316791, 25.686654660374646], [-80.37587773120357, 25.686674660107474], [-80.37447473161306, 25.686721660478316], [-80.37388873090883, 25.686750659871123], [-80.37348173120304, 25.686758660567747], [-80.3729987313293, 25.686768659211538], [-80.37187573032462, 25.68679966139733], [-80.3704737296607, 25.686847661501577], [-80.36988272983191, 25.68686766039246], [-80.36964672983035, 25.686871660332137], [-80.36921372928698, 25.68688666111667], [-80.36878572966482, 25.686902660872036], [-80.36777672936128, 25.68693366059433], [-80.36693972858689, 25.68695266049848], [-80.36674572841814, 25.686957660217104], [-80.36585772848841, 25.686982660426178], [-80.3639277286432, 25.68708066083894], [-80.36244672743825, 25.68713265995134], [-80.36133672685239, 25.687142661801893], [-80.36081072642259, 25.6871706613122], [-80.36074872739663, 25.687173660652192], [-80.36069872806623, 25.687176660801644], [-80.36050372717426, 25.687186661029422], [-80.36020172705045, 25.687206659863385], [-80.35924772699849, 25.68723866090509], [-80.35850472593543, 25.68725366083387], [-80.35802672608453, 25.687281660318085], [-80.35780472632669, 25.687294660683534], [-80.35726872674948, 25.68730166075518], [-80.356840726229, 25.687303661932056], [-80.3566157260981, 25.68731266075129], [-80.35544772668422, 25.687359660870406], [-80.35474172543107, 25.68738466018557], [-80.35467972550678, 25.687387661139248], [-80.35267272477037, 25.68741966132278], [-80.35202172466713, 25.68745466164017], [-80.35168272473341, 25.68747266168375], [-80.35136872581235, 25.68748666099617], [-80.35112572434149, 25.68749866075246], [-80.35077172433917, 25.68748666099617], [-80.349711723982, 25.687516660789385], [-80.34868572396003, 25.687570660883846], [-80.34764672351925, 25.68760666174276], [-80.34565972287432, 25.68764966102292], [-80.34479672395729, 25.68765966121099], [-80.34389572271047, 25.68769666100907], [-80.34169172143224, 25.687775661064567], [-80.34059372144026, 25.687798661552506], [-80.33907872079841, 25.687846661254202], [-80.33901572104922, 25.687850661970543], [-80.33843472036787, 25.687884661577748], [-80.33810572047989, 25.68789366116262], [-80.33755672048389, 25.68790766204463], [-80.33651871986804, 25.68793766173182], [-80.33554971974748, 25.68799466176428], [-80.33444371935957, 25.68805166176946], [-80.33354271990937, 25.688081661420373], [-80.33302771935026, 25.688086661091617], [-80.33146771850257, 25.688120661440994], [-80.33147171870051, 25.68861566171397], [-80.33049271943254, 25.688678661645305], [-80.33019771808311, 25.68889866125981], [-80.32993971834026, 25.68872266273405], [-80.32905871808323, 25.688745662229596], [-80.32780471845564, 25.688768661720697], [-80.32777871671973, 25.688226661515536], [-80.3275067176315, 25.688225661744383], [-80.32662771792262, 25.688248662954955], [-80.32543171712301, 25.688298662016418], [-80.32343571535893, 25.688375662132888], [-80.32158071585678, 25.688428661258957], [-80.3214477157874, 25.68843266195575], [-80.3213697159696, 25.68843466149457], [-80.31939671556836, 25.68845766185525], [-80.3186037151749, 25.688489661751337], [-80.31739071465685, 25.68852466256386], [-80.31717871404642, 25.688523661985677], [-80.3170267146088, 25.68852266221702], [-80.31703671465453, 25.6887706620634], [-80.31710771479963, 25.690328662206444], [-80.31713671331532, 25.69095866310237], [-80.31719371501336, 25.692038663129836], [-80.31720971580519, 25.69235366230489], [-80.31729771477042, 25.694982663440015], [-80.31730771391786, 25.69520566430862], [-80.31726671480828, 25.695205663499138], [-80.31712571524129, 25.695212664724792], [-80.31712571434298, 25.695229663883534], [-80.3171267141679, 25.695271663937476], [-80.31713071436586, 25.69534466474765], [-80.31695871483673, 25.69534666336094], [-80.31682171456936, 25.69534766307231], [-80.31575771401424, 25.69543066418096], [-80.31533671406477, 25.695535662896585], [-80.31437371379198, 25.695645664111467], [-80.31294071406424, 25.695790663901885], [-80.3117357130438, 25.695864664910385], [-80.31149071371973, 25.695934664618772], [-80.31131871329228, 25.695994663989143], [-80.31119771291846, 25.69603866399389], [-80.31100271292479, 25.696046664066593], [-80.30968071262681, 25.69605466413876], [-80.30937271265522, 25.696069662957225], [-80.30784071139664, 25.696143665411295], [-80.30649471170754, 25.69618866425581], [-80.30605371166656, 25.69620366386688], [-80.30583471138347, 25.696214664659752], [-80.30524771175261, 25.696242664465746], [-80.30526471057274, 25.69679766313541], [-80.30529871180624, 25.697730665382245], [-80.30532771122024, 25.69856166503285], [-80.30536171155545, 25.699444664761884], [-80.3053807109237, 25.700286665817018], [-80.3053807109237, 25.700379665030972], [-80.30541371143397, 25.700943665679393], [-80.3054077124845, 25.701019666050446], [-80.30540071191349, 25.701088664683805], [-80.30543771172343, 25.701953665625883], [-80.30545971146472, 25.702483665816086], [-80.3055707117928, 25.703558665895976], [-80.30565271091025, 25.704690665305876], [-80.30570071238748, 25.705972666976265], [-80.30576971288276, 25.707150667689188], [-80.30584871162716, 25.708083667306575], [-80.30589471165791, 25.708986667661353], [-80.30586071222103, 25.70919466779757], [-80.30588871181013, 25.70994266771106], [-80.30593071164292, 25.710817668110373], [-80.30621171185032, 25.710804667885125], [-80.30666971250804, 25.71078866891341], [-80.3067517116255, 25.71078466815842], [-80.30682371249381, 25.710782667376183], [-80.30686771197644, 25.712669668502155], [-80.30689671228875, 25.713941668793357], [-80.30690971091092, 25.714508668574673], [-80.30676371221936, 25.714510669294253], [-80.30662371247729, 25.71451166803533], [-80.306189712109, 25.71451666983409], [-80.30211871073477, 25.714671668836804], [-80.30215271106995, 25.71549666950362], [-80.30221871029387, 25.7168946694947], [-80.30223171071268, 25.717200669465253], [-80.30226071102499, 25.717873669477097], [-80.30228071111645, 25.71833467006222], [-80.30233671119298, 25.7193536701533], [-80.30237471172612, 25.720227670629818], [-80.3023887110715, 25.72070067064109], [-80.30239971004384, 25.721225670796866], [-80.3024177104855, 25.721686670530435], [-80.30243671165039, 25.72213467110859], [-80.30244871224427, 25.722473671313264], [-80.3024667108893, 25.722985671223007], [-80.30248371060775, 25.72366367067046], [-80.30253271101154, 25.724405672640238], [-80.30255471075286, 25.725006671435462], [-80.30259471093584, 25.725905671770796], [-80.30261071082934, 25.726341672755556], [-80.30262971109593, 25.726832671675997], [-80.30266571108093, 25.727775672373408], [-80.30270871073863, 25.728710672571413], [-80.30274471162197, 25.729652673518043], [-80.30276471261176, 25.73035267230866], [-80.30277271121106, 25.730598671945412], [-80.30279971097524, 25.731189672851077], [-80.302816711592, 25.73153667325175], [-80.30284071188144, 25.732465673371053], [-80.30288071116608, 25.733407673697556], [-80.30084371119075, 25.733487674362426], [-80.29980171037694, 25.73352867366067], [-80.29959771016244, 25.73353567344075], [-80.29879071042359, 25.733567672545796], [-80.29673170980863, 25.733653674295756], [-80.29571370928426, 25.7336906735522], [-80.29469470893498, 25.733719674448583], [-80.29379970843425, 25.733771674224393], [-80.2937027092482, 25.733774673199242], [-80.29366270906522, 25.733776674403945], [-80.29306670921356, 25.733796673501605], [-80.29223470846203, 25.733821674391997], [-80.29139670876103, 25.733855674623424], [-80.29059770762146, 25.733877674101574], [-80.2898037083014, 25.733918674074516], [-80.28897070682665, 25.733941673737355], [-80.28851870871166, 25.733957674450146], [-80.28652270694757, 25.734044673685766], [-80.28608070618338, 25.734043674299503], [-80.28485370631995, 25.734043674299503], [-80.28445070591383, 25.734043674299503], [-80.28236770590775, 25.734093674352685], [-80.2813517059315, 25.734121674146706], [-80.28029770542213, 25.73415267451788], [-80.27692470400679, 25.73427867388109], [-80.27636670378996, 25.734284675041994], [-80.27562870364808, 25.734292674161747], [-80.27522470341704, 25.734297674319382], [-80.27464570328381, 25.734319674524944], [-80.27455570287212, 25.734322675913617], [-80.2744477029171, 25.734326674258455], [-80.27363970335333, 25.734357674576163], [-80.27409270219154, 25.735168675264525], [-80.27431770322073, 25.735789675062296], [-80.27438070296994, 25.736588675220844], [-80.27448870292497, 25.738693675853536], [-80.27465670225615, 25.741621676821236], [-80.27471070358114, 25.742517676558705], [-80.2747497039392, 25.743439677424547], [-80.27478970322386, 25.74429367748376], [-80.27484370454884, 25.745188677199604], [-80.27489770317888, 25.74605667733785], [-80.27492270419155, 25.74691167728402], [-80.27276670349222, 25.74696867738531], [-80.27237370313183, 25.74701967694172], [-80.27207870268074, 25.74704267811479], [-80.27084870244427, 25.747035678321115], [-80.26901470285851, 25.74714667812176], [-80.26876270296343, 25.747167678291053], [-80.26853870265745, 25.74718167867157], [-80.26668670173173, 25.74726467840841], [-80.26471570098032, 25.747377678161637], [-80.26264270012167, 25.747448678388384], [-80.26262970060118, 25.747674678246455], [-80.2606476990808, 25.747767678439104], [-80.25857169874742, 25.74787267789049], [-80.25662469918377, 25.747975677901756], [-80.25454269810427, 25.74806267739393], [-80.25457569771622, 25.748909678522814], [-80.25457169841658, 25.749866678899558], [-80.25460469892687, 25.75158867905277], [-80.25463869836373, 25.752471679153615], [-80.254740698471, 25.7533276798883], [-80.2547136978085, 25.754042679608794], [-80.25476069766417, 25.75522867999825], [-80.25480269839527, 25.756038680621703], [-80.25479969712391, 25.756585680974958], [-80.25481469898916, 25.75673468011834], [-80.25483469818232, 25.757253681311095], [-80.25490469850253, 25.758052680331332], [-80.25491469854826, 25.75835268120386], [-80.25493269809161, 25.758842681376546], [-80.25494269813737, 25.759132681219715], [-80.25495369890632, 25.759620681449423], [-80.25497169934799, 25.759901682019596], [-80.25498069867052, 25.760328681486243], [-80.25499769838895, 25.76065668147557], [-80.2550076984347, 25.76102968075943], [-80.25502269940162, 25.761424682148355], [-80.25504869844256, 25.7621906819813], [-80.2550796984047, 25.763005681795114], [-80.2551426981539, 25.764691682992428], [-80.25410269788821, 25.764729683037146], [-80.25312469754682, 25.76475268320733], [-80.25208469728115, 25.764775682564053], [-80.25104369719055, 25.76478468361257], [-80.24952069705114, 25.764862682693366], [-80.24701269599927, 25.764933682984122], [-80.24639069620834, 25.764940683340924], [-80.24624069642053, 25.764942683211654], [-80.24563769509953, 25.764970682207252], [-80.24495269555942, 25.76498768353006], [-80.24475769556575, 25.764998683623276], [-80.2435866948805, 25.765037682695265], [-80.24328969477958, 25.765047682849385], [-80.24291469486084, 25.765059683680423], [-80.24189269413853, 25.765091683193894], [-80.24163069419771, 25.765090682450783], [-80.24088769493126, 25.765119683772365], [-80.24030469370176, 25.765132682911865], [-80.23884769368456, 25.765177683158242], [-80.23882069302206, 25.7644216833889], [-80.23879769345585, 25.76377968231499], [-80.23875969471932, 25.76298868261552], [-80.23871269486368, 25.762378682936095], [-80.2387216941862, 25.762173682685013], [-80.23869769389674, 25.761471682111427], [-80.23867769290693, 25.761125681723776], [-80.23864569311989, 25.760551681999377], [-80.23862069390385, 25.759628682099635], [-80.23860569293693, 25.75870568068818], [-80.23855969380448, 25.7577816810059], [-80.23853669333995, 25.756820682090904], [-80.23849869370513, 25.755908680823914], [-80.23845569225077, 25.754990681337983], [-80.23842269353713, 25.75406668025801], [-80.2383646929125, 25.753318680398497], [-80.23833969189982, 25.752589679814314], [-80.23829669314043, 25.75173767961081], [-80.23827169212775, 25.75115768031775], [-80.23826069315541, 25.750815679223113], [-80.23825769278238, 25.75033167945467], [-80.23820469307893, 25.74945267908167], [-80.23817069274374, 25.748715679277], [-80.23817269239356, 25.74847367940667], [-80.23814669335259, 25.74788968004308], [-80.23813369293381, 25.747566678375073], [-80.23811869286521, 25.747151678547706], [-80.23810369369491, 25.746653678783186], [-80.23808869272797, 25.746286678595535], [-80.23808869272797, 25.746137677673257], [-80.23807069318462, 25.74577767818727], [-80.23805769276584, 25.745495678893374], [-80.23805869348905, 25.74523367853067], [-80.23799569373986, 25.74432767795598], [-80.23798169169953, 25.743416677172263], [-80.23793769401354, 25.74254967648217], [-80.23790469260496, 25.741986677405187], [-80.23790369278004, 25.741749678237724], [-80.237900692407, 25.740736676714125], [-80.23786569314521, 25.740234677000707], [-80.2378586925742, 25.74013467718492], [-80.2378446923305, 25.73993567744681], [-80.23677369300101, 25.74033067778045], [-80.23585169183778, 25.74068267727873], [-80.23538569258078, 25.740843677800566], [-80.23384469199968, 25.74140467717082], [-80.23187369124827, 25.742121677702933], [-80.22987269035963, 25.742853678157363], [-80.22581768977722, 25.744341677862007], [-80.22435668956207, 25.744863677689093], [-80.22178768841086, 25.74582767896778], [-80.22148968758671, 25.74591567851025], [-80.21999668758451, 25.746480678571405], [-80.21992768798754, 25.74650667931153], [-80.21978968789527, 25.746558679156433], [-80.21980768743862, 25.746721678367162], [-80.21981268746148, 25.746760679396093], [-80.21542168552179, 25.748363678493515], [-80.21454668690917, 25.74868967982946], [-80.21363668633984, 25.74906367955036], [-80.21356268582169, 25.749092679931678], [-80.21269668563329, 25.749418680076158], [-80.21170768452292, 25.74977867985641], [-80.21064168521629, 25.750166679413855], [-80.21031168460507, 25.75028768011348], [-80.20987768513513, 25.750463679807766], [-80.20955668474475, 25.750605679766394], [-80.20931368507051, 25.750725679963754], [-80.20895768452006, 25.750919680781564], [-80.20861268473855, 25.751128680440573], [-80.20838868443256, 25.751276680716117], [-80.20605368363309, 25.752882680474805], [-80.206025684044, 25.75285068090727], [-80.20578868421754, 25.7525696806431], [-80.2057516835093, 25.752522679583834], [-80.2056726847649, 25.752439681093534], [-80.2056386835314, 25.752403680433808], [-80.20552168425384, 25.752279680954686], [-80.20496468386192, 25.751555680706723], [-80.2048006838304, 25.751368680466435], [-80.2039706827287, 25.750407679822988], [-80.20363568299292, 25.750549679848564], [-80.2028166826602, 25.749568680184606], [-80.2024726827036, 25.749100679672914], [-80.20232868276356, 25.748879680453555], [-80.20195068247178, 25.748378679617048], [-80.20182968209797, 25.748262679779433], [-80.20179268228804, 25.748289679396017], [-80.20174168223443, 25.748338679044117], [-80.20163868230226, 25.748409679505645], [-80.20124268246714, 25.74875367957964], [-80.20072068223531, 25.749176680019723], [-80.20012668203347, 25.749658680320582], [-80.19975268193966, 25.75004468014838], [-80.19932968234035, 25.75048168083755], [-80.19889068105091, 25.75095167925113], [-80.19885168159115, 25.750993680668042], [-80.19890568201784, 25.75107267996021], [-80.19913168107533, 25.751331680241222], [-80.1991196822781, 25.751361680118567], [-80.1990726815241, 25.751419680561163], [-80.19894068127961, 25.75156268185226], [-80.19877168212352, 25.751647680240943], [-80.19873768178834, 25.7516536797156], [-80.198643682077, 25.751652681286526], [-80.1984256816188, 25.751409680877476], [-80.19802968088538, 25.751827680530674], [-80.19809768155575, 25.75191868061829], [-80.19839368183176, 25.752276680828654], [-80.19819268199029, 25.75243068072735], [-80.19798768195089, 25.75262168187945], [-80.19761968080654, 25.752248681266952], [-80.19744068160472, 25.752429680686625], [-80.19723568156529, 25.752640681002962], [-80.19629068083587, 25.753193681031256], [-80.19619268092659, 25.753252681422147], [-80.19549168149294, 25.75366668094079], [-80.1954206804495, 25.753708681397626], [-80.1946526810687, 25.754165682075683], [-80.19473368036124, 25.754249681812478], [-80.19482368077293, 25.754359681320175], [-80.19496568016484, 25.75457368151215], [-80.1949556810174, 25.75460868149173], [-80.19492268050713, 25.754660681835333], [-80.19480068030839, 25.754797681526874], [-80.19471168061993, 25.75483868156329], [-80.19457268070276, 25.754938681138874], [-80.19438968040467, 25.755091681612978], [-80.19432468010733, 25.75512168215875], [-80.19428268027454, 25.755077681355687], [-80.1942506813858, 25.755085681502912], [-80.19420967958129, 25.755115681241126], [-80.19417768069256, 25.75512368138579], [-80.19408668045595, 25.75517068141573], [-80.19402467963336, 25.75523268168499], [-80.19394468016574, 25.755264682228887], [-80.19374068084956, 25.755373681589603], [-80.19359167998832, 25.75518868173213], [-80.19353568081014, 25.755197681889307], [-80.19341868153259, 25.755254682868923], [-80.19345867991893, 25.755305681295006], [-80.19356968024701, 25.755301681228868], [-80.19360568023201, 25.75531668147618], [-80.19334367939288, 25.755334682579527], [-80.1908086794752, 25.755511682900647], [-80.19079967925435, 25.75659068181261], [-80.19079767960453, 25.756796681998257], [-80.1812536761921, 25.75130768065753], [-80.18052167679632, 25.76312068427158], [-80.1801126765424, 25.76973068566387], [-80.17347167419203, 25.769780686067065], [-80.16231467112681, 25.764354684980248], [-80.15497066879466, 25.764281684461366], [-80.1502706688551, 25.760981684697846], [-80.13896866422827, 25.753101682694517]]]}}, {"type": "Feature", "properties": {"OBJECTID": 4, "ID": 6, "COMMNAME": "Natalie Milian Orbis", "GlobalID": "2c982511-134e-4138-8650-da35da95b41a", "Shape__Are": 115235750.31054688, "Shape__Len": 69746.90410964255}, "geometry": {"type": "Polygon", "coordinates": [[[-80.28206070845602, 25.840962701654995], [-80.28205270806009, 25.84083470138798], [-80.28005870774248, 25.840908701761357], [-80.27805970740197, 25.8409647010517], [-80.27604170589657, 25.84103170062981], [-80.27401370614209, 25.84107870137311], [-80.27402370528951, 25.841280701516823], [-80.27402770548746, 25.841376702176643], [-80.27404070590626, 25.841643701656725], [-80.27404370538099, 25.841682702193477], [-80.27404670575405, 25.841718701620284], [-80.2740717058684, 25.842020701994894], [-80.27412270682034, 25.842885702236035], [-80.27418570567123, 25.84380770226051], [-80.27423570500162, 25.84470370295762], [-80.27431570626588, 25.84576070292392], [-80.27436270612152, 25.84668870430949], [-80.27441070670044, 25.847632703196687], [-80.27443970611444, 25.848576703442088], [-80.2745217061302, 25.849569703283663], [-80.27457470673195, 25.850528702946256], [-80.27462970698355, 25.85143670382747], [-80.27318070736227, 25.851490704573706], [-80.27259770613277, 25.85151270406224], [-80.2705667051069, 25.8515977051711], [-80.2685327046063, 25.85165170503539], [-80.26648170348894, 25.85168870467367], [-80.26444670316343, 25.851753704621956], [-80.26242370253348, 25.851857704949943], [-80.26086970153361, 25.851913704715546], [-80.26085270181515, 25.850959704248947], [-80.26079970211171, 25.850051703747283], [-80.26045170285549, 25.85005070372152], [-80.26034070162909, 25.850016705265798], [-80.26029470249664, 25.84990370388437], [-80.26026170198638, 25.849148703716825], [-80.26023170274746, 25.848216703682386], [-80.26021270248089, 25.847285703628515], [-80.26016970192487, 25.846375703909295], [-80.26011670222142, 25.84546770297698], [-80.26011470257158, 25.845432703138968], [-80.25981570192253, 25.845482703135367], [-80.2596167017309, 25.845482703135367], [-80.259615701906, 25.845443703042974], [-80.25960070183739, 25.84489070314756], [-80.25956870205033, 25.84368670401207], [-80.25954370283429, 25.842775702388153], [-80.25952770204246, 25.842175701049843], [-80.25952670221753, 25.842140702663237], [-80.25951370179874, 25.84164670194723], [-80.25949970155504, 25.841072701571694], [-80.25949470153216, 25.84086470206935], [-80.2594827018366, 25.840396702054157], [-80.25948870168439, 25.840076702830014], [-80.2594977001086, 25.839547701618287], [-80.25948370166154, 25.839030701894668], [-80.25945770172225, 25.838850701369992], [-80.25937770225461, 25.838301701878432], [-80.25937170150853, 25.838076701006266], [-80.25935070159213, 25.837346700638605], [-80.25932470165284, 25.837188700513288], [-80.25930370083813, 25.836978699569848], [-80.25926170190365, 25.83553870073269], [-80.25925870153063, 25.835462700745175], [-80.25925570115757, 25.835307700172542], [-80.25925370150775, 25.835250700479488], [-80.25923070104321, 25.835222700293958], [-80.259207701477, 25.834822700616346], [-80.259207701477, 25.834423700553096], [-80.2592287013934, 25.834394700822305], [-80.25922670264188, 25.834331699737707], [-80.25921870134766, 25.83386170104745], [-80.25924870148488, 25.833464700501693], [-80.25924570111182, 25.833371700391087], [-80.25918569993905, 25.831049700307698], [-80.25917870116469, 25.830714699651548], [-80.25917770133977, 25.83068069887304], [-80.2591727013169, 25.8304926994812], [-80.25915270032709, 25.82979969924282], [-80.25914370100459, 25.82945369931918], [-80.25913870098171, 25.829285699580392], [-80.25911470069225, 25.82836269858117], [-80.25911270194074, 25.82828169859674], [-80.25908070215371, 25.827134698228427], [-80.25904370054714, 25.82565069798384], [-80.25904170089733, 25.825598698036774], [-80.25904070107242, 25.825542697943835], [-80.25897870114812, 25.823362696495895], [-80.25896270125462, 25.82273369683643], [-80.2589527021072, 25.82237869737383], [-80.25891370174912, 25.821456696968347], [-80.25891170120097, 25.82140269787797], [-80.25889870168051, 25.82116069668043], [-80.25889070128459, 25.821001697318486], [-80.25885170092654, 25.820040696324998], [-80.25884970037839, 25.820000696462944], [-80.25884870055347, 25.819919696417863], [-80.25884470125382, 25.819702696014083], [-80.258835701033, 25.81919369599592], [-80.25882370043912, 25.818780695796878], [-80.25878270132957, 25.817447696278805], [-80.25874069970014, 25.81596469623525], [-80.25873570057557, 25.81578769554363], [-80.25873170037762, 25.81564069519306], [-80.25873470075067, 25.815513696162576], [-80.25876270033976, 25.815126695520078], [-80.25873470075067, 25.81406969609412], [-80.25864470033898, 25.81059969433884], [-80.25864770071202, 25.810365694982206], [-80.25867070027824, 25.809872694648725], [-80.25866470132877, 25.809653693703055], [-80.25866170095573, 25.80956769363827], [-80.25865570020963, 25.80934369351499], [-80.25863270064342, 25.80854369342988], [-80.2585066993484, 25.808548693694856], [-80.25847170008662, 25.807657692961335], [-80.25845270071837, 25.807192693841362], [-80.25843769975143, 25.80618769357873], [-80.25843269972854, 25.806084692333123], [-80.25842870042891, 25.805963692726237], [-80.25840070083981, 25.80594169366669], [-80.25832270012371, 25.805895693120178], [-80.2582947005346, 25.805878692808196], [-80.25827470044312, 25.805877693217923], [-80.25808770084538, 25.805766693355906], [-80.25803870044157, 25.805721693141784], [-80.25799069986269, 25.80569069285854], [-80.25787370058514, 25.80559669317622], [-80.25786769983904, 25.805577693635737], [-80.25785270066874, 25.805561693679817], [-80.25783170075235, 25.805558692474747], [-80.25781370031068, 25.805569693658047], [-80.25752270095585, 25.805359693241794], [-80.25732569951573, 25.805234692894345], [-80.25705570007732, 25.80504069272155], [-80.25694770012227, 25.80497269258581], [-80.25696670038884, 25.804945692925454], [-80.25587069914835, 25.804113692767874], [-80.25583369933844, 25.804112692353968], [-80.25560869920753, 25.80393969340774], [-80.25516969971471, 25.80362069229978], [-80.25491869964453, 25.80342969236118], [-80.25489369953019, 25.803390692162264], [-80.2548676995909, 25.80339369180475], [-80.25454469955072, 25.803160693195846], [-80.25453369878176, 25.803129692242607], [-80.25448269782983, 25.80310069293494], [-80.25446069988514, 25.8030946928263], [-80.25443969907043, 25.803081692994255], [-80.25437669932123, 25.80305769255404], [-80.25340569955085, 25.802300691945106], [-80.25333869870539, 25.80228569197606], [-80.2531986989633, 25.80217069188073], [-80.25300469969285, 25.80204669264451], [-80.25286369922755, 25.801924692525816], [-80.2528496971872, 25.80190069185128], [-80.25281270007224, 25.801858692276674], [-80.25277669829059, 25.80184869199064], [-80.25270469832056, 25.801816691878418], [-80.25246369829615, 25.801652691875336], [-80.25225069786082, 25.80149569227127], [-80.25224569873626, 25.801476692073265], [-80.25221669842395, 25.801427692527593], [-80.25209669787503, 25.80134969079924], [-80.25176469851232, 25.801103692166446], [-80.25123269823476, 25.800811692120533], [-80.25069969813228, 25.800247691523982], [-80.25029669772617, 25.79992869180079], [-80.25002969776246, 25.799691692662435], [-80.24988569782242, 25.79957269228504], [-80.24962469770651, 25.799380691838817], [-80.24948569778932, 25.799265691351003], [-80.24933769765133, 25.79912769158887], [-80.2491306979621, 25.798949691974883], [-80.24902969678145, 25.798889691199633], [-80.24889369723732, 25.798822692036914], [-80.24856469734934, 25.7985576915371], [-80.24845769721922, 25.798497691372194], [-80.24823569746138, 25.79833869151621], [-80.2480906967981, 25.7982126913873], [-80.24788069673582, 25.798069691309806], [-80.24778169789994, 25.79803069096463], [-80.2476676971988, 25.79795469116758], [-80.24720969654108, 25.797597690915477], [-80.24692569685897, 25.797362691293188], [-80.24686869605924, 25.797309691396585], [-80.24616869555219, 25.796731690924773], [-80.24610869617604, 25.796675690933597], [-80.24583569726289, 25.796462690306655], [-80.24562769685042, 25.79628169091222], [-80.2453526964908, 25.79606069138413], [-80.24513869623057, 25.79590069182], [-80.24505669531648, 25.7958486901358], [-80.24502369660284, 25.795837690476528], [-80.24449369597511, 25.795484690648507], [-80.24424369572985, 25.795345690040563], [-80.24418769565335, 25.795318690613456], [-80.2435916958017, 25.795031690092202], [-80.24300669582067, 25.79472668970669], [-80.24288969654313, 25.794652691205293], [-80.24254769533805, 25.794484690632483], [-80.2423336950778, 25.79436469019312], [-80.24229069542011, 25.79434769065352], [-80.24206069616464, 25.794229690261346], [-80.24132969479716, 25.793705689746808], [-80.24067369467102, 25.79321968996851], [-80.24054369497468, 25.793120689994094], [-80.24050569444152, 25.793100690373205], [-80.24014269421836, 25.79290868995873], [-80.23964969340055, 25.792651690029405], [-80.23963569495348, 25.79238469007615], [-80.23962669473265, 25.792187689164738], [-80.23963369440534, 25.79199369109228], [-80.23965269467193, 25.791803690729555], [-80.23970469455045, 25.79154168984916], [-80.23971569531943, 25.791463690512508], [-80.23972369481703, 25.791286689618715], [-80.23970469455045, 25.79065569007213], [-80.23970569437537, 25.790502690150518], [-80.23969869380437, 25.790363690981003], [-80.23969169413166, 25.789731689222585], [-80.23965469522005, 25.788884689802607], [-80.23961869433673, 25.78802469012898], [-80.23957869415376, 25.786855688858807], [-80.23957269430598, 25.78641268765963], [-80.23953569449607, 25.785506688292674], [-80.2395246946254, 25.785079688012647], [-80.23952369390217, 25.784948688709694], [-80.2400316947886, 25.784943688257986], [-80.24201469523557, 25.784759688151368], [-80.24328269510688, 25.78463268757277], [-80.2450086956359, 25.78443768788456], [-80.24517169584253, 25.784427688555596], [-80.24550369610355, 25.784400687451242], [-80.24595469619025, 25.784378687625352], [-80.2464936961405, 25.784404687345617], [-80.24707869791816, 25.784468688063832], [-80.24767269722169, 25.784593687660777], [-80.24839469657172, 25.784783687442925], [-80.24921869692733, 25.78503368745885], [-80.25023469780187, 25.785346687428266], [-80.25135469753519, 25.78566368723242], [-80.25149869837354, 25.785694687091237], [-80.25223169849255, 25.785771688036217], [-80.25239769817392, 25.785789688565053], [-80.25318369709805, 25.785853688535884], [-80.25346369837885, 25.78587068767555], [-80.2558886986917, 25.786050688646394], [-80.25588769886679, 25.786009688067317], [-80.25588569921696, 25.785944688422298], [-80.25587669989447, 25.785552688663014], [-80.25586869949854, 25.785191688407213], [-80.25586669895038, 25.784783689060674], [-80.25584769958213, 25.784248688938558], [-80.25582769859234, 25.78403468805222], [-80.25581569889678, 25.78337768718611], [-80.25579369915546, 25.782654687109307], [-80.25577069869094, 25.781298687094267], [-80.25576369991654, 25.78081068620681], [-80.25571669826425, 25.778940686465347], [-80.25569569924617, 25.778254686783278], [-80.25566269873589, 25.777572685686014], [-80.25564469919254, 25.77687668540861], [-80.25559869826348, 25.776183685423813], [-80.25557669852216, 25.775453685447722], [-80.25554169836207, 25.774592684801885], [-80.25553269814122, 25.77394768496575], [-80.25551069839993, 25.773241684993945], [-80.25548869865861, 25.772547684131446], [-80.2554596983463, 25.771838684288134], [-80.25544969830057, 25.771360684560133], [-80.25483469728401, 25.77138168449215], [-80.25485169879907, 25.771839684974346], [-80.25456269819577, 25.77183968416539], [-80.25417169838352, 25.77185768357242], [-80.25415369794186, 25.771444685074876], [-80.25415269901525, 25.771407684633967], [-80.25445469913903, 25.77139268399279], [-80.25444869839293, 25.771140684586673], [-80.25445069894108, 25.771038684328218], [-80.25441369823285, 25.770082683783137], [-80.25519569785735, 25.770072683244248], [-80.2553676982848, 25.770030683722204], [-80.25533669922098, 25.76953868463173], [-80.25532269807896, 25.769170684077377], [-80.25531369785813, 25.768872684458685], [-80.25528769881716, 25.768205683876495], [-80.25525769867994, 25.767675683794128], [-80.2552546983069, 25.76747768318972], [-80.25522369834476, 25.76691868302662], [-80.255184698885, 25.76609768301755], [-80.25517269829112, 25.765568683160684], [-80.2551426981539, 25.764691682992428], [-80.2550796984047, 25.763005681795114], [-80.25504869844256, 25.7621906819813], [-80.25502269940162, 25.761424682148355], [-80.2550076984347, 25.76102968075943], [-80.25499769838895, 25.76065668147557], [-80.25498069867052, 25.760328681486243], [-80.25497169934799, 25.759901682019596], [-80.25495369890632, 25.759620681449423], [-80.25494269813737, 25.759132681219715], [-80.25493269809161, 25.758842681376546], [-80.25491469854826, 25.75835268120386], [-80.25490469850253, 25.758052680331332], [-80.25483469818232, 25.757253681311095], [-80.25481469898916, 25.75673468011834], [-80.25479969712391, 25.756585680974958], [-80.25480269839527, 25.756038680621703], [-80.25476069766417, 25.75522867999825], [-80.2547136978085, 25.754042679608794], [-80.254740698471, 25.7533276798883], [-80.25463869836373, 25.752471679153615], [-80.25460469892687, 25.75158867905277], [-80.25457169841658, 25.749866678899558], [-80.25457569771622, 25.748909678522814], [-80.25454269810427, 25.74806267739393], [-80.25662469918377, 25.747975677901756], [-80.25857169874742, 25.74787267789049], [-80.2606476990808, 25.747767678439104], [-80.26262970060118, 25.747674678246455], [-80.26264270012167, 25.747448678388384], [-80.26471570098032, 25.747377678161637], [-80.26668670173173, 25.74726467840841], [-80.26853870265745, 25.74718167867157], [-80.26876270296343, 25.747167678291053], [-80.26901470285851, 25.74714667812176], [-80.27084870244427, 25.747035678321115], [-80.27207870268074, 25.74704267811479], [-80.27237370313183, 25.74701967694172], [-80.27276670349222, 25.74696867738531], [-80.27492270419155, 25.74691167728402], [-80.27489770317888, 25.74605667733785], [-80.27484370454884, 25.745188677199604], [-80.27478970322386, 25.74429367748376], [-80.2747497039392, 25.743439677424547], [-80.27471070358114, 25.742517676558705], [-80.27465670225615, 25.741621676821236], [-80.27448870292497, 25.738693675853536], [-80.27438070296994, 25.736588675220844], [-80.27431770322073, 25.735789675062296], [-80.27409270219154, 25.735168675264525], [-80.27363970335333, 25.734357674576163], [-80.2744477029171, 25.734326674258455], [-80.27455570287212, 25.734322675913617], [-80.27464570328381, 25.734319674524944], [-80.27522470341704, 25.734297674319382], [-80.27562870364808, 25.734292674161747], [-80.27636670378996, 25.734284675041994], [-80.27692470400679, 25.73427867388109], [-80.28029770542213, 25.73415267451788], [-80.2813517059315, 25.734121674146706], [-80.28236770590775, 25.734093674352685], [-80.28445070591383, 25.734043674299503], [-80.28485370631995, 25.734043674299503], [-80.28608070618338, 25.734043674299503], [-80.28652270694757, 25.734044673685766], [-80.28851870871166, 25.733957674450146], [-80.28897070682665, 25.733941673737355], [-80.2898037083014, 25.733918674074516], [-80.29059770762146, 25.733877674101574], [-80.29139670876103, 25.733855674623424], [-80.29223470846203, 25.733821674391997], [-80.29306670921356, 25.733796673501605], [-80.29366270906522, 25.733776674403945], [-80.2937027092482, 25.733774673199242], [-80.29379970843425, 25.733771674224393], [-80.29469470893498, 25.733719674448583], [-80.29571370928426, 25.7336906735522], [-80.29673170980863, 25.733653674295756], [-80.29879071042359, 25.733567672545796], [-80.29959771016244, 25.73353567344075], [-80.29980171037694, 25.73352867366067], [-80.30084371119075, 25.733487674362426], [-80.30288071116608, 25.733407673697556], [-80.30284071188144, 25.732465673371053], [-80.302816711592, 25.73153667325175], [-80.30279971097524, 25.731189672851077], [-80.30277271121106, 25.730598671945412], [-80.30276471261176, 25.73035267230866], [-80.30274471162197, 25.729652673518043], [-80.30270871073863, 25.728710672571413], [-80.30266571108093, 25.727775672373408], [-80.30262971109593, 25.726832671675997], [-80.30261071082934, 25.726341672755556], [-80.30259471093584, 25.725905671770796], [-80.30255471075286, 25.725006671435462], [-80.30253271101154, 25.724405672640238], [-80.30248371060775, 25.72366367067046], [-80.3024667108893, 25.722985671223007], [-80.30244871224427, 25.722473671313264], [-80.30243671165039, 25.72213467110859], [-80.3024177104855, 25.721686670530435], [-80.30239971004384, 25.721225670796866], [-80.3023887110715, 25.72070067064109], [-80.30237471172612, 25.720227670629818], [-80.30233671119298, 25.7193536701533], [-80.30228071111645, 25.71833467006222], [-80.30226071102499, 25.717873669477097], [-80.30223171071268, 25.717200669465253], [-80.30221871029387, 25.7168946694947], [-80.30215271106995, 25.71549666950362], [-80.30211871073477, 25.714671668836804], [-80.306189712109, 25.71451666983409], [-80.30662371247729, 25.71451166803533], [-80.30676371221936, 25.714510669294253], [-80.30690971091092, 25.714508668574673], [-80.30689671228875, 25.713941668793357], [-80.30686771197644, 25.712669668502155], [-80.30682371249381, 25.710782667376183], [-80.3067517116255, 25.71078466815842], [-80.30666971250804, 25.71078866891341], [-80.30621171185032, 25.710804667885125], [-80.30593071164292, 25.710817668110373], [-80.30588871181013, 25.70994266771106], [-80.30586071222103, 25.70919466779757], [-80.30589471165791, 25.708986667661353], [-80.30584871162716, 25.708083667306575], [-80.30576971288276, 25.707150667689188], [-80.30570071238748, 25.705972666976265], [-80.30565271091025, 25.704690665305876], [-80.3055707117928, 25.703558665895976], [-80.30545971146472, 25.702483665816086], [-80.30543771172343, 25.701953665625883], [-80.30540071191349, 25.701088664683805], [-80.3054077124845, 25.701019666050446], [-80.30541371143397, 25.700943665679393], [-80.3053807109237, 25.700379665030972], [-80.3053807109237, 25.700286665817018], [-80.30536171155545, 25.699444664761884], [-80.30532771122024, 25.69856166503285], [-80.30529871180624, 25.697730665382245], [-80.30526471057274, 25.69679766313541], [-80.30524771175261, 25.696242664465746], [-80.30583471138347, 25.696214664659752], [-80.30605371166656, 25.69620366386688], [-80.30649471170754, 25.69618866425581], [-80.30784071139664, 25.696143665411295], [-80.30937271265522, 25.696069662957225], [-80.30968071262681, 25.69605466413876], [-80.31100271292479, 25.696046664066593], [-80.31119771291846, 25.69603866399389], [-80.31131871329228, 25.695994663989143], [-80.31149071371973, 25.695934664618772], [-80.3117357130438, 25.695864664910385], [-80.31294071406424, 25.695790663901885], [-80.31437371379198, 25.695645664111467], [-80.31533671406477, 25.695535662896585], [-80.31575771401424, 25.69543066418096], [-80.31682171456936, 25.69534766307231], [-80.31695871483673, 25.69534666336094], [-80.31713071436586, 25.69534466474765], [-80.3171267141679, 25.695271663937476], [-80.31712571434298, 25.695229663883534], [-80.31712571524129, 25.695212664724792], [-80.31726671480828, 25.695205663499138], [-80.31730771391786, 25.69520566430862], [-80.31729771477042, 25.694982663440015], [-80.31720971580519, 25.69235366230489], [-80.31731171411583, 25.692353663114393], [-80.317464715175, 25.692350663904847], [-80.31748871456612, 25.692341663037734], [-80.31753371387367, 25.69389566371403], [-80.31756671438394, 25.695207663733722], [-80.3185067150905, 25.695207663733722], [-80.31915071552106, 25.695222663468357], [-80.32017371606831, 25.69527366336147], [-80.32133471580948, 25.695297663732166], [-80.32205471550971, 25.695295662689606], [-80.3221097157613, 25.695295663499092], [-80.32373771638103, 25.69525166402928], [-80.32501271682334, 25.695200663317255], [-80.32548571665137, 25.695181663109896], [-80.32632871727355, 25.69516266289951], [-80.32738071813311, 25.695187663814774], [-80.32900971857777, 25.6953366638183], [-80.32942271813131, 25.695385663431022], [-80.3304207185642, 25.695503663274696], [-80.33153771882277, 25.69560866435439], [-80.33260672029908, 25.69564366307475], [-80.33350071917826, 25.695638663720747], [-80.33384771950789, 25.69563566297497], [-80.33384971915771, 25.695697662722363], [-80.33385272042908, 25.695756664123188], [-80.33650272087282, 25.69560066425226], [-80.33782972119369, 25.695505663504278], [-80.33811472159903, 25.695508663443846], [-80.3389777214144, 25.69553066353804], [-80.3394497223158, 25.695577663652077], [-80.33993972096394, 25.695656663336937], [-80.3411817217943, 25.695937662928575], [-80.34161572126425, 25.696011663845727], [-80.34200072212704, 25.696046662447635], [-80.34232072179417, 25.696064662811622], [-80.34253972207729, 25.696051663403466], [-80.34268372291567, 25.69603766266936], [-80.34231272319488, 25.696544662879838], [-80.34158072200246, 25.69791566399357], [-80.34141272177298, 25.698237664050048], [-80.34111872204511, 25.698749663829794], [-80.34061372243004, 25.699388663411494], [-80.34003872069815, 25.70004666466375], [-80.33948072137963, 25.700554664468957], [-80.33939172169117, 25.700642665139103], [-80.33893972088124, 25.701086664548015], [-80.33784672181044, 25.702162665565744], [-80.33827272088446, 25.702144664504825], [-80.33654872090358, 25.703971665625243], [-80.33588472038154, 25.70471066524729], [-80.33527072098653, 25.705590665008405], [-80.33482972004725, 25.70636966604828], [-80.33438671945815, 25.70680466617575], [-80.33440171952675, 25.70710366566885], [-80.33398371905201, 25.70784366730477], [-80.33356171927763, 25.70844866643215], [-80.33329871951189, 25.708836666528107], [-80.33302472077382, 25.709156666990438], [-80.33276172010977, 25.709464666622747], [-80.33233971943706, 25.709898667179747], [-80.32653871823415, 25.715161668637577], [-80.32407371684002, 25.71739366963435], [-80.32120271646332, 25.72026367051544], [-80.32032271692954, 25.72114467048005], [-80.31938371604788, 25.722290671000508], [-80.31905771653297, 25.722797671057002], [-80.31887371551163, 25.723276669847895], [-80.31890171599903, 25.723712671569366], [-80.31885971616624, 25.72438767089779], [-80.31874671618834, 25.725288671595276], [-80.31867671586814, 25.725794670745074], [-80.31866371634766, 25.726002671437666], [-80.31859971587525, 25.72670667170469], [-80.31849371646834, 25.727877671751756], [-80.3185757155858, 25.73175367311585], [-80.31860271714662, 25.73296867292443], [-80.31865071592887, 25.733387672916002], [-80.31871771587602, 25.73381867379989], [-80.31891971644069, 25.73489967347329], [-80.31899571481206, 25.73530367278745], [-80.31922571676246, 25.736155674314833], [-80.31937371690046, 25.73681567486747], [-80.31952271686337, 25.737477674515983], [-80.31963671576788, 25.73827267482545], [-80.31971371665908, 25.73880967532311], [-80.31974571644614, 25.739299675195547], [-80.31975171719223, 25.739374675187655], [-80.3199327169422, 25.744326676228734], [-80.31995071648555, 25.744818676217893], [-80.32006971720955, 25.748120677019983], [-80.32007571705734, 25.748982677164356], [-80.3200797172553, 25.74944967726601], [-80.32009171695086, 25.75093567759011], [-80.32010571719456, 25.752761678373236], [-80.3201087166693, 25.753214678513356], [-80.32013871770484, 25.7541406789929], [-80.32019771725606, 25.75454867851526], [-80.32025771753052, 25.75490767890885], [-80.32034571829239, 25.755288678585778], [-80.32005571696584, 25.755271679110418], [-80.32023171669293, 25.756118678995108], [-80.32055771710618, 25.75749367947753], [-80.32074371687901, 25.758405679089392], [-80.32086571707775, 25.758950679894397], [-80.32090671798396, 25.759300680079498], [-80.32096271716213, 25.759801680151018], [-80.32096271626382, 25.760359679873858], [-80.3208247179682, 25.76134568003402], [-80.3206007185605, 25.76241968035495], [-80.32070271776946, 25.76241268065851], [-80.32087371747367, 25.76240268109145], [-80.32089871758802, 25.76240067955988], [-80.32108971738374, 25.76239068080084], [-80.32147071804857, 25.762369680087094], [-80.3219957177551, 25.762332680053312], [-80.3225667174924, 25.76229168098636], [-80.32379171770602, 25.762231681083133], [-80.32436271834163, 25.762272680979834], [-80.32637271945111, 25.762224680566575], [-80.32793872014656, 25.76218668133807], [-80.33151172068013, 25.76207968086897], [-80.33210672070688, 25.762068680505276], [-80.33281172123681, 25.76205468107059], [-80.33510772167821, 25.762012680329548], [-80.33601072167654, 25.761997680928104], [-80.33617572243129, 25.76199468023856], [-80.33617972262927, 25.7622036806325], [-80.33714572237677, 25.7621816807361], [-80.33755072243274, 25.762158680876823], [-80.33816672237587, 25.762146679752522], [-80.33890672216761, 25.762143679875773], [-80.33945772271171, 25.762120680009136], [-80.34035372303737, 25.762107679730793], [-80.34206272384795, 25.762067680545712], [-80.34255672359235, 25.762062679938726], [-80.3434677230883, 25.762041679975994], [-80.34417872526262, 25.762038680096584], [-80.34418472511041, 25.762113680295062], [-80.34418972423498, 25.762187680487603], [-80.34423272479097, 25.7627686800686], [-80.34427072442583, 25.76346167991506], [-80.34431172443371, 25.763784680422596], [-80.34432672450232, 25.764245680919647], [-80.34432772342892, 25.76426568136048], [-80.34436272448731, 25.764851680969524], [-80.34436772451019, 25.765090680832767], [-80.34439772374913, 25.76567968181972], [-80.3443877246017, 25.766469681463786], [-80.34436772451019, 25.76745268129216], [-80.3444077255915, 25.769335681980753], [-80.34256372506168, 25.769393680924512], [-80.34174572365555, 25.769419683119825], [-80.3412357231193, 25.769436682187433], [-80.33905372337901, 25.769530682222467], [-80.33905772357697, 25.769658681875065], [-80.33906272270151, 25.76983068240432], [-80.33907572312032, 25.77024068199274], [-80.33908772281588, 25.770629682530284], [-80.33911372365345, 25.77089868349763], [-80.33921972395868, 25.77131968294865], [-80.33929472340343, 25.771618682773916], [-80.33959872407534, 25.772126683374154], [-80.33980972396256, 25.77241668312394], [-80.33994272313362, 25.772561682328586], [-80.34019372320378, 25.772804683131305], [-80.34061772352632, 25.773119683551094], [-80.34048372453032, 25.77336068348229], [-80.34012072430717, 25.773949683066814], [-80.3398787226612, 25.77444268313991], [-80.33986372349091, 25.774683682810927], [-80.33992372376537, 25.77591368446007], [-80.33992072339232, 25.77735968391126], [-80.33877472371975, 25.77740168407501], [-80.33872572331595, 25.777803683965598], [-80.33843772343585, 25.77813268402355], [-80.33814772300764, 25.778357683896814], [-80.33808072306049, 25.778315684880422], [-80.33784972218348, 25.778205684111885], [-80.33775372282231, 25.77819268397755], [-80.33670872253377, 25.778172684265897], [-80.3366747221986, 25.77955668483011], [-80.33667472399523, 25.780028685047547], [-80.3366747221986, 25.780535685428955], [-80.33667872329487, 25.780841684907323], [-80.3366957230133, 25.78123568446364], [-80.33669172281535, 25.78157068509978], [-80.33485072176028, 25.781586685058198], [-80.33301672217453, 25.781583685672835], [-80.33118372151539, 25.781673685805444], [-80.32910272026079, 25.78161868658635], [-80.32875271955812, 25.78159168565143], [-80.32851971992962, 25.781594685845494], [-80.3275597200299, 25.78154368577173], [-80.32674772026816, 25.78154368577173], [-80.32530171922329, 25.781511685841135], [-80.32496171946468, 25.78147068531077], [-80.32389571925972, 25.78138768441075], [-80.32279471889468, 25.781293685679785], [-80.32226671791676, 25.781269685682066], [-80.32185971821099, 25.781208685059337], [-80.32152871777487, 25.781159685225944], [-80.32111771787115, 25.781103685969352], [-80.32104271842638, 25.781093685550427], [-80.32100871719288, 25.781088685745097], [-80.32097671830415, 25.781083685939556], [-80.32090571905735, 25.781072685719508], [-80.32082871816615, 25.7810606856989], [-80.32055671728126, 25.78103468524563], [-80.32057571664953, 25.781177685645826], [-80.32059271816459, 25.78128668466983], [-80.32060871805812, 25.78139668500818], [-80.32063271834755, 25.781555685743477], [-80.32065971811174, 25.781735685982905], [-80.32067571800528, 25.781839685529388], [-80.32069171700049, 25.78194968616381], [-80.32070771779232, 25.782061686278453], [-80.32072071731278, 25.782172685688288], [-80.32073571827972, 25.782283685803147], [-80.3207497176251, 25.782393685216935], [-80.3207627180439, 25.78250868589218], [-80.32077371791455, 25.782618685906193], [-80.32060671750997, 25.782619685692598], [-80.32053871773792, 25.78262068709678], [-80.32052171801948, 25.782620685479], [-80.32051071725051, 25.782620685479], [-80.32040471784362, 25.78262168526539], [-80.32038471775212, 25.782621686074275], [-80.3203197174548, 25.78262268586066], [-80.3203547176149, 25.7829006860056], [-80.3204307186812, 25.78318868574212], [-80.32049271860548, 25.783426686103258], [-80.32053371771504, 25.78358168581317], [-80.32062771742638, 25.783934686296128], [-80.32067471818036, 25.78411568593467], [-80.32072271786093, 25.78429668610587], [-80.32077771811251, 25.78429668610587], [-80.32091171800681, 25.78429668610587], [-80.32095371783961, 25.784861686320262], [-80.32096871790823, 25.785398686438683], [-80.32097771812907, 25.785674686217828], [-80.32104171860146, 25.787145686576633], [-80.32105971724653, 25.78785768718654], [-80.32107171873871, 25.788311687390596], [-80.32108771863223, 25.793197688543444], [-80.32109271865511, 25.794389688845552], [-80.3210727176653, 25.797015689143986], [-80.32109771867799, 25.797356689276484], [-80.32097971867721, 25.799671690106283], [-80.32090471833413, 25.80063269054848], [-80.3209377188444, 25.8027796911444], [-80.32105571884519, 25.805725692316834], [-80.32109271955342, 25.806787691320867], [-80.32111871949269, 25.807083691136576], [-80.32126471908255, 25.80898469286012], [-80.32127171875526, 25.80921869251836], [-80.32127571895322, 25.809328692820092], [-80.32127771860304, 25.809496692569176], [-80.32128071897607, 25.809744693111206], [-80.32127971915116, 25.810278692646335], [-80.32129371849655, 25.81069869265226], [-80.32132571918193, 25.811674693022947], [-80.32133371867953, 25.811908693028702], [-80.32134171907543, 25.812147693493984], [-80.32135371877102, 25.812317693169405], [-80.32136271899184, 25.81245369386625], [-80.32140171934991, 25.813016693442744], [-80.32147971916771, 25.816077694445976], [-80.32148971921345, 25.816486693938494], [-80.32154771804146, 25.818749694887767], [-80.32155172003604, 25.818929695253544], [-80.32156471865821, 25.819431695223447], [-80.32157371977736, 25.81975869563465], [-80.32158671929784, 25.82030469539918], [-80.321548719663, 25.823510695597182], [-80.32155371968587, 25.82363469662496], [-80.32157171922921, 25.824120696179794], [-80.32157571852886, 25.824383696426374], [-80.32159371986884, 25.825432696529028], [-80.32163071967877, 25.82621369708351], [-80.32168671975525, 25.82803469665491], [-80.3217037194737, 25.828245697507768], [-80.32171071914638, 25.82840369744411], [-80.32173171996111, 25.82963169756941], [-80.3218317195202, 25.833470698263266], [-80.32193371962745, 25.83753470046169], [-80.32195372061727, 25.838187699689723], [-80.32198272003127, 25.838761699509174], [-80.3220127201685, 25.839828700329647], [-80.32209572000917, 25.840740700497328], [-80.32104371914961, 25.840746700315577], [-80.32043271922934, 25.840724700441495], [-80.31975871955987, 25.840731700365126], [-80.31967371917105, 25.84071570111658], [-80.3189447183517, 25.840727700755316], [-80.31810371917597, 25.840723700336873], [-80.31816371945041, 25.840427699719758], [-80.31694171871153, 25.840124699211426], [-80.3158407183465, 25.83998170041771], [-80.3150327178844, 25.83994870079592], [-80.31501171796802, 25.83994870079592], [-80.31438071795625, 25.839965700259235], [-80.31409371700276, 25.83997370033874], [-80.31090671536028, 25.839961700623526], [-80.3102607161782, 25.839958701098784], [-80.31005371648897, 25.839958700290286], [-80.30990871672401, 25.839957700987682], [-80.30863971612948, 25.839960700512457], [-80.30754571543712, 25.839994700241693], [-80.30721571572425, 25.84000470054066], [-80.3066777164972, 25.840079700734773], [-80.30650271569672, 25.840103700948553], [-80.30528271550598, 25.840403701997193], [-80.30507671474335, 25.84045870061121], [-80.3046657148396, 25.8401567002917], [-80.3046027141921, 25.840097700289192], [-80.30457971462589, 25.840047700442167], [-80.30465371514406, 25.839940699906222], [-80.30464071562356, 25.83993070121884], [-80.30449471513539, 25.8399807011153], [-80.30431371538542, 25.840043700809233], [-80.30425171546112, 25.840065700809948], [-80.30422271514882, 25.840043700809233], [-80.30414671408252, 25.839957700987682], [-80.30409171472925, 25.83999070060696], [-80.30398671424896, 25.84005470040585], [-80.3037437145747, 25.840206700901156], [-80.30394871461412, 25.840364700230303], [-80.30442971483807, 25.84063070108043], [-80.30343271333177, 25.840896701332486], [-80.30290471415047, 25.84099470170011], [-80.30212071397784, 25.841094701381063], [-80.3016757128406, 25.841151700684375], [-80.30100871374214, 25.841167700682455], [-80.29809671335758, 25.841236701154685], [-80.29749871295778, 25.841249701649254], [-80.29674371219915, 25.841285702016307], [-80.29668971267077, 25.84128570120782], [-80.2960137133515, 25.841289701607256], [-80.29545071221347, 25.841279700608414], [-80.29534171243353, 25.841277701217034], [-80.29461271161416, 25.841164701188283], [-80.29418171251726, 25.84107470177503], [-80.29404571207482, 25.841045701248813], [-80.29268971144165, 25.84071970153529], [-80.29187371058364, 25.840607701079172], [-80.29123871127223, 25.84056470218969], [-80.2899567102589, 25.840587701390813], [-80.29003571079994, 25.841171701894368], [-80.29003871117298, 25.8412087015772], [-80.2900757109829, 25.841660701684972], [-80.29008571102865, 25.842590701457844], [-80.29010271074709, 25.84439070215543], [-80.29012071118873, 25.846149702973662], [-80.29014071128024, 25.847164702470312], [-80.29015771010035, 25.8480187034283], [-80.29013671018396, 25.84894270312538], [-80.29016871086932, 25.849934703909224], [-80.29015871082359, 25.850872703452293], [-80.29018171128811, 25.85178070411736], [-80.29019871100655, 25.852754704487396], [-80.28645870917009, 25.8528847047931], [-80.2845017095607, 25.852948704082696], [-80.2825367095554, 25.853023704961863], [-80.28251570874069, 25.852080704653066], [-80.28246270813892, 25.851177703947624], [-80.2824407083976, 25.850246703759097], [-80.28238370849621, 25.84923070400154], [-80.28235170960748, 25.848328703401684], [-80.28232070874702, 25.847415703478827], [-80.28230070865553, 25.84651370278014], [-80.28226870886847, 25.845577701938453], [-80.28221970846468, 25.84469270217633], [-80.282172708609, 25.843775702167832], [-80.28214570794651, 25.84287870324834], [-80.28210370901203, 25.841964701587447], [-80.28209670844102, 25.84155270170176], [-80.28209070769493, 25.84146170167681], [-80.28208870804511, 25.841424702073095], [-80.28206470865398, 25.84102470153242], [-80.28206070845602, 25.840962701654995]]]}}, {"type": "Feature", "properties": {"OBJECTID": 5, "ID": 4, "COMMNAME": "Micky Steinberg", "GlobalID": "7a6058d2-b7e9-47e0-bc73-a335ddc302d6", "Shape__Are": 197940203.15625, "Shape__Len": 86922.32806501485}, "geometry": {"type": "Polygon", "coordinates": [[[-80.06332264716521, 25.974214740340013], [-80.0631726473774, 25.973094740401], [-80.06310264705719, 25.97253473925847], [-80.06303264853362, 25.97178473936336], [-80.06298264740659, 25.971224739252047], [-80.06297264825916, 25.9710347387239], [-80.06294264812193, 25.970474738272276], [-80.06289264789322, 25.969904739401162], [-80.06286264775598, 25.968964738247482], [-80.0628426476645, 25.968024738466195], [-80.06284264676619, 25.967464738222382], [-80.06285264771024, 25.966704739050385], [-80.06299264745233, 25.963884737304102], [-80.06310264795549, 25.96276473673743], [-80.0630326476353, 25.960524736737046], [-80.06307264602164, 25.956754736118047], [-80.06313264719442, 25.953564734719194], [-80.06323264675353, 25.951134733736083], [-80.0634126475769, 25.949074732892864], [-80.06369264795939, 25.94701473316379], [-80.06389264797593, 25.945904733029444], [-80.0640326468197, 25.94515473223311], [-80.06407264790099, 25.94378473202814], [-80.06412264633308, 25.94211473164502], [-80.06418264570921, 25.941184730487358], [-80.06421264764306, 25.940814731328963], [-80.06409264709414, 25.9400647320453], [-80.06385264779296, 25.938944730223753], [-80.0634926461462, 25.93687473003736], [-80.06316264733164, 25.93423472948629], [-80.06301264754381, 25.931954729618], [-80.06297264646254, 25.929474728721516], [-80.06303264583867, 25.927574728121296], [-80.06319264657056, 25.925484727871364], [-80.06348264699879, 25.923214726473272], [-80.06387464573763, 25.92101872688889], [-80.06399264573841, 25.92040472615354], [-80.06425264692773, 25.919284725712775], [-80.06454264735595, 25.918174726089404], [-80.06469264714377, 25.917614725494225], [-80.06485264697734, 25.91706472571127], [-80.06507264618706, 25.91633472534223], [-80.0652156472005, 25.915895724452685], [-80.06534864637156, 25.9154907257881], [-80.06543264693546, 25.915234725004954], [-80.06516964627143, 25.91424072421996], [-80.06491264635348, 25.91321472407561], [-80.0646026467321, 25.911734723903585], [-80.06431264630386, 25.910054723388388], [-80.06412264633308, 25.908744723186373], [-80.06403264592137, 25.90800472363619], [-80.06388264613355, 25.90630472344392], [-80.06378264747275, 25.90460472218566], [-80.06376264558463, 25.90328472146276], [-80.06378264657444, 25.901584721938235], [-80.06388264613355, 25.89970472138858], [-80.06403264592137, 25.898004720385632], [-80.06423264593792, 25.896484720246416], [-80.06440264491891, 25.895374720200955], [-80.06464264601675, 25.8940747208092], [-80.06488264621628, 25.892954719250202], [-80.06509264717687, 25.89211771900542], [-80.06529264539677, 25.8912947188065], [-80.06544264608291, 25.890744718335313], [-80.06549264631163, 25.890564718976343], [-80.06560264681478, 25.89019471853413], [-80.06557264667757, 25.889824718548514], [-80.06550264635737, 25.88889471785423], [-80.06548264536757, 25.888334718073335], [-80.06544264608291, 25.88721471700793], [-80.06543264603717, 25.886654718148094], [-80.06543264693546, 25.885904717000773], [-80.06545264612865, 25.885154717554787], [-80.06547264622013, 25.88441471716074], [-80.06550264545905, 25.88385471714365], [-80.06553264559629, 25.88329471689534], [-80.06559264587072, 25.88254471622712], [-80.06564264609945, 25.881984716231987], [-80.06569264722648, 25.88143471684143], [-80.06572264556708, 25.881244716177463], [-80.06567264623668, 25.88088471650576], [-80.06553264559629, 25.879804715755586], [-80.06538264580846, 25.879064715780977], [-80.06524264606638, 25.87832471521099], [-80.0650826462328, 25.87739471527042], [-80.06495264653645, 25.876464715281475], [-80.06483264598754, 25.875534715244505], [-80.06473264642842, 25.874584714756068], [-80.0646526469608, 25.873654714466685], [-80.06459264488973, 25.872714714173874], [-80.06455264560506, 25.871954713387414], [-80.06454264555933, 25.871204713455057], [-80.11522666018959, 25.872648712984923], [-80.11521066029604, 25.872330713426148], [-80.11506766107925, 25.862083710289276], [-80.11498566016516, 25.856188708236974], [-80.1189086614014, 25.85614670932749], [-80.11891266159935, 25.85593870884951], [-80.11892366147002, 25.855806708713928], [-80.11890766067818, 25.855515709364262], [-80.11885866027438, 25.855276709968283], [-80.11881466169007, 25.85514270831981], [-80.1187966612484, 25.855042709198646], [-80.11878666030435, 25.854647708569182], [-80.11879366177368, 25.85447970822688], [-80.11881266114194, 25.854367707057662], [-80.11881366006854, 25.852260707681125], [-80.11885566079964, 25.851309707634176], [-80.1188876605867, 25.850617707271663], [-80.11882466173581, 25.85037870767647], [-80.11882166136276, 25.850281707023072], [-80.11875666016712, 25.84996970726555], [-80.11875766089034, 25.849670707062362], [-80.1187676609361, 25.849387706606283], [-80.11879166032723, 25.84924570772486], [-80.11880566146924, 25.848990707227557], [-80.11879966072316, 25.84873270687815], [-80.11876966058591, 25.848590707210274], [-80.11875666016712, 25.84852570633187], [-80.11875566124053, 25.847301706839154], [-80.11875966054018, 25.84710670601371], [-80.11877666115693, 25.846346706299563], [-80.11877866080675, 25.84626970672943], [-80.1187956614235, 25.845665705884734], [-80.11881966171295, 25.844851706093827], [-80.11882866103545, 25.84455670536771], [-80.11884266038084, 25.844447705529902], [-80.1188606599242, 25.84414970599469], [-80.11889866045736, 25.84395870513273], [-80.11892866059456, 25.84372670557148], [-80.11894966051096, 25.843568705073167], [-80.11898766014579, 25.84329070579223], [-80.11899366089189, 25.843067704876038], [-80.11898166029802, 25.84263270518182], [-80.11895666108198, 25.842502705734063], [-80.11894466048811, 25.842440705014262], [-80.11894366066319, 25.84240670598798], [-80.11893966046523, 25.842228705124146], [-80.11895366070893, 25.841658704725482], [-80.11896366075467, 25.84160070556924], [-80.1189716611506, 25.84143570477527], [-80.11898466067107, 25.84133770558145], [-80.11897966064821, 25.841062705405445], [-80.1189656604045, 25.840769704332267], [-80.11894466048811, 25.840645704277655], [-80.11890666085327, 25.840422704843466], [-80.11889766063243, 25.840300705450073], [-80.11889966028225, 25.840052705036253], [-80.11891366052595, 25.83989870492842], [-80.11892966131781, 25.839864705171596], [-80.11894866068606, 25.83973170476868], [-80.11898066047311, 25.839599705138884], [-80.11898265922461, 25.839507704305316], [-80.11899166034375, 25.83915170409674], [-80.11899766108988, 25.839059704531813], [-80.11900566058746, 25.838950704480137], [-80.11904766042026, 25.838741704359794], [-80.11906766051175, 25.838686704139107], [-80.11912566023805, 25.838561704203972], [-80.11914166102991, 25.838487704788133], [-80.11914566032955, 25.83840770458095], [-80.11914366067973, 25.83770270385259], [-80.1191426608548, 25.83667870439022], [-80.11915465965207, 25.83611370303533], [-80.11915666109851, 25.836041703993992], [-80.11918066048965, 25.835030703463474], [-80.11922666052041, 25.834851703476385], [-80.11986166073014, 25.834856703439044], [-80.12080766038616, 25.834856704247574], [-80.1208176604319, 25.834581703561803], [-80.12089866062276, 25.83413470308575], [-80.12116366093663, 25.833546703572793], [-80.12119766127181, 25.833493702886003], [-80.12190266090342, 25.83354870309481], [-80.12259566173778, 25.833602703113247], [-80.12271466066515, 25.83146670291086], [-80.12256966179851, 25.826278701325503], [-80.1233716615145, 25.818869699744315], [-80.12324666094271, 25.818873699284154], [-80.12353866191907, 25.81736569984606], [-80.12351466162964, 25.81736169944665], [-80.12357766137883, 25.81701369895258], [-80.12367766093794, 25.81651669917411], [-80.12376766134962, 25.816077698489277], [-80.1239706617392, 25.813988697653244], [-80.12411566150416, 25.813567697656538], [-80.1241256615499, 25.813534697948914], [-80.12419066274556, 25.813319697839805], [-80.12499366138815, 25.81350969767418], [-80.12507066227934, 25.813152697380453], [-80.12514066080291, 25.812766697451504], [-80.12521066202142, 25.81223969780115], [-80.12524866165626, 25.811814697470975], [-80.12527066229589, 25.811355698183647], [-80.12530566065935, 25.811100696912558], [-80.12532966094881, 25.810820698293778], [-80.12532966094881, 25.81057969766742], [-80.12530766210581, 25.81014369709376], [-80.12528966166416, 25.80935669589486], [-80.12528966166416, 25.809081696631445], [-80.12529566151193, 25.808939696294313], [-80.1253216614512, 25.80867669652456], [-80.12535366213656, 25.808545695800284], [-80.12541766171067, 25.80836169593356], [-80.12560966133128, 25.807884696609825], [-80.12572066165937, 25.807639696561626], [-80.12584466150793, 25.80741069652393], [-80.12597866230053, 25.80718269643163], [-80.12608566243065, 25.806969696087336], [-80.12616266152526, 25.806786695781877], [-80.12636966121448, 25.80641769637462], [-80.1264486617555, 25.806277696062104], [-80.12658566202286, 25.806005696507075], [-80.12675666172707, 25.805598695596434], [-80.12691466191082, 25.805194696119653], [-80.12703466245974, 25.804749695506146], [-80.12711266317586, 25.804188695480914], [-80.12713366219394, 25.80399169477711], [-80.1271386613185, 25.80379369575543], [-80.12716266160794, 25.80276669532156], [-80.127129661996, 25.802300695180122], [-80.12712466197311, 25.80207169533813], [-80.12721466238479, 25.80136769462433], [-80.12727666141078, 25.80109069454229], [-80.12734966210401, 25.800864694495036], [-80.12741766187607, 25.800739694258752], [-80.12757266168677, 25.800508693746906], [-80.12771766235004, 25.800379694588592], [-80.12798566213866, 25.800253694203068], [-80.1280456624131, 25.800164694870617], [-80.12852266243908, 25.79992969386756], [-80.12850566182233, 25.8000096941925], [-80.12864066243985, 25.7999466942242], [-80.12896766267801, 25.79977169557434], [-80.12929966293903, 25.799604694620694], [-80.12997966245626, 25.799280694128598], [-80.13004966277647, 25.799246694839372], [-80.13010866322601, 25.799218694228028], [-80.13007966291372, 25.799169693748826], [-80.1321336635058, 25.798143694148457], [-80.13215466342218, 25.798202694028756], [-80.13220066255462, 25.798331693130123], [-80.13497466464356, 25.796850693345647], [-80.13669766479954, 25.79589269280668], [-80.13882966520943, 25.794757692049004], [-80.14088066542845, 25.793602692211863], [-80.141304665751, 25.79338769152512], [-80.14130666629912, 25.79316169215854], [-80.14147166615557, 25.79306969245048], [-80.14148666622417, 25.793088692378454], [-80.14153666555457, 25.79309969229279], [-80.14157866628568, 25.79308569247517], [-80.14247466571301, 25.792600692284058], [-80.14300966636361, 25.792285691830962], [-80.14333566767516, 25.79210769164906], [-80.14345166712782, 25.79210169179277], [-80.14367666636039, 25.79204469152519], [-80.14432966701177, 25.791762691330774], [-80.14463866680826, 25.791640691950892], [-80.14504766706217, 25.7916106917394], [-80.145049666712, 25.79158669221181], [-80.14503966666626, 25.791537691813176], [-80.14500066630819, 25.79150069278627], [-80.14489566762454, 25.791502692209324], [-80.14482866677905, 25.79131069163352], [-80.14477866655035, 25.791114691887724], [-80.14475466715923, 25.79032069164134], [-80.14475866556056, 25.78999169141863], [-80.14477766672545, 25.789824692055237], [-80.14478166692341, 25.78970869146783], [-80.14479566626878, 25.78957169082317], [-80.14481666708349, 25.789467690777165], [-80.14488966777674, 25.789253692028797], [-80.14502766697069, 25.788888691163436], [-80.14508866617174, 25.788726691347883], [-80.14515066699434, 25.78859769069239], [-80.14519466647695, 25.788504690941622], [-80.14523366683501, 25.788423691203636], [-80.14547966688231, 25.788100691438615], [-80.1456686670282, 25.78786469023519], [-80.14572866730266, 25.78774869096583], [-80.14574066699822, 25.78769569081563], [-80.14574566702109, 25.787633690518295], [-80.14574166682313, 25.787472691160325], [-80.14569866716543, 25.787046690428216], [-80.1456676672033, 25.78695669032838], [-80.1456126669517, 25.786831690795392], [-80.14546966683658, 25.786571690568238], [-80.14544766709525, 25.786542691254205], [-80.14519166790055, 25.786113690337164], [-80.14496666687134, 25.78577969015895], [-80.14478366567491, 25.785558689659542], [-80.1446276660393, 25.785353691434064], [-80.14455766661743, 25.785283690183274], [-80.1444086666545, 25.78509869002977], [-80.14424866682093, 25.784901689955667], [-80.14732466723702, 25.785073690227367], [-80.15197666839433, 25.785359690014058], [-80.15204566888961, 25.785362689303934], [-80.1527776691837, 25.78539568957632], [-80.15347066911976, 25.785435688987263], [-80.1606446715726, 25.78585169063532], [-80.16696267298445, 25.7862176900892], [-80.16615667307053, 25.788891691172907], [-80.16584867309894, 25.79004069164733], [-80.16575767286236, 25.79024269150146], [-80.16573967331898, 25.79042269068913], [-80.16571767267938, 25.790499690990636], [-80.16568767254213, 25.79060569118733], [-80.16565667258, 25.79072269142414], [-80.16499167313137, 25.793163691553584], [-80.16496867266683, 25.79324769280573], [-80.1641306711692, 25.796320693450443], [-80.16386767230179, 25.797195692606902], [-80.16325567165828, 25.79937369351425], [-80.16263867278853, 25.801575693156686], [-80.1617426724629, 25.80478369483415], [-80.16112867216958, 25.806969695278617], [-80.16057767162545, 25.8087896960267], [-80.16021367157737, 25.81008069604352], [-80.16009267210187, 25.810507696844926], [-80.16004567134789, 25.810675696539484], [-80.15995067181164, 25.811014696280807], [-80.15939967126751, 25.812971697599725], [-80.15947067141262, 25.81620169840552], [-80.15958267156562, 25.818993698354554], [-80.15959867235745, 25.819635698916915], [-80.15979267252621, 25.822102699780448], [-80.15990567160581, 25.824197699651425], [-80.16006367178956, 25.82691870075757], [-80.16023467239208, 25.828315700872945], [-80.16049967270595, 25.833336701017362], [-80.16067567243304, 25.836771702710436], [-80.16080767267754, 25.839809703855952], [-80.16093767237386, 25.842787705051858], [-80.16110967280132, 25.848436706899513], [-80.16127367283285, 25.853818707637604], [-80.16138267351111, 25.855790708271037], [-80.16177067295031, 25.85577770775802], [-80.16347067443839, 25.85567770755716], [-80.16191167431394, 25.859113708759757], [-80.16174467301103, 25.859480708916543], [-80.16281267376414, 25.85949170913053], [-80.16797567438428, 25.8595747078461], [-80.17120367693296, 25.859720708649572], [-80.17118967579094, 25.859295708250855], [-80.17175367675387, 25.859290709321233], [-80.17571867782291, 25.859163707821736], [-80.17581067788443, 25.859160708783982], [-80.17623367838203, 25.859148708590386], [-80.17693467871399, 25.859158707269795], [-80.17695867720683, 25.859586708804823], [-80.17698967806727, 25.86025470905571], [-80.17701067798367, 25.860529709064046], [-80.17701867837958, 25.8610177080976], [-80.1770196782045, 25.861156708404465], [-80.17703967829598, 25.861366709261723], [-80.17707367773286, 25.861962708915858], [-80.17712467778647, 25.862649709564], [-80.17714967790084, 25.86299170972868], [-80.1771886782589, 25.86402971045086], [-80.17722467824392, 25.8649167099745], [-80.1772806783204, 25.86577471080415], [-80.17729467856411, 25.866237709554387], [-80.17697767837171, 25.86661471069724], [-80.17621167774242, 25.867584711391874], [-80.17598867815965, 25.867858710635822], [-80.17573767719117, 25.86819471104214], [-80.17540367728033, 25.868579711360344], [-80.17469267690264, 25.869462711234252], [-80.17378367705652, 25.870460711921922], [-80.17352867768669, 25.870844712281365], [-80.17314367772224, 25.871317711448583], [-80.17299467775932, 25.871499712352993], [-80.17258867698013, 25.871998711209507], [-80.17228167683349, 25.872371711597435], [-80.17193267685401, 25.87282671169836], [-80.17115267598103, 25.87376771173341], [-80.17029667673668, 25.874819712214684], [-80.1694886762746, 25.87587171302637], [-80.16895667689533, 25.87650771323842], [-80.16873867553882, 25.876736712921076], [-80.16827067483537, 25.877586712823174], [-80.16792267557913, 25.878449713519288], [-80.1678846759443, 25.878522714002564], [-80.16763867589701, 25.87901471463248], [-80.16741367666444, 25.879526713591478], [-80.16736567608555, 25.8796317135031], [-80.16706267523851, 25.880302714513288], [-80.16699367564155, 25.88046471428944], [-80.16676167583796, 25.88101371439272], [-80.1667366757236, 25.881067714556504], [-80.16662867576856, 25.88130271366463], [-80.16654567502957, 25.881505715152187], [-80.16648567565343, 25.881653714237103], [-80.16604967563534, 25.88264571526381], [-80.16623467558327, 25.88270671373594], [-80.16626167534744, 25.88270571479468], [-80.16620467454773, 25.882920715692013], [-80.16613867622212, 25.883401715368542], [-80.16600967545237, 25.883655713810747], [-80.16602867482062, 25.88422671591557], [-80.16605167438685, 25.884674715053603], [-80.1666386758143, 25.884642714709717], [-80.16678367557925, 25.88436071448653], [-80.16686967579298, 25.884301714724344], [-80.16705867593886, 25.88417371450881], [-80.16722867581818, 25.884166714732952], [-80.17005367616413, 25.884048714985237], [-80.17003567662077, 25.883847714924297], [-80.17179967768294, 25.88379071438636], [-80.17182667834544, 25.88402071504149], [-80.17360367713147, 25.883954715320996], [-80.17377767810706, 25.88399071399755], [-80.1749906786251, 25.881374714240135], [-80.176786678576, 25.87748371310559], [-80.17710267894348, 25.87679871262819], [-80.17842267869334, 25.873940712875694], [-80.17846767800086, 25.87393971224376], [-80.1786316789307, 25.87393371168507], [-80.1797786793265, 25.87389571191148], [-80.18071867913476, 25.87386271205565], [-80.18123867971676, 25.873835711946313], [-80.1815796801986, 25.873817711869993], [-80.18179467938545, 25.873808711830808], [-80.18201067929552, 25.873800711615782], [-80.18209967988228, 25.873866712161128], [-80.18222968047695, 25.873987711852774], [-80.18239968035627, 25.874172712150372], [-80.18244668021191, 25.874234712395], [-80.1826636799469, 25.874467712528013], [-80.18274667888926, 25.874534712519345], [-80.18290567979622, 25.874689712594922], [-80.18296868044372, 25.874744712233902], [-80.18358368056197, 25.875353712285523], [-80.18371868028119, 25.8754977125634], [-80.1838536800004, 25.875609712298942], [-80.18393468019126, 25.875690712200278], [-80.18405068054221, 25.875774712278773], [-80.18420268087817, 25.8759217122724], [-80.18422068042153, 25.875959713010758], [-80.18424868001061, 25.875991712474484], [-80.1845216807204, 25.876411712007606], [-80.18459368069043, 25.87649471257958], [-80.18474468030315, 25.876713712669467], [-80.1848096806005, 25.876820713063967], [-80.184991681972, 25.877027712554916], [-80.18504868097509, 25.877109713705448], [-80.18511168162259, 25.87717171321677], [-80.18519068216361, 25.87727971299178], [-80.1853376815784, 25.87752771371786], [-80.18542968074159, 25.877637711943866], [-80.18556068116116, 25.87786271269864], [-80.18569667980698, 25.878069712788168], [-80.18573568106336, 25.878182713105655], [-80.18575868062958, 25.878221712904036], [-80.18579068131493, 25.87824471286199], [-80.18580268101051, 25.87826071349777], [-80.18573068104048, 25.87846571331907], [-80.18571968116983, 25.878507713995518], [-80.1857676817487, 25.878581712610856], [-80.18578968149002, 25.87859571282425], [-80.18580868085829, 25.878637713454474], [-80.18585168141429, 25.878813713277346], [-80.18588968104913, 25.878864712676457], [-80.1859006809198, 25.878889712880987], [-80.18601468162092, 25.878991713208016], [-80.18622768115793, 25.879262713331993], [-80.18628368123443, 25.879357713275972], [-80.18644968091579, 25.87953771274758], [-80.18655968141896, 25.879687713848845], [-80.18660768199784, 25.87978871371253], [-80.18690068100248, 25.880170713304075], [-80.1869336824111, 25.880236713523008], [-80.18706768140707, 25.880428712921553], [-80.18714568122489, 25.880525713888133], [-80.18724268130924, 25.88067971360929], [-80.18730668178168, 25.880798714064493], [-80.18735768183531, 25.880914713489503], [-80.18760768208055, 25.88128471472622], [-80.1876466815403, 25.881353713605353], [-80.18767568185262, 25.881386713792978], [-80.1877806814346, 25.88153471383524], [-80.18792868247091, 25.88176671355008], [-80.18797268195353, 25.88181371426241], [-80.18824368121687, 25.88227971407085], [-80.18841168144635, 25.882522713624777], [-80.18868468215615, 25.882898714776132], [-80.18873968240774, 25.882958714178454], [-80.18885368221056, 25.88313071342764], [-80.18896468343695, 25.883326714371734], [-80.18902168244004, 25.88340771463803], [-80.18913468151965, 25.883596715312695], [-80.18930168282253, 25.883851713883416], [-80.18938168229016, 25.883957714537633], [-80.18946668267897, 25.884089714746565], [-80.18968168276412, 25.884396715463886], [-80.18981568265842, 25.884601714332206], [-80.18999468275858, 25.884902714525108], [-80.19005768250777, 25.884979714789516], [-80.19027268349123, 25.885281714554655], [-80.1903686828524, 25.885444714500316], [-80.19039468279165, 25.885515715249188], [-80.19048468230503, 25.885648715057325], [-80.19057768308976, 25.885738715286095], [-80.19066668277823, 25.885923714957205], [-80.19086368332003, 25.886263715387965], [-80.19090268277976, 25.886350715183983], [-80.1909126828255, 25.8864327147101], [-80.1909336827419, 25.88643071446608], [-80.19109668294853, 25.886424714542013], [-80.19107468320722, 25.886448715044654], [-80.19100568271193, 25.886519715189767], [-80.1908266835101, 25.886515714704654], [-80.19061168252664, 25.88651071531033], [-80.19024568282873, 25.88650371567302], [-80.18908668183906, 25.886555714700663], [-80.18771168183764, 25.88660471536426], [-80.18742368195754, 25.886611714995585], [-80.18631368137167, 25.886651714959076], [-80.1842876821653, 25.886739714992682], [-80.18227267923633, 25.886811715485692], [-80.18025567935247, 25.88688571536295], [-80.17828267895125, 25.88697271470064], [-80.17627867858788, 25.887025714850974], [-80.17574567848541, 25.887038715158685], [-80.17478567858566, 25.887077715265065], [-80.17423367821661, 25.887102716155376], [-80.17329067713702, 25.887141715432442], [-80.17261867711737, 25.88717071515591], [-80.17248767759612, 25.88717671504207], [-80.17238767713867, 25.887185715678918], [-80.17234767695571, 25.887188715621658], [-80.17230067710005, 25.8871927152758], [-80.17187367730278, 25.88812271563897], [-80.17144367713247, 25.889048716358488], [-80.17065267638883, 25.89075571644645], [-80.17045767729347, 25.89068871676827], [-80.17027467699536, 25.890605716474916], [-80.16952667680775, 25.89025571633886], [-80.16944467679198, 25.890218716654047], [-80.1686646768173, 25.889868716178725], [-80.16836567616824, 25.88973471739377], [-80.16833167673137, 25.889721716574776], [-80.16708467587814, 25.889255716235557], [-80.16685967574725, 25.889264715905743], [-80.16625167530171, 25.889289716332925], [-80.16469967574827, 25.88935571549566], [-80.16373067472938, 25.889412716579603], [-80.16362067512453, 25.8897387161535], [-80.16328767414028, 25.8907317168194], [-80.16302967439742, 25.89166671676433], [-80.1627796759488, 25.892589717355172], [-80.16251867403626, 25.893486717194413], [-80.16244067332013, 25.893746717735713], [-80.1616486745482, 25.89636071803796], [-80.1609376741705, 25.89866671903319], [-80.16087167404827, 25.898869718946212], [-80.16059267438901, 25.899769719163018], [-80.16054167433538, 25.899936719335305], [-80.16038767434958, 25.900523719497684], [-80.16030367378568, 25.90077672029016], [-80.16008367457597, 25.90152071990528], [-80.15995467470455, 25.90194271910935], [-80.15974667429208, 25.902621720052856], [-80.1593526741068, 25.90396072001484], [-80.15922767443331, 25.904267720765443], [-80.1588596750856, 25.90557472111362], [-80.15872367374484, 25.906036719411706], [-80.15885067306814, 25.90607572051272], [-80.15897867401297, 25.906115720343994], [-80.15889267469757, 25.9065377208889], [-80.15884967414154, 25.906809720348086], [-80.15884067392072, 25.906881720717855], [-80.15870967350114, 25.90793972070222], [-80.15839767422992, 25.91045172279048], [-80.15830967436638, 25.91116372237208], [-80.15806767361873, 25.913118722802132], [-80.15794067339712, 25.91409972359992], [-80.15789367354145, 25.914361722927158], [-80.15781967392161, 25.914713722426807], [-80.15772967440823, 25.915039723202263], [-80.15765967408805, 25.91528172370067], [-80.15760267418663, 25.91546272280058], [-80.15743167358409, 25.916003723538445], [-80.1572426743365, 25.916606722406446], [-80.15678967370167, 25.918048723541318], [-80.15664667268823, 25.918504723968237], [-80.15652267373797, 25.91890172320144], [-80.1561586727916, 25.920061723997875], [-80.1559746735669, 25.920647724763644], [-80.15579667239334, 25.921217724575126], [-80.15482467279806, 25.924308725455052], [-80.15454367348897, 25.9252027250803], [-80.15425267323583, 25.92612872560738], [-80.15390267253315, 25.927245725920955], [-80.15342867288021, 25.928752726559892], [-80.15332567294806, 25.929080726812376], [-80.15304967276354, 25.929954726687864], [-80.15251367318632, 25.931659727531166], [-80.15158167197737, 25.93462472823365], [-80.15153467302002, 25.934769728194766], [-80.1519496722234, 25.93474172817161], [-80.15424667428636, 25.934627727777798], [-80.15472567306385, 25.93461372775018], [-80.15500667327125, 25.93460572761824], [-80.15622967383503, 25.934519728791106], [-80.15829867449571, 25.934476727738303], [-80.16032667514855, 25.934400727586358], [-80.16235067560339, 25.934318727473727], [-80.16440967621836, 25.934265727567606], [-80.1663966768633, 25.934160727805118], [-80.16836967726452, 25.934087727007224], [-80.1703736785262, 25.933973727596307], [-80.1703056769575, 25.93303972707815], [-80.17030367730769, 25.93292772691673], [-80.17029067868553, 25.93221872669947], [-80.17028667758926, 25.931974726761435], [-80.17026667749776, 25.931777725707775], [-80.17020867777146, 25.931219726209303], [-80.1701906782281, 25.930612725546567], [-80.17017767780932, 25.930247726271244], [-80.17018067728404, 25.929822726088826], [-80.17015567716969, 25.92934172661473], [-80.17012967902706, 25.92843672662563], [-80.17011967808298, 25.92805872644005], [-80.17012167773281, 25.9276947267013], [-80.17012267755773, 25.92749072613416], [-80.1700636780065, 25.926628725557908], [-80.17002467764843, 25.925660725690168], [-80.17200267897084, 25.925570725213383], [-80.1723156789653, 25.925557725919813], [-80.17401167935708, 25.925487725224443], [-80.17502967898315, 25.925450725278672], [-80.17535467957146, 25.925432724995158], [-80.17604067983481, 25.92542272546484], [-80.17658167943489, 25.92542272546484], [-80.17722368021563, 25.925507725081115], [-80.17807267978729, 25.925734725438247], [-80.17826867960586, 25.925825725173926], [-80.17856368005695, 25.925982725325117], [-80.17975068063573, 25.926778724967853], [-80.18013368095039, 25.927072725358087], [-80.180184681004, 25.927531724533974], [-80.18021068184159, 25.928248726047972], [-80.18023368050949, 25.928933726789946], [-80.18031568052525, 25.93076772629125], [-80.18031768017508, 25.930807726632747], [-80.18032168127135, 25.930902726278568], [-80.18033568061674, 25.93149672680894], [-80.18034068063962, 25.931681726625083], [-80.18117868123893, 25.93165272572549], [-80.18234168152824, 25.931620726006], [-80.18236568091937, 25.932541727131543], [-80.18321268173952, 25.932507727382873], [-80.18444068232617, 25.93244772732725], [-80.18469868117072, 25.93242872636076], [-80.18640468250658, 25.932352726503478], [-80.18643668229363, 25.93323772695878], [-80.18759668310823, 25.933205726861893], [-80.18848368411133, 25.93318272711508], [-80.18849368325876, 25.933515726980357], [-80.18850168365469, 25.93393972745301], [-80.18850668277923, 25.93418172711882], [-80.18850968315229, 25.93425872753249], [-80.18854068401274, 25.9350397277304], [-80.1885876838684, 25.935941727580776], [-80.1886146836326, 25.936668727391062], [-80.18862168330527, 25.936859727754896], [-80.18865768329029, 25.9377427281017], [-80.18871668373983, 25.938458727982482], [-80.18873468328317, 25.939671728465186], [-80.18876668396854, 25.9405337289428], [-80.18878768298663, 25.941203729233802], [-80.188790684258, 25.94134272962099], [-80.18879468355763, 25.941453728185156], [-80.18875568409788, 25.942136728786604], [-80.18864468376981, 25.942234729148794], [-80.18847268334237, 25.942386728988723], [-80.18812668373596, 25.942702729473623], [-80.18786068269885, 25.942965729079887], [-80.18756768369423, 25.943294729388317], [-80.18730968305304, 25.94364672971708], [-80.18699068321082, 25.94413372997473], [-80.18673768349082, 25.94460273005588], [-80.18623268207914, 25.945573730270564], [-80.18553768339157, 25.94672573010693], [-80.18509968192704, 25.947364730432337], [-80.18496968223069, 25.947489730704824], [-80.18488768311323, 25.947585730636604], [-80.18464268289087, 25.947827730537995], [-80.18440068304152, 25.948078730778096], [-80.18391968281759, 25.94847373134353], [-80.18142568111112, 25.950581731340275], [-80.18056368201901, 25.95128573180479], [-80.17921568178174, 25.952405731761214], [-80.1780946804269, 25.95332373283739], [-80.17741368018643, 25.953884731676055], [-80.17673068029615, 25.954424732948254], [-80.17625768046811, 25.954728732460925], [-80.17531767976155, 25.955343732759452], [-80.17384567877741, 25.956361733318158], [-80.1728366793722, 25.95701473282428], [-80.17149767755915, 25.95781873374214], [-80.16969967795842, 25.958960734189844], [-80.16943267799473, 25.95914073331876], [-80.16911667942387, 25.95933773463893], [-80.1687966779601, 25.959553734645542], [-80.16859567811865, 25.959699733700056], [-80.16814367820703, 25.96003773401364], [-80.16774767837191, 25.96040073324299], [-80.16735767748625, 25.96079673435593], [-80.16708067747682, 25.96111973394247], [-80.16663867761093, 25.96175973436531], [-80.16637067782233, 25.96225073433918], [-80.16602767679234, 25.9628807354911], [-80.16564067717806, 25.96399973427814], [-80.16587767700452, 25.964046735326683], [-80.16623267773006, 25.964157735099352], [-80.16661167784676, 25.964248735031326], [-80.16657367731361, 25.964362735015413], [-80.1665166774122, 25.96453573491489], [-80.16642267770087, 25.96490773516301], [-80.16637167854557, 25.96516473608905], [-80.16631067754788, 25.9655367359637], [-80.1662846776086, 25.965786735739677], [-80.16625967839256, 25.966126736036237], [-80.16625767694612, 25.96620673610574], [-80.16624967834682, 25.96661473601786], [-80.16629567747925, 25.968189736746066], [-80.16647667812755, 25.973583737105287], [-80.1663256776165, 25.97362373743772], [-80.16622967735702, 25.973650738118778], [-80.16598367820805, 25.973717737478946], [-80.16594367802507, 25.973728737538995], [-80.16591267896126, 25.973737738027864], [-80.16572667739179, 25.973787737770124], [-80.16559167767257, 25.9738297376018], [-80.16539467802906, 25.973891737941212], [-80.1651786772207, 25.97388973756606], [-80.1650386774786, 25.97388973756606], [-80.16449067820584, 25.973905738143582], [-80.16284667679427, 25.97395373824794], [-80.16229967644807, 25.973970737792285], [-80.16189367746553, 25.9739817370211], [-80.16067667585124, 25.97401673749712], [-80.16027167579527, 25.97402873892698], [-80.15986267643967, 25.974038737560264], [-80.15863667550283, 25.974069738082754], [-80.15822867507383, 25.974080738917465], [-80.15811967529389, 25.97408373826394], [-80.15779567453048, 25.974091738135982], [-80.15768767547375, 25.974095738071806], [-80.1575866742931, 25.974098738225475], [-80.15743667540359, 25.974102738161058], [-80.15733467529634, 25.97410473772501], [-80.15658067526093, 25.97412473740054], [-80.15632967519078, 25.974132737269798], [-80.15630667472624, 25.974132737269798], [-80.15623767423094, 25.974134737640817], [-80.15621567359133, 25.97413573742253], [-80.1560296747168, 25.974140737946094], [-80.15547367504811, 25.97415573790036], [-80.15528867420187, 25.97416173820456], [-80.15507367411671, 25.97416773770088], [-80.15442867475957, 25.974185737803165], [-80.15421367377608, 25.974191738105834], [-80.1541216746129, 25.97419573803825], [-80.1538486739031, 25.9742067380536], [-80.15375767456482, 25.97421173776657], [-80.1535386742817, 25.974220737410896], [-80.15288367398051, 25.974249737516384], [-80.15266567352229, 25.974259738553613], [-80.15257967420689, 25.974260737526677], [-80.15232467304044, 25.97426373767614], [-80.15223967354994, 25.97426573804493], [-80.1521796741738, 25.974266737825523], [-80.15213967399083, 25.9742667386331], [-80.15211967389935, 25.974267737606112], [-80.15193067375345, 25.97427073856297], [-80.15184067424009, 25.974271737535947], [-80.15174167360756, 25.974273737904596], [-80.15143867365887, 25.97428673828108], [-80.15053067363766, 25.974324738006665], [-80.15022867261555, 25.974338738157495], [-80.15020867342238, 25.974338738157495], [-80.15015167262267, 25.974340738525004], [-80.1501326732544, 25.974341738304965], [-80.1497186720793, 25.97435573845377], [-80.1484786726954, 25.974396738303124], [-80.14806567314184, 25.97441173822474], [-80.14802267258584, 25.974400739036152], [-80.14790567240996, 25.97441173822474], [-80.14786667295022, 25.974412738004094], [-80.14782667276724, 25.974410737637804], [-80.14777967201327, 25.97440873807906], [-80.14764067299441, 25.974402738595032], [-80.14759467206534, 25.97440173800802], [-80.14757267322234, 25.97440073822857], [-80.14691867184774, 25.974429738289672], [-80.14625767169875, 25.974460737901524], [-80.14611767195667, 25.974466738190166], [-80.1459936721081, 25.97447173789208], [-80.145951671377, 25.974473738257338], [-80.14562467203716, 25.974474738036164], [-80.14472567133848, 25.974476738401364], [-80.14447567109322, 25.974498739186036], [-80.14385167165248, 25.974501739329426], [-80.14367767157519, 25.974508737779367], [-80.14350367149791, 25.974515737844033], [-80.14212767167157, 25.97468073832481], [-80.134051668147, 25.974870738616133], [-80.13398466819984, 25.9748727389746], [-80.13386966857213, 25.9748727389746], [-80.13386466854925, 25.97411473958215], [-80.13315566871968, 25.97412473820812], [-80.1304136664178, 25.97423173823148], [-80.12807766669172, 25.97432373903414], [-80.12387666562115, 25.974488738976707], [-80.1238326652402, 25.97455673925276], [-80.12379166433402, 25.97462073876409], [-80.12379066540741, 25.974631738739685], [-80.1237686656661, 25.97489473968519], [-80.12376266581833, 25.97498273844854], [-80.12353704495156, 25.975001122022864], [-80.12326366605105, 25.975024739468605], [-80.12293095971421, 25.975046489803482], [-80.12279366479946, 25.975054739149734], [-80.1225488613081, 25.975071233802634], [-80.12221696974325, 25.97508300577455], [-80.1214935312921, 25.975098285028377], [-80.12124966474362, 25.97509973865707], [-80.1208476641624, 25.97516873916034], [-80.11983166508446, 25.975196739259385], [-80.11957066407025, 25.975201738930267], [-80.1194676641381, 25.97520473905572], [-80.11900266380766, 25.97521673955678], [-80.1180836630175, 25.9752467399965], [-80.11614766332451, 25.975308738781326], [-80.11601566308003, 25.975318739728493], [-80.11529666320473, 25.975322738815013], [-80.11378366221273, 25.975365739484896], [-80.11270766196203, 25.975406738982148], [-80.06394964697901, 25.97678374089791], [-80.06289564736795, 25.97681374013032], [-80.06299264835066, 25.976274740426145], [-80.06305264772679, 25.97589474003536], [-80.06316264733164, 25.975334740111602], [-80.06323064800202, 25.97497574083438], [-80.06335264820076, 25.97440474057661], [-80.06332264716521, 25.974214740340013]]]}}, {"type": "Feature", "properties": {"OBJECTID": 6, "ID": 5, "COMMNAME": "Vicki L. Lopez", "GlobalID": "733901d8-ee14-4f09-ab3c-61b7a5d825c0", "Shape__Are": 160858737.72460938, "Shape__Len": 86637.71772962317}, "geometry": {"type": "Polygon", "coordinates": [[[-80.06420264400406, 25.83499470442734], [-80.06425264423278, 25.834244704499067], [-80.06428264526832, 25.833504704708602], [-80.06441264406634, 25.83201470401826], [-80.0645126454221, 25.83108470278342], [-80.06465264426586, 25.829394702874502], [-80.06477264481478, 25.827884701974295], [-80.06489264446537, 25.826764702963967], [-80.06495264473983, 25.825634702356535], [-80.06493264464835, 25.82469470196247], [-80.06494264469409, 25.82375470138246], [-80.06499264492281, 25.822064701948193], [-80.06512264372083, 25.820374701033938], [-80.06523264422401, 25.819254700522077], [-80.06537264396609, 25.818034700257037], [-80.06546264437777, 25.816524700029884], [-80.06556264393687, 25.81538469959312], [-80.06576264395342, 25.81369469877358], [-80.06594264477678, 25.812574699783863], [-80.06614264479333, 25.811464698575374], [-80.06632264382007, 25.8105246989188], [-80.0664926445977, 25.809784698054404], [-80.06652264473493, 25.808644698256234], [-80.06655264397384, 25.807124697366785], [-80.06661264424831, 25.805804697225597], [-80.0667526448887, 25.80409469622458], [-80.06696264405267, 25.80239469666824], [-80.0672326443894, 25.800704695754145], [-80.06748264463465, 25.799394695765667], [-80.06782264439329, 25.79792469498022], [-80.06815264500449, 25.7966146950004], [-80.06852264490033, 25.795334694378624], [-80.06899264525362, 25.793874694350308], [-80.0694426446171, 25.792604693519486], [-80.0695826452575, 25.792254693695153], [-80.06986264474168, 25.791534693488305], [-80.0700826448497, 25.79080469335327], [-80.0702926458103, 25.7898846933744], [-80.07047264573535, 25.789154692787097], [-80.07062264462488, 25.78860469288849], [-80.07072264508228, 25.788234692139074], [-80.07092264509885, 25.787504692718073], [-80.0712026454813, 25.786604692121934], [-80.07156264533143, 25.785524691288334], [-80.07174264525648, 25.784404691389994], [-80.07195264531877, 25.78328469143071], [-80.0721226460964, 25.782544691173126], [-80.07233264526036, 25.781624691017505], [-80.07239264553482, 25.78107469098067], [-80.07245264491095, 25.780534689669498], [-80.07255264536839, 25.779814690299048], [-80.07262264568858, 25.779284690295736], [-80.07255264536839, 25.77857468963316], [-80.0722726449859, 25.777874689457125], [-80.07176264534796, 25.776484690465708], [-80.07124264476597, 25.77485468914824], [-80.07091264415476, 25.773754689277276], [-80.07048264488277, 25.77209468899318], [-80.07012264503267, 25.770414687928824], [-80.06979264442147, 25.76854468775425], [-80.06958264435917, 25.767034687292966], [-80.06943264457136, 25.765714686615674], [-80.06933264411393, 25.76438468723071], [-80.0692826438852, 25.763434686174744], [-80.06924264280393, 25.76172468582754], [-80.06927264383947, 25.759824686130198], [-80.0693326432156, 25.758504685380334], [-80.06943264367305, 25.75736468531705], [-80.06962264274553, 25.755664684254675], [-80.06990264402633, 25.75378468365058], [-80.07011264408861, 25.752654683974804], [-80.07028564434097, 25.75180668361247], [-80.0706126436808, 25.75042468323097], [-80.071112643273, 25.748584682718434], [-80.0719426443747, 25.74603468173243], [-80.07248264414987, 25.744594681659265], [-80.0731526445197, 25.742994682237004], [-80.07388264516398, 25.74141468093333], [-80.07466264513866, 25.739864680822365], [-80.07551264453521, 25.738334679867975], [-80.07610264543742, 25.73733467973853], [-80.07714264570309, 25.735684679499446], [-80.07792264567776, 25.734554678416192], [-80.07872264664225, 25.733444677885906], [-80.07980264619258, 25.732044678606727], [-80.08081264632104, 25.73082467795282], [-80.08159264719401, 25.729934677225977], [-80.08280264733902, 25.728624677765975], [-80.08449264698471, 25.726944676843598], [-80.08641264858082, 25.72519467620223], [-80.08826264806008, 25.723664675809008], [-80.09178264889019, 25.72111467511464], [-80.10930865431922, 25.73339367735879], [-80.12476966018382, 25.743218679811935], [-80.1313696607297, 25.747681681238987], [-80.13254066141494, 25.748551681110516], [-80.13526966329802, 25.75058168165423], [-80.1360696633642, 25.751081681238396], [-80.13896866422827, 25.753101682694517], [-80.1502706688551, 25.760981684697846], [-80.15497066879466, 25.764281684461366], [-80.16231467112681, 25.764354684980248], [-80.17347167419203, 25.769780686067065], [-80.1801126765424, 25.76973068566387], [-80.18052167679632, 25.76312068427158], [-80.1812536761921, 25.75130768065753], [-80.19079767960453, 25.756796681998257], [-80.19079967925435, 25.75659068181261], [-80.1908086794752, 25.755511682900647], [-80.19334367939288, 25.755334682579527], [-80.19360568023201, 25.75531668147618], [-80.19356968024701, 25.755301681228868], [-80.19345867991893, 25.755305681295006], [-80.19341868153259, 25.755254682868923], [-80.19353568081014, 25.755197681889307], [-80.19359167998832, 25.75518868173213], [-80.19374068084956, 25.755373681589603], [-80.19394468016574, 25.755264682228887], [-80.19402467963336, 25.75523268168499], [-80.19408668045595, 25.75517068141573], [-80.19417768069256, 25.75512368138579], [-80.19420967958129, 25.755115681241126], [-80.1942506813858, 25.755085681502912], [-80.19428268027454, 25.755077681355687], [-80.19432468010733, 25.75512168215875], [-80.19438968040467, 25.755091681612978], [-80.19457268070276, 25.754938681138874], [-80.19471168061993, 25.75483868156329], [-80.19480068030839, 25.754797681526874], [-80.19492268050713, 25.754660681835333], [-80.1949556810174, 25.75460868149173], [-80.19496568016484, 25.75457368151215], [-80.19482368077293, 25.754359681320175], [-80.19473368036124, 25.754249681812478], [-80.1946526810687, 25.754165682075683], [-80.1954206804495, 25.753708681397626], [-80.19549168149294, 25.75366668094079], [-80.19619268092659, 25.753252681422147], [-80.19629068083587, 25.753193681031256], [-80.19723568156529, 25.752640681002962], [-80.19744068160472, 25.752429680686625], [-80.19761968080654, 25.752248681266952], [-80.19798768195089, 25.75262168187945], [-80.19819268199029, 25.75243068072735], [-80.19839368183176, 25.752276680828654], [-80.19809768155575, 25.75191868061829], [-80.19802968088538, 25.751827680530674], [-80.1984256816188, 25.751409680877476], [-80.198643682077, 25.751652681286526], [-80.19873768178834, 25.7516536797156], [-80.19877168212352, 25.751647680240943], [-80.19894068127961, 25.75156268185226], [-80.1990726815241, 25.751419680561163], [-80.1991196822781, 25.751361680118567], [-80.19913168107533, 25.751331680241222], [-80.19890568201784, 25.75107267996021], [-80.19885168159115, 25.750993680668042], [-80.19889068105091, 25.75095167925113], [-80.19932968234035, 25.75048168083755], [-80.19975268193966, 25.75004468014838], [-80.20012668203347, 25.749658680320582], [-80.20072068223531, 25.749176680019723], [-80.20124268246714, 25.74875367957964], [-80.20163868230226, 25.748409679505645], [-80.20174168223443, 25.748338679044117], [-80.20179268228804, 25.748289679396017], [-80.20182968209797, 25.748262679779433], [-80.20195068247178, 25.748378679617048], [-80.20232868276356, 25.748879680453555], [-80.2024726827036, 25.749100679672914], [-80.2028166826602, 25.749568680184606], [-80.20363568299292, 25.750549679848564], [-80.2039706827287, 25.750407679822988], [-80.2048006838304, 25.751368680466435], [-80.20496468386192, 25.751555680706723], [-80.20552168425384, 25.752279680954686], [-80.2056386835314, 25.752403680433808], [-80.2056726847649, 25.752439681093534], [-80.2057516835093, 25.752522679583834], [-80.20578868421754, 25.7525696806431], [-80.206025684044, 25.75285068090727], [-80.20605368363309, 25.752882680474805], [-80.20838868443256, 25.751276680716117], [-80.20861268473855, 25.751128680440573], [-80.20895768452006, 25.750919680781564], [-80.20931368507051, 25.750725679963754], [-80.20955668474475, 25.750605679766394], [-80.20987768513513, 25.750463679807766], [-80.21031168460507, 25.75028768011348], [-80.21064168521629, 25.750166679413855], [-80.21170768452292, 25.74977867985641], [-80.21269668563329, 25.749418680076158], [-80.21356268582169, 25.749092679931678], [-80.21363668633984, 25.74906367955036], [-80.21454668690917, 25.74868967982946], [-80.21542168552179, 25.748363678493515], [-80.21981268746148, 25.746760679396093], [-80.21980768743862, 25.746721678367162], [-80.21978968789527, 25.746558679156433], [-80.21992768798754, 25.74650667931153], [-80.21999668758451, 25.746480678571405], [-80.22148968758671, 25.74591567851025], [-80.22178768841086, 25.74582767896778], [-80.22435668956207, 25.744863677689093], [-80.22581768977722, 25.744341677862007], [-80.22987269035963, 25.742853678157363], [-80.23187369124827, 25.742121677702933], [-80.23384469199968, 25.74140467717082], [-80.23538569258078, 25.740843677800566], [-80.23585169183778, 25.74068267727873], [-80.23677369300101, 25.74033067778045], [-80.2378446923305, 25.73993567744681], [-80.2378586925742, 25.74013467718492], [-80.23786569314521, 25.740234677000707], [-80.237900692407, 25.740736676714125], [-80.23790369278004, 25.741749678237724], [-80.23790469260496, 25.741986677405187], [-80.23793769401354, 25.74254967648217], [-80.23798169169953, 25.743416677172263], [-80.23799569373986, 25.74432767795598], [-80.23805869348905, 25.74523367853067], [-80.23805769276584, 25.745495678893374], [-80.23807069318462, 25.74577767818727], [-80.23808869272797, 25.746137677673257], [-80.23808869272797, 25.746286678595535], [-80.23810369369491, 25.746653678783186], [-80.23811869286521, 25.747151678547706], [-80.23813369293381, 25.747566678375073], [-80.23814669335259, 25.74788968004308], [-80.23817269239356, 25.74847367940667], [-80.23817069274374, 25.748715679277], [-80.23820469307893, 25.74945267908167], [-80.23825769278238, 25.75033167945467], [-80.23826069315541, 25.750815679223113], [-80.23827169212775, 25.75115768031775], [-80.23829669314043, 25.75173767961081], [-80.23833969189982, 25.752589679814314], [-80.2383646929125, 25.753318680398497], [-80.23842269353713, 25.75406668025801], [-80.23845569225077, 25.754990681337983], [-80.23849869370513, 25.755908680823914], [-80.23853669333995, 25.756820682090904], [-80.23855969380448, 25.7577816810059], [-80.23860569293693, 25.75870568068818], [-80.23862069390385, 25.759628682099635], [-80.23864569311989, 25.760551681999377], [-80.23867769290693, 25.761125681723776], [-80.23869769389674, 25.761471682111427], [-80.2387216941862, 25.762173682685013], [-80.23871269486368, 25.762378682936095], [-80.23875969471932, 25.76298868261552], [-80.23879769345585, 25.76377968231499], [-80.23882069302206, 25.7644216833889], [-80.23884769368456, 25.765177683158242], [-80.24030469370176, 25.765132682911865], [-80.24088769493126, 25.765119683772365], [-80.24163069419771, 25.765090682450783], [-80.24189269413853, 25.765091683193894], [-80.24291469486084, 25.765059683680423], [-80.24328969477958, 25.765047682849385], [-80.2435866948805, 25.765037682695265], [-80.24475769556575, 25.764998683623276], [-80.24495269555942, 25.76498768353006], [-80.24563769509953, 25.764970682207252], [-80.24624069642053, 25.764942683211654], [-80.24639069620834, 25.764940683340924], [-80.24701269599927, 25.764933682984122], [-80.24952069705114, 25.764862682693366], [-80.25104369719055, 25.76478468361257], [-80.25208469728115, 25.764775682564053], [-80.25312469754682, 25.76475268320733], [-80.25410269788821, 25.764729683037146], [-80.2551426981539, 25.764691682992428], [-80.25517269829112, 25.765568683160684], [-80.255184698885, 25.76609768301755], [-80.25522369834476, 25.76691868302662], [-80.2552546983069, 25.76747768318972], [-80.25525769867994, 25.767675683794128], [-80.25528769881716, 25.768205683876495], [-80.25531369785813, 25.768872684458685], [-80.25532269807896, 25.769170684077377], [-80.25533669922098, 25.76953868463173], [-80.2553676982848, 25.770030683722204], [-80.25519569785735, 25.770072683244248], [-80.25441369823285, 25.770082683783137], [-80.25445069894108, 25.771038684328218], [-80.25444869839293, 25.771140684586673], [-80.25445469913903, 25.77139268399279], [-80.25415269901525, 25.771407684633967], [-80.25415369794186, 25.771444685074876], [-80.25417169838352, 25.77185768357242], [-80.25456269819577, 25.77183968416539], [-80.25485169879907, 25.771839684974346], [-80.25483469728401, 25.77138168449215], [-80.25544969830057, 25.771360684560133], [-80.2554596983463, 25.771838684288134], [-80.25548869865861, 25.772547684131446], [-80.25551069839993, 25.773241684993945], [-80.25553269814122, 25.77394768496575], [-80.25554169836207, 25.774592684801885], [-80.25557669852216, 25.775453685447722], [-80.25559869826348, 25.776183685423813], [-80.25564469919254, 25.77687668540861], [-80.25566269873589, 25.777572685686014], [-80.25569569924617, 25.778254686783278], [-80.25571669826425, 25.778940686465347], [-80.25576369991654, 25.78081068620681], [-80.25577069869094, 25.781298687094267], [-80.25579369915546, 25.782654687109307], [-80.25581569889678, 25.78337768718611], [-80.25582769859234, 25.78403468805222], [-80.25584769958213, 25.784248688938558], [-80.25586669895038, 25.784783689060674], [-80.25586869949854, 25.785191688407213], [-80.25587669989447, 25.785552688663014], [-80.25588569921696, 25.785944688422298], [-80.25588769886679, 25.786009688067317], [-80.2558886986917, 25.786050688646394], [-80.25346369837885, 25.78587068767555], [-80.25318369709805, 25.785853688535884], [-80.25239769817392, 25.785789688565053], [-80.25223169849255, 25.785771688036217], [-80.25149869837354, 25.785694687091237], [-80.25135469753519, 25.78566368723242], [-80.25023469780187, 25.785346687428266], [-80.24921869692733, 25.78503368745885], [-80.24839469657172, 25.784783687442925], [-80.24767269722169, 25.784593687660777], [-80.24707869791816, 25.784468688063832], [-80.2464936961405, 25.784404687345617], [-80.24595469619025, 25.784378687625352], [-80.24550369610355, 25.784400687451242], [-80.24517169584253, 25.784427688555596], [-80.2450086956359, 25.78443768788456], [-80.24328269510688, 25.78463268757277], [-80.24201469523557, 25.784759688151368], [-80.2400316947886, 25.784943688257986], [-80.23952369390217, 25.784948688709694], [-80.2395246946254, 25.785079688012647], [-80.23953569449607, 25.785506688292674], [-80.23957269430598, 25.78641268765963], [-80.23957869415376, 25.786855688858807], [-80.23961869433673, 25.78802469012898], [-80.23965469522005, 25.788884689802607], [-80.23969169413166, 25.789731689222585], [-80.23969869380437, 25.790363690981003], [-80.23970569437537, 25.790502690150518], [-80.23970469455045, 25.79065569007213], [-80.23972369481703, 25.791286689618715], [-80.23971569531943, 25.791463690512508], [-80.23970469455045, 25.79154168984916], [-80.23965269467193, 25.791803690729555], [-80.23963369440534, 25.79199369109228], [-80.23962669473265, 25.792187689164738], [-80.23963569495348, 25.79238469007615], [-80.23964969340055, 25.792651690029405], [-80.2391226949425, 25.792371690687112], [-80.23635369287642, 25.79075068999811], [-80.23587369247741, 25.790439689982673], [-80.23564969306975, 25.79027668932889], [-80.234223693913, 25.78996568887905], [-80.23399869288376, 25.789874689651683], [-80.23302369201711, 25.78948068967574], [-80.23211769254407, 25.78911368842812], [-80.23134269169392, 25.788800689503635], [-80.23120469160166, 25.788762689079224], [-80.23006969179976, 25.7879656892277], [-80.22959769089834, 25.78752868902758], [-80.22850569075412, 25.787159689522177], [-80.22627569043493, 25.78642368900216], [-80.22514468993266, 25.78616868828078], [-80.22505669006911, 25.786149688861688], [-80.22489869078369, 25.786155689019147], [-80.22393568961259, 25.786190689392363], [-80.22326268976803, 25.78560868905461], [-80.22320869113798, 25.78556168894439], [-80.2229646898422, 25.785517688101514], [-80.22216268922789, 25.7851406890712], [-80.21973968856487, 25.78450568847593], [-80.21909368848449, 25.784280688130757], [-80.21886568798055, 25.783986688352247], [-80.2186366876517, 25.783910687641658], [-80.21760168740889, 25.783569688473033], [-80.21754868770543, 25.783523688142463], [-80.21704768739002, 25.78338068814388], [-80.21677468668022, 25.783288688936068], [-80.21468568682636, 25.782566688103635], [-80.21200568624538, 25.78163168796304], [-80.21037068505463, 25.780602687645047], [-80.20994068578263, 25.780170687662338], [-80.20930368592309, 25.779530688091747], [-80.20886868483159, 25.779305688016446], [-80.20691768506998, 25.77829368716163], [-80.20674968484049, 25.77842168787773], [-80.20669768496195, 25.77845868694042], [-80.20660468417722, 25.77852568709394], [-80.20653668530349, 25.778562686933114], [-80.20647368465598, 25.778583687208364], [-80.2064266848003, 25.77858868711927], [-80.2045536839582, 25.778653687559732], [-80.20452368471928, 25.777882687259094], [-80.20358468383762, 25.77767968674847], [-80.20279168344416, 25.776534686405252], [-80.20231868271782, 25.77678268714792], [-80.20116068245137, 25.776827687021623], [-80.2000716826802, 25.776849687439015], [-80.19992768274017, 25.776848686795052], [-80.19971568212974, 25.776850686465114], [-80.19947168263059, 25.776859687406777], [-80.19951368246338, 25.77782168732148], [-80.19954768279857, 25.7787876884176], [-80.19788368129551, 25.77886368755711], [-80.19680968159295, 25.77886468818408], [-80.19626068159695, 25.778880687698564], [-80.19615068199211, 25.778884687779072], [-80.19533668078391, 25.778908687450407], [-80.19379968040077, 25.778984687321316], [-80.1937996812991, 25.77895068787469], [-80.19379868057587, 25.778915686982877], [-80.19379068017993, 25.778006687499733], [-80.1928426808741, 25.77801268726019], [-80.19204968048062, 25.77801768719517], [-80.19210468073221, 25.778886688223736], [-80.1921096807551, 25.778969687638025], [-80.19211368095306, 25.779034687869736], [-80.19061667985456, 25.77907568762423], [-80.19042867953358, 25.7790806875144], [-80.19044167995236, 25.779381687633023], [-80.19046967954145, 25.780027687666024], [-80.19048168013533, 25.78050168804466], [-80.19048367888685, 25.780531688639726], [-80.19051067954935, 25.780994688394998], [-80.19053768021185, 25.781950688382537], [-80.19058768044056, 25.782929688636806], [-80.18956268024348, 25.782968688287067], [-80.18954767927657, 25.781995688722592], [-80.18952568043358, 25.781486688518264], [-80.18950367979396, 25.78123968850923], [-80.18945968031134, 25.781042687687957], [-80.18932267914568, 25.780576687900297], [-80.18918168047698, 25.780100688206094], [-80.18903468016389, 25.780108687475803], [-80.18888567840435, 25.78011668755388], [-80.18825967931376, 25.78015268870746], [-80.18821167873487, 25.780156687936174], [-80.18785067905985, 25.78019468788241], [-80.18758567964431, 25.780221687517503], [-80.1875656795528, 25.780222688133016], [-80.18657467879262, 25.78026168786439], [-80.18583167862788, 25.780315689524645], [-80.18523367822807, 25.780326688197082], [-80.18523667860111, 25.780457687751362], [-80.18524667774854, 25.78087168784311], [-80.18529067812948, 25.782121689098602], [-80.18529367850253, 25.782220689357924], [-80.18530667892132, 25.782238688807908], [-80.18583667865074, 25.782229689083255], [-80.18617967878242, 25.78221168801412], [-80.18621867914048, 25.782240688387123], [-80.18737267831065, 25.782201688497498], [-80.18754267998659, 25.782202689096316], [-80.18776767921918, 25.782193688560035], [-80.18783867936429, 25.782180688862734], [-80.18788367867182, 25.78217868847362], [-80.18789367961587, 25.782278688474648], [-80.18847367867569, 25.78226568878666], [-80.18866967849429, 25.78225368888674], [-80.18871467959845, 25.782264688188377], [-80.18873667933974, 25.78229268795037], [-80.18877267932476, 25.782291688970094], [-80.1888186793555, 25.782280688862077], [-80.1888186793555, 25.782315688761038], [-80.18883667889885, 25.782346688686037], [-80.18890168009449, 25.782388688701957], [-80.18891367979006, 25.782565688316783], [-80.1889376791812, 25.782675689086826], [-80.18895767837438, 25.782815689772274], [-80.1889506796, 25.782950688138968], [-80.18893667935629, 25.78300968910852], [-80.18773967873177, 25.783043689009546], [-80.18708867952684, 25.78306868843095], [-80.18610867863731, 25.78309668881204], [-80.18610867863731, 25.78306568989195], [-80.1860576785837, 25.783068690048726], [-80.1860576785837, 25.78309968815915], [-80.18551467843548, 25.78311268856462], [-80.18532667811449, 25.783124689186522], [-80.185313678594, 25.783138689371288], [-80.18530967839604, 25.783169688272302], [-80.18532367863976, 25.783724689613827], [-80.18532867866263, 25.78376268922592], [-80.1853406783582, 25.78379468935812], [-80.18537667924153, 25.783804688740446], [-80.1856006786492, 25.783913689394822], [-80.18561167851983, 25.784177689688942], [-80.18555067842047, 25.784196689423943], [-80.18547667880063, 25.784255688964812], [-80.1854036790057, 25.784304689136995], [-80.18537767816811, 25.784297689113636], [-80.18534367873124, 25.78430868984348], [-80.18533367868551, 25.784331688645455], [-80.18534567838105, 25.784500688814425], [-80.18535167912715, 25.78489968880357], [-80.18535767807663, 25.78492769037015], [-80.1855026787399, 25.78499868997967], [-80.18551767880851, 25.785014689475677], [-80.18564367920521, 25.785078689055844], [-80.18565567890076, 25.785405688823673], [-80.18540167845758, 25.785549689377934], [-80.18539167931013, 25.785565689608475], [-80.1854816788235, 25.7866666897218], [-80.18544667866341, 25.7866666897218], [-80.18545267761287, 25.78671769001933], [-80.1854876786713, 25.786717689210466], [-80.18550767876276, 25.786959689577877], [-80.18544267936376, 25.787012690057015], [-80.18546167873201, 25.787175690344366], [-80.18546667875489, 25.78724868972058], [-80.18512767882117, 25.787269690075746], [-80.18259467855329, 25.787427689662884], [-80.18052167679632, 25.787489690876775], [-80.17931967614894, 25.787588689890804], [-80.17879567626728, 25.78756469035801], [-80.1787406760157, 25.7875626900597], [-80.17800567714518, 25.78741169049241], [-80.1773616758163, 25.787230690222053], [-80.1766976761926, 25.786842689672476], [-80.17623367658541, 25.786469689825683], [-80.17578367632359, 25.786005689844806], [-80.17566367667303, 25.785839689480472], [-80.17549267607048, 25.785577689982187], [-80.17528867405933, 25.78525968937515], [-80.1746366750295, 25.78415868914202], [-80.17428267502717, 25.78356568935938], [-80.17376467589163, 25.782763688820523], [-80.17364467534271, 25.78257768818514], [-80.17332467477725, 25.78220668906481], [-80.17311867581125, 25.78197868821865], [-80.17291367487351, 25.781753688742064], [-80.17188567520172, 25.780976687947344], [-80.16923267438493, 25.77982268958804], [-80.1689716724724, 25.779704688493705], [-80.16892367458844, 25.77990668815674], [-80.16846767358055, 25.78186068926899], [-80.16696267298445, 25.7862176900892], [-80.1606446715726, 25.78585169063532], [-80.15347066911976, 25.785435688987263], [-80.1527776691837, 25.78539568957632], [-80.15204566888961, 25.785362689303934], [-80.15197666839433, 25.785359690014058], [-80.14732466723702, 25.785073690227367], [-80.14424866682093, 25.784901689955667], [-80.1444086666545, 25.78509869002977], [-80.14455766661743, 25.785283690183274], [-80.1446276660393, 25.785353691434064], [-80.14478366567491, 25.785558689659542], [-80.14496666687134, 25.78577969015895], [-80.14519166790055, 25.786113690337164], [-80.14544766709525, 25.786542691254205], [-80.14546966683658, 25.786571690568238], [-80.1456126669517, 25.786831690795392], [-80.1456676672033, 25.78695669032838], [-80.14569866716543, 25.787046690428216], [-80.14574166682313, 25.787472691160325], [-80.14574566702109, 25.787633690518295], [-80.14574066699822, 25.78769569081563], [-80.14572866730266, 25.78774869096583], [-80.1456686670282, 25.78786469023519], [-80.14547966688231, 25.788100691438615], [-80.14523366683501, 25.788423691203636], [-80.14519466647695, 25.788504690941622], [-80.14515066699434, 25.78859769069239], [-80.14508866617174, 25.788726691347883], [-80.14502766697069, 25.788888691163436], [-80.14488966777674, 25.789253692028797], [-80.14481666708349, 25.789467690777165], [-80.14479566626878, 25.78957169082317], [-80.14478166692341, 25.78970869146783], [-80.14477766672545, 25.789824692055237], [-80.14475866556056, 25.78999169141863], [-80.14475466715923, 25.79032069164134], [-80.14477866655035, 25.791114691887724], [-80.14482866677905, 25.79131069163352], [-80.14489566762454, 25.791502692209324], [-80.14500066630819, 25.79150069278627], [-80.14503966666626, 25.791537691813176], [-80.145049666712, 25.79158669221181], [-80.14504766706217, 25.7916106917394], [-80.14463866680826, 25.791640691950892], [-80.14432966701177, 25.791762691330774], [-80.14367666636039, 25.79204469152519], [-80.14345166712782, 25.79210169179277], [-80.14333566767516, 25.79210769164906], [-80.14300966636361, 25.792285691830962], [-80.14247466571301, 25.792600692284058], [-80.14157866628568, 25.79308569247517], [-80.14153666555457, 25.79309969229279], [-80.14148666622417, 25.793088692378454], [-80.14147166615557, 25.79306969245048], [-80.14130666629912, 25.79316169215854], [-80.141304665751, 25.79338769152512], [-80.14088066542845, 25.793602692211863], [-80.13882966520943, 25.794757692049004], [-80.13669766479954, 25.79589269280668], [-80.13497466464356, 25.796850693345647], [-80.13220066255462, 25.798331693130123], [-80.13215466342218, 25.798202694028756], [-80.1321336635058, 25.798143694148457], [-80.13007966291372, 25.799169693748826], [-80.13010866322601, 25.799218694228028], [-80.13004966277647, 25.799246694839372], [-80.12997966245626, 25.799280694128598], [-80.12929966293903, 25.799604694620694], [-80.12896766267801, 25.79977169557434], [-80.12864066243985, 25.7999466942242], [-80.12850566182233, 25.8000096941925], [-80.12852266243908, 25.79992969386756], [-80.1280456624131, 25.800164694870617], [-80.12798566213866, 25.800253694203068], [-80.12771766235004, 25.800379694588592], [-80.12757266168677, 25.800508693746906], [-80.12741766187607, 25.800739694258752], [-80.12734966210401, 25.800864694495036], [-80.12727666141078, 25.80109069454229], [-80.12721466238479, 25.80136769462433], [-80.12712466197311, 25.80207169533813], [-80.127129661996, 25.802300695180122], [-80.12716266160794, 25.80276669532156], [-80.1271386613185, 25.80379369575543], [-80.12713366219394, 25.80399169477711], [-80.12711266317586, 25.804188695480914], [-80.12703466245974, 25.804749695506146], [-80.12691466191082, 25.805194696119653], [-80.12675666172707, 25.805598695596434], [-80.12658566202286, 25.806005696507075], [-80.1264486617555, 25.806277696062104], [-80.12636966121448, 25.80641769637462], [-80.12616266152526, 25.806786695781877], [-80.12608566243065, 25.806969696087336], [-80.12597866230053, 25.80718269643163], [-80.12584466150793, 25.80741069652393], [-80.12572066165937, 25.807639696561626], [-80.12560966133128, 25.807884696609825], [-80.12541766171067, 25.80836169593356], [-80.12535366213656, 25.808545695800284], [-80.1253216614512, 25.80867669652456], [-80.12529566151193, 25.808939696294313], [-80.12528966166416, 25.809081696631445], [-80.12528966166416, 25.80935669589486], [-80.12530766210581, 25.81014369709376], [-80.12532966094881, 25.81057969766742], [-80.12532966094881, 25.810820698293778], [-80.12530566065935, 25.811100696912558], [-80.12527066229589, 25.811355698183647], [-80.12524866165626, 25.811814697470975], [-80.12521066202142, 25.81223969780115], [-80.12514066080291, 25.812766697451504], [-80.12507066227934, 25.813152697380453], [-80.12499366138815, 25.81350969767418], [-80.12419066274556, 25.813319697839805], [-80.1241256615499, 25.813534697948914], [-80.12411566150416, 25.813567697656538], [-80.1239706617392, 25.813988697653244], [-80.12376766134962, 25.816077698489277], [-80.12367766093794, 25.81651669917411], [-80.12357766137883, 25.81701369895258], [-80.12351466162964, 25.81736169944665], [-80.12353866191907, 25.81736569984606], [-80.12324666094271, 25.818873699284154], [-80.1233716615145, 25.818869699744315], [-80.12256966179851, 25.826278701325503], [-80.12271466066515, 25.83146670291086], [-80.12259566173778, 25.833602703113247], [-80.12190266090342, 25.83354870309481], [-80.12119766127181, 25.833493702886003], [-80.12116366093663, 25.833546703572793], [-80.12089866062276, 25.83413470308575], [-80.1208176604319, 25.834581703561803], [-80.12080766038616, 25.834856704247574], [-80.11986166073014, 25.834856703439044], [-80.11922666052041, 25.834851703476385], [-80.11918066048965, 25.835030703463474], [-80.11915666109851, 25.836041703993992], [-80.11915465965207, 25.83611370303533], [-80.1191426608548, 25.83667870439022], [-80.11914366067973, 25.83770270385259], [-80.11914566032955, 25.83840770458095], [-80.11914166102991, 25.838487704788133], [-80.11912566023805, 25.838561704203972], [-80.11906766051175, 25.838686704139107], [-80.11904766042026, 25.838741704359794], [-80.11900566058746, 25.838950704480137], [-80.11899766108988, 25.839059704531813], [-80.11899166034375, 25.83915170409674], [-80.11898265922461, 25.839507704305316], [-80.11898066047311, 25.839599705138884], [-80.11894866068606, 25.83973170476868], [-80.11892966131781, 25.839864705171596], [-80.11891366052595, 25.83989870492842], [-80.11889966028225, 25.840052705036253], [-80.11889766063243, 25.840300705450073], [-80.11890666085327, 25.840422704843466], [-80.11894466048811, 25.840645704277655], [-80.1189656604045, 25.840769704332267], [-80.11897966064821, 25.841062705405445], [-80.11898466067107, 25.84133770558145], [-80.1189716611506, 25.84143570477527], [-80.11896366075467, 25.84160070556924], [-80.11895366070893, 25.841658704725482], [-80.11893966046523, 25.842228705124146], [-80.11894366066319, 25.84240670598798], [-80.11894466048811, 25.842440705014262], [-80.11895666108198, 25.842502705734063], [-80.11898166029802, 25.84263270518182], [-80.11899366089189, 25.843067704876038], [-80.11898766014579, 25.84329070579223], [-80.11894966051096, 25.843568705073167], [-80.11892866059456, 25.84372670557148], [-80.11889866045736, 25.84395870513273], [-80.1188606599242, 25.84414970599469], [-80.11884266038084, 25.844447705529902], [-80.11882866103545, 25.84455670536771], [-80.11881966171295, 25.844851706093827], [-80.1187956614235, 25.845665705884734], [-80.11877866080675, 25.84626970672943], [-80.11877666115693, 25.846346706299563], [-80.11875966054018, 25.84710670601371], [-80.11875566124053, 25.847301706839154], [-80.11875666016712, 25.84852570633187], [-80.11876966058591, 25.848590707210274], [-80.11879966072316, 25.84873270687815], [-80.11880566146924, 25.848990707227557], [-80.11879166032723, 25.84924570772486], [-80.1187676609361, 25.849387706606283], [-80.11875766089034, 25.849670707062362], [-80.11875666016712, 25.84996970726555], [-80.11882166136276, 25.850281707023072], [-80.11882466173581, 25.85037870767647], [-80.1188876605867, 25.850617707271663], [-80.11885566079964, 25.851309707634176], [-80.11881366006854, 25.852260707681125], [-80.11881266114194, 25.854367707057662], [-80.11879366177368, 25.85447970822688], [-80.11878666030435, 25.854647708569182], [-80.1187966612484, 25.855042709198646], [-80.11881466169007, 25.85514270831981], [-80.11885866027438, 25.855276709968283], [-80.11890766067818, 25.855515709364262], [-80.11892366147002, 25.855806708713928], [-80.11891266159935, 25.85593870884951], [-80.1189086614014, 25.85614670932749], [-80.11498566016516, 25.856188708236974], [-80.11506766107925, 25.862083710289276], [-80.11521066029604, 25.872330713426148], [-80.11522666018959, 25.872648712984923], [-80.06454264555933, 25.871204713455057], [-80.06452264546783, 25.870644713849625], [-80.06454264555933, 25.869514713723337], [-80.06455264560506, 25.868754713368233], [-80.06457264569654, 25.86819471346705], [-80.06460264583377, 25.86763471333682], [-80.06458264484397, 25.86725471257418], [-80.06445264514763, 25.866514711581193], [-80.06434264554278, 25.86576471187609], [-80.06422264499386, 25.86483471248585], [-80.064112645389, 25.86389471234916], [-80.06403264502308, 25.862964711985228], [-80.06398264479435, 25.862204711538826], [-80.06394264371306, 25.86182471109972], [-80.06394264461137, 25.86144471186397], [-80.06391264537247, 25.86087471112388], [-80.06379264482356, 25.860324712072714], [-80.06367264517294, 25.859764710218386], [-80.06353264453256, 25.85901471052232], [-80.06346264421235, 25.85864471148468], [-80.06331264442454, 25.857704710622002], [-80.06327264513988, 25.85742270995658], [-80.06323264405859, 25.85714471009838], [-80.06315264459096, 25.856584710963993], [-80.0630726433267, 25.856024710793786], [-80.06300264480312, 25.855264710188816], [-80.06295264547272, 25.854694709560533], [-80.06288264515253, 25.85375470881891], [-80.06282264397976, 25.85262470888923], [-80.06279264384253, 25.85186470825681], [-80.06279264563916, 25.850724708658987], [-80.06280264388828, 25.849594708069066], [-80.06285264411699, 25.848274707679085], [-80.06289264429996, 25.84770470811911], [-80.06296264462016, 25.84676470759555], [-80.06305264413353, 25.845814707070367], [-80.06312264445371, 25.845254707636975], [-80.06327264513988, 25.844124707334334], [-80.06339264389214, 25.843374707068847], [-80.06355264372573, 25.842444707800084], [-80.06365264508148, 25.841884706156783], [-80.0637826447778, 25.84132470590504], [-80.0639026444284, 25.840764705427958], [-80.06403264592137, 25.840214706623833], [-80.06416264471942, 25.839654705743655], [-80.06426264427853, 25.83929470551064], [-80.06425264513109, 25.838914705019572], [-80.0642026449024, 25.838174705326765], [-80.06418264481088, 25.83722470535009], [-80.06418264391257, 25.836484704790085], [-80.06419264485663, 25.83555470553245], [-80.06420264400406, 25.83499470442734]]]}}, {"type": "Feature", "properties": {"OBJECTID": 7, "ID": 10, "COMMNAME": "Anthony Rodriguez", "GlobalID": "fd34b7bf-95e6-4b68-aa5a-9607ff6f9151", "Shape__Are": 96490919.70117188, "Shape__Len": 56496.771556362815}, "geometry": {"type": "Polygon", "coordinates": [[[-80.35314772694316, 25.781222685470244], [-80.35276572735174, 25.781220685064977], [-80.35274272778553, 25.7814086849948], [-80.35271972732099, 25.781613684376463], [-80.3496117262195, 25.781604685413285], [-80.34359072580689, 25.781589684443492], [-80.33933072428675, 25.781555684934585], [-80.33677772213075, 25.781569685304536], [-80.33669172281535, 25.78157068509978], [-80.3366957230133, 25.78123568446364], [-80.33667872329487, 25.780841684907323], [-80.3366747221986, 25.780535685428955], [-80.33667472399523, 25.780028685047547], [-80.3366747221986, 25.77955668483011], [-80.33670872253377, 25.778172684265897], [-80.33775372282231, 25.77819268397755], [-80.33784972218348, 25.778205684111885], [-80.33808072306049, 25.778315684880422], [-80.33814772300764, 25.778357683896814], [-80.33843772343585, 25.77813268402355], [-80.33872572331595, 25.777803683965598], [-80.33877472371975, 25.77740168407501], [-80.33992072339232, 25.77735968391126], [-80.33992372376537, 25.77591368446007], [-80.33986372349091, 25.774683682810927], [-80.3398787226612, 25.77444268313991], [-80.34012072430717, 25.773949683066814], [-80.34048372453032, 25.77336068348229], [-80.34061772352632, 25.773119683551094], [-80.34019372320378, 25.772804683131305], [-80.33994272313362, 25.772561682328586], [-80.33980972396256, 25.77241668312394], [-80.33959872407534, 25.772126683374154], [-80.33929472340343, 25.771618682773916], [-80.33921972395868, 25.77131968294865], [-80.33911372365345, 25.77089868349763], [-80.33908772281588, 25.770629682530284], [-80.33907572312032, 25.77024068199274], [-80.33906272270151, 25.76983068240432], [-80.33905772357697, 25.769658681875065], [-80.33905372337901, 25.769530682222467], [-80.3412357231193, 25.769436682187433], [-80.34174572365555, 25.769419683119825], [-80.34256372506168, 25.769393680924512], [-80.3444077255915, 25.769335681980753], [-80.34436772451019, 25.76745268129216], [-80.3443877246017, 25.766469681463786], [-80.34439772374913, 25.76567968181972], [-80.34436772451019, 25.765090680832767], [-80.34436272448731, 25.764851680969524], [-80.34432772342892, 25.76426568136048], [-80.34432672450232, 25.764245680919647], [-80.34431172443371, 25.763784680422596], [-80.34427072442583, 25.76346167991506], [-80.34423272479097, 25.7627686800686], [-80.34418972423498, 25.762187680487603], [-80.34418472511041, 25.762113680295062], [-80.34417872526262, 25.762038680096584], [-80.3434677230883, 25.762041679975994], [-80.34255672359235, 25.762062679938726], [-80.34206272384795, 25.762067680545712], [-80.34035372303737, 25.762107679730793], [-80.33945772271171, 25.762120680009136], [-80.33890672216761, 25.762143679875773], [-80.33816672237587, 25.762146679752522], [-80.33755072243274, 25.762158680876823], [-80.33714572237677, 25.7621816807361], [-80.33617972262927, 25.7622036806325], [-80.33617572243129, 25.76199468023856], [-80.33601072167654, 25.761997680928104], [-80.33510772167821, 25.762012680329548], [-80.33281172123681, 25.76205468107059], [-80.33210672070688, 25.762068680505276], [-80.33151172068013, 25.76207968086897], [-80.32793872014656, 25.76218668133807], [-80.32637271945111, 25.762224680566575], [-80.32436271834163, 25.762272680979834], [-80.32379171770602, 25.762231681083133], [-80.3225667174924, 25.76229168098636], [-80.3219957177551, 25.762332680053312], [-80.32147071804857, 25.762369680087094], [-80.32108971738374, 25.76239068080084], [-80.32089871758802, 25.76240067955988], [-80.32087371747367, 25.76240268109145], [-80.32070271776946, 25.76241268065851], [-80.3206007185605, 25.76241968035495], [-80.3208247179682, 25.76134568003402], [-80.32096271626382, 25.760359679873858], [-80.32096271716213, 25.759801680151018], [-80.32090671798396, 25.759300680079498], [-80.32086571707775, 25.758950679894397], [-80.32074371687901, 25.758405679089392], [-80.32055771710618, 25.75749367947753], [-80.32023171669293, 25.756118678995108], [-80.32005571696584, 25.755271679110418], [-80.32034571829239, 25.755288678585778], [-80.32025771753052, 25.75490767890885], [-80.32019771725606, 25.75454867851526], [-80.32013871770484, 25.7541406789929], [-80.3201087166693, 25.753214678513356], [-80.32010571719456, 25.752761678373236], [-80.32009171695086, 25.75093567759011], [-80.3200797172553, 25.74944967726601], [-80.32007571705734, 25.748982677164356], [-80.32006971720955, 25.748120677019983], [-80.31995071648555, 25.744818676217893], [-80.3199327169422, 25.744326676228734], [-80.31975171719223, 25.739374675187655], [-80.31974571644614, 25.739299675195547], [-80.31971371665908, 25.73880967532311], [-80.31963671576788, 25.73827267482545], [-80.31952271686337, 25.737477674515983], [-80.31937371690046, 25.73681567486747], [-80.31922571676246, 25.736155674314833], [-80.31899571481206, 25.73530367278745], [-80.31891971644069, 25.73489967347329], [-80.31871771587602, 25.73381867379989], [-80.31865071592887, 25.733387672916002], [-80.31860271714662, 25.73296867292443], [-80.3185757155858, 25.73175367311585], [-80.31849371646834, 25.727877671751756], [-80.31859971587525, 25.72670667170469], [-80.31866371634766, 25.726002671437666], [-80.31867671586814, 25.725794670745074], [-80.31874671618834, 25.725288671595276], [-80.31885971616624, 25.72438767089779], [-80.31890171599903, 25.723712671569366], [-80.31887371551163, 25.723276669847895], [-80.31905771653297, 25.722797671057002], [-80.31938371604788, 25.722290671000508], [-80.32032271692954, 25.72114467048005], [-80.32120271646332, 25.72026367051544], [-80.32407371684002, 25.71739366963435], [-80.32653871823415, 25.715161668637577], [-80.33233971943706, 25.709898667179747], [-80.33276172010977, 25.709464666622747], [-80.33302472077382, 25.709156666990438], [-80.33329871951189, 25.708836666528107], [-80.33356171927763, 25.70844866643215], [-80.33398371905201, 25.70784366730477], [-80.33440171952675, 25.70710366566885], [-80.33438671945815, 25.70680466617575], [-80.33482972004725, 25.70636966604828], [-80.33527072098653, 25.705590665008405], [-80.33588472038154, 25.70471066524729], [-80.33654872090358, 25.703971665625243], [-80.33827272088446, 25.702144664504825], [-80.33784672181044, 25.702162665565744], [-80.33893972088124, 25.701086664548015], [-80.33939172169117, 25.700642665139103], [-80.33948072137963, 25.700554664468957], [-80.34003872069815, 25.70004666466375], [-80.34061372243004, 25.699388663411494], [-80.34111872204511, 25.698749663829794], [-80.34141272177298, 25.698237664050048], [-80.34158072200246, 25.69791566399357], [-80.34231272319488, 25.696544662879838], [-80.34268372291567, 25.69603766266936], [-80.34253972207729, 25.696051663403466], [-80.34232072179417, 25.696064662811622], [-80.34200072212704, 25.696046662447635], [-80.34161572126425, 25.696011663845727], [-80.3411817217943, 25.695937662928575], [-80.33993972096394, 25.695656663336937], [-80.3394497223158, 25.695577663652077], [-80.3389777214144, 25.69553066353804], [-80.33811472159903, 25.695508663443846], [-80.33782972119369, 25.695505663504278], [-80.33650272087282, 25.69560066425226], [-80.33385272042908, 25.695756664123188], [-80.33384971915771, 25.695697662722363], [-80.33384771950789, 25.69563566297497], [-80.33350071917826, 25.695638663720747], [-80.33260672029908, 25.69564366307475], [-80.33153771882277, 25.69560866435439], [-80.3304207185642, 25.695503663274696], [-80.32942271813131, 25.695385663431022], [-80.32900971857777, 25.6953366638183], [-80.32738071813311, 25.695187663814774], [-80.32632871727355, 25.69516266289951], [-80.32548571665137, 25.695181663109896], [-80.32501271682334, 25.695200663317255], [-80.32373771638103, 25.69525166402928], [-80.3221097157613, 25.695295663499092], [-80.32205471550971, 25.695295662689606], [-80.32133471580948, 25.695297663732166], [-80.32017371606831, 25.69527366336147], [-80.31915071552106, 25.695222663468357], [-80.3185067150905, 25.695207663733722], [-80.31756671438394, 25.695207663733722], [-80.31753371387367, 25.69389566371403], [-80.31748871456612, 25.692341663037734], [-80.317464715175, 25.692350663904847], [-80.31731171411583, 25.692353663114393], [-80.31720971580519, 25.69235366230489], [-80.31719371501336, 25.692038663129836], [-80.31713671331532, 25.69095866310237], [-80.31710771479963, 25.690328662206444], [-80.31703671465453, 25.6887706620634], [-80.3170267146088, 25.68852266221702], [-80.31717871404642, 25.688523661985677], [-80.31739071465685, 25.68852466256386], [-80.3186037151749, 25.688489661751337], [-80.31939671556836, 25.68845766185525], [-80.3213697159696, 25.68843466149457], [-80.3214477157874, 25.68843266195575], [-80.32158071585678, 25.688428661258957], [-80.32343571535893, 25.688375662132888], [-80.32543171712301, 25.688298662016418], [-80.32662771792262, 25.688248662954955], [-80.3275067176315, 25.688225661744383], [-80.32777871671973, 25.688226661515536], [-80.32780471845564, 25.688768661720697], [-80.32905871808323, 25.688745662229596], [-80.32993971834026, 25.68872266273405], [-80.33019771808311, 25.68889866125981], [-80.33049271943254, 25.688678661645305], [-80.33147171870051, 25.68861566171397], [-80.33146771850257, 25.688120661440994], [-80.33302771935026, 25.688086661091617], [-80.33354271990937, 25.688081661420373], [-80.33444371935957, 25.68805166176946], [-80.33554971974748, 25.68799466176428], [-80.33651871986804, 25.68793766173182], [-80.33755672048389, 25.68790766204463], [-80.33810572047989, 25.68789366116262], [-80.33843472036787, 25.687884661577748], [-80.33901572104922, 25.687850661970543], [-80.33907872079841, 25.687846661254202], [-80.34059372144026, 25.687798661552506], [-80.34169172143224, 25.687775661064567], [-80.34389572271047, 25.68769666100907], [-80.34479672395729, 25.68765966121099], [-80.34565972287432, 25.68764966102292], [-80.34764672351925, 25.68760666174276], [-80.34868572396003, 25.687570660883846], [-80.349711723982, 25.687516660789385], [-80.35077172433917, 25.68748666099617], [-80.35112572434149, 25.68749866075246], [-80.35136872581235, 25.68748666099617], [-80.35168272473341, 25.68747266168375], [-80.35202172466713, 25.68745466164017], [-80.35267272477037, 25.68741966132278], [-80.35467972550678, 25.687387661139248], [-80.35474172543107, 25.68738466018557], [-80.35544772668422, 25.687359660870406], [-80.3566157260981, 25.68731266075129], [-80.356840726229, 25.687303661932056], [-80.35726872674948, 25.68730166075518], [-80.35780472632669, 25.687294660683534], [-80.35802672608453, 25.687281660318085], [-80.35850472593543, 25.68725366083387], [-80.35924772699849, 25.68723866090509], [-80.36020172705045, 25.687206659863385], [-80.36050372717426, 25.687186661029422], [-80.36069872806623, 25.687176660801644], [-80.36074872739663, 25.687173660652192], [-80.36081072642259, 25.6871706613122], [-80.36133672685239, 25.687142661801893], [-80.36244672743825, 25.68713265995134], [-80.3639277286432, 25.68708066083894], [-80.36585772848841, 25.686982660426178], [-80.36674572841814, 25.686957660217104], [-80.36693972858689, 25.68695266049848], [-80.36777672936128, 25.68693366059433], [-80.36878572966482, 25.686902660872036], [-80.36921372928698, 25.68688666111667], [-80.36964672983035, 25.686871660332137], [-80.36988272983191, 25.68686766039246], [-80.3704737296607, 25.686847661501577], [-80.37187573032462, 25.68679966139733], [-80.3729987313293, 25.686768659211538], [-80.37348173120304, 25.686758660567747], [-80.37388873090883, 25.686750659871123], [-80.37447473161306, 25.686721660478316], [-80.37587773120357, 25.686674660107474], [-80.3764137316791, 25.686654660374646], [-80.37790473203148, 25.686615659874057], [-80.37916173293046, 25.68655666042096], [-80.37963273221034, 25.68656066118063], [-80.38058773298552, 25.68653365969321], [-80.3818867337173, 25.686490660010207], [-80.38218973366598, 25.68648966022449], [-80.3845777341689, 25.68639966004625], [-80.38569773480053, 25.68633066018737], [-80.3870697344289, 25.686255660753005], [-80.38779673559846, 25.686226660430158], [-80.38784373545413, 25.686224660044726], [-80.38831573545723, 25.686205660024463], [-80.38894273616934, 25.686171659938033], [-80.38916373520397, 25.68614366019291], [-80.38922373547842, 25.686135659454983], [-80.3893277352355, 25.68613465966628], [-80.39010773610848, 25.68612965991311], [-80.39083973730092, 25.686111659666597], [-80.39158573604207, 25.686121659983783], [-80.39209173638038, 25.686118658998215], [-80.39296273659166, 25.686135660264526], [-80.39391273734395, 25.686154661105498], [-80.3959017367404, 25.68606666025273], [-80.39804373809434, 25.68599665960157], [-80.39813673708245, 25.685992659632507], [-80.39917573752322, 25.685950659544474], [-80.40065973910121, 25.68589065997127], [-80.40079573864536, 25.685885659398316], [-80.40373573951732, 25.685790658996357], [-80.40710874093266, 25.685659659510822], [-80.40725174014948, 25.68565265934269], [-80.40871374108785, 25.685584658844455], [-80.40886074140096, 25.68558065967111], [-80.40905374084649, 25.685575659085142], [-80.41157674196693, 25.68550965974997], [-80.41171174168615, 25.685506659558534], [-80.41289574279018, 25.685453659132403], [-80.41308474203777, 25.685447659556186], [-80.41339274380596, 25.68543665938786], [-80.41423874210625, 25.685420659435593], [-80.41478974354871, 25.68540265908195], [-80.41482874300846, 25.6854016592871], [-80.41515474342168, 25.685390659114525], [-80.41655474443579, 25.68534365902809], [-80.41756974368879, 25.685328658858804], [-80.41842574472976, 25.68528465894501], [-80.4199067450364, 25.68522365924003], [-80.4206677447445, 25.685197659674795], [-80.42076074373261, 25.685193658059795], [-80.42157774531384, 25.68516265788471], [-80.42281474522301, 25.68507165933496], [-80.42291974570331, 25.685069658930143], [-80.42486574634037, 25.685032659125667], [-80.42739874750657, 25.685050659535218], [-80.42754474619812, 25.685051658523463], [-80.42895074706, 25.68501965851336], [-80.42961074738409, 25.685005659720574], [-80.42993974727206, 25.684974658687008], [-80.42995374751575, 25.68574465885971], [-80.42996174791168, 25.686199658057486], [-80.4299627477366, 25.686241658867274], [-80.42996474828473, 25.686295659539724], [-80.42998974750077, 25.687060658745665], [-80.43006374801894, 25.688474658740084], [-80.43017074725074, 25.691019660680002], [-80.43019774701492, 25.692129661214178], [-80.43023774719789, 25.69300466141364], [-80.43025674836278, 25.693429660486043], [-80.4302947479976, 25.694277660306373], [-80.43033774765532, 25.6951706614121], [-80.43037274691709, 25.69623966130676], [-80.43040874780043, 25.697328661690072], [-80.43042874789192, 25.697931662267283], [-80.43044474778544, 25.69841266177982], [-80.43049174853942, 25.69944966314663], [-80.43056374761112, 25.701303661682307], [-80.43064574852521, 25.703280663799433], [-80.43072374834301, 25.705139663950415], [-80.43076274780276, 25.70601166356544], [-80.43077874859459, 25.70659566467366], [-80.43077974752119, 25.706642664466397], [-80.43078074824442, 25.706669663822296], [-80.43078174806932, 25.706729664257644], [-80.43080874873183, 25.70771866463335], [-80.43084674836666, 25.70867266514827], [-80.43087574867899, 25.70945466502843], [-80.4309127484889, 25.710770665110203], [-80.43097274876335, 25.711789666048883], [-80.4309907483067, 25.71251966553659], [-80.43107074867264, 25.713883667058948], [-80.43116374766073, 25.71661966639516], [-80.43119374869629, 25.71731166718115], [-80.43122774813317, 25.71799966747599], [-80.43125074859769, 25.71868266783358], [-80.43128074873493, 25.71936266735924], [-80.43130474812605, 25.720050667122006], [-80.43134174793599, 25.72119866826947], [-80.43136574912374, 25.7225066680229], [-80.43138974851487, 25.723191668162276], [-80.43141274897941, 25.723898668918014], [-80.43146974888082, 25.725200668919587], [-80.43150974906379, 25.72586867009161], [-80.43153974920101, 25.726550669512797], [-80.4316507495291, 25.728347669740298], [-80.43146374903304, 25.728394669841602], [-80.43128374910798, 25.728440669681703], [-80.43086574863324, 25.728455670892384], [-80.42952174859394, 25.728505670868014], [-80.42764974847505, 25.728565670001757], [-80.42745674723288, 25.72856367032785], [-80.42577374636156, 25.72861166896645], [-80.42504074714087, 25.728633670224262], [-80.42457074678758, 25.728646669310304], [-80.423670746264, 25.728672669905897], [-80.42366874661418, 25.728636670137977], [-80.42352774614886, 25.728640670292563], [-80.4235177461031, 25.728616670172286], [-80.42349974655977, 25.728605669946937], [-80.42343174678771, 25.728593669479245], [-80.42331374588862, 25.728603670273703], [-80.4231987471592, 25.72864466963776], [-80.42313974670967, 25.728653670187096], [-80.42276874609057, 25.728655669859496], [-80.4224687456166, 25.728656670100307], [-80.42169574621295, 25.728691669621664], [-80.42118974587464, 25.728697670255347], [-80.42020474586056, 25.728732668955374], [-80.41965574496624, 25.728762669682638], [-80.41895874573055, 25.728778670283223], [-80.41778074357599, 25.72882967036238], [-80.41713574511715, 25.72883966951848], [-80.4168777453743, 25.728835670179848], [-80.4167167448175, 25.728852670200514], [-80.41635374459433, 25.728867669740698], [-80.4162447457127, 25.728865670071865], [-80.41613574503445, 25.728840670567], [-80.41611574404465, 25.72882967036238], [-80.41609474322993, 25.728825670214153], [-80.4159777448507, 25.728827670692915], [-80.41589274446189, 25.72884766981386], [-80.41587774439327, 25.728859670255922], [-80.41584574460622, 25.728921670497463], [-80.41566974577744, 25.728919670020286], [-80.41568374512282, 25.729214670444485], [-80.41375674385404, 25.72927066989645], [-80.41268874399927, 25.729290671370634], [-80.41166274307899, 25.729324670470177], [-80.40966574238828, 25.729396670387747], [-80.40780374231515, 25.729455670456286], [-80.40767374261881, 25.729454671031448], [-80.4076027424737, 25.7294546702222], [-80.4072177416109, 25.729467670027734], [-80.40561074090758, 25.72952167051199], [-80.40361974096301, 25.729583671217576], [-80.40159373995999, 25.729649671202218], [-80.40105474000974, 25.72967367192323], [-80.40062174036471, 25.72959067122994], [-80.39961973973386, 25.729640670728273], [-80.39967173961239, 25.731131671435307], [-80.39973973938446, 25.73251267265367], [-80.39974773978038, 25.733158671981514], [-80.39973474025989, 25.733501673117797], [-80.39977674009269, 25.73409767189601], [-80.39984174039002, 25.73607567220875], [-80.39984674041288, 25.736756671978092], [-80.39989573991839, 25.73753067281393], [-80.39993073918018, 25.738286673017285], [-80.3999677398884, 25.738542673186462], [-80.39995474036793, 25.738867672183282], [-80.40001373991915, 25.740036673529215], [-80.40001273919594, 25.740231673333795], [-80.40002274013999, 25.740392672848298], [-80.40001474064239, 25.740668673704896], [-80.40000573952322, 25.740943673783047], [-80.4000797400414, 25.74191667404366], [-80.40007573984344, 25.742192673788125], [-80.40010174068102, 25.742603674260003], [-80.40013673994281, 25.743429673023357], [-80.40013373956975, 25.744022674276398], [-80.39966774031275, 25.744051674269958], [-80.39935874051628, 25.74405067415869], [-80.39846273929233, 25.744074674399325], [-80.39613073886588, 25.744156674578058], [-80.39537973920352, 25.744169674393977], [-80.39404273973524, 25.744223674672217], [-80.39319273854206, 25.74425867527399], [-80.39259473724393, 25.744261674793368], [-80.39226173805632, 25.744290674728596], [-80.39212273724083, 25.744332674454824], [-80.39171673735997, 25.744402674774697], [-80.39111273890902, 25.744601674314424], [-80.39049473841771, 25.744960674832697], [-80.39007673614634, 25.745310674978864], [-80.3897967375605, 25.745544674839017], [-80.38950973750534, 25.74576067492329], [-80.38913673723641, 25.74592167503784], [-80.38874373687604, 25.746075675083976], [-80.38835773618834, 25.746182674599183], [-80.38787173683983, 25.746252675447376], [-80.38489473615795, 25.746344675852104], [-80.3847517360428, 25.746348674601613], [-80.38464773538743, 25.746347675318813], [-80.38459973570686, 25.746346675226878], [-80.38435673513428, 25.746344675852104], [-80.3842577354001, 25.74636167498683], [-80.38409473609178, 25.74638967512704], [-80.38394673595378, 25.74641567507794], [-80.38332373543962, 25.74642567599116], [-80.38302773516361, 25.746429675547077], [-80.38213073501306, 25.7464456761968], [-80.38082673515675, 25.746459675853266], [-80.38006373490052, 25.746476674971532], [-80.37836973415854, 25.746481674616547], [-80.37761273375008, 25.74651067562818], [-80.37591873300809, 25.74651867554329], [-80.37495773328345, 25.746550675198343], [-80.37486873269667, 25.746554675559185], [-80.37386673296415, 25.746591675654056], [-80.37333273124013, 25.746602675023986], [-80.37295273219686, 25.746610675742033], [-80.37288673207462, 25.74661267592146], [-80.37183073191541, 25.746672676433842], [-80.37138873204954, 25.74666667589849], [-80.37062873216634, 25.746655675725354], [-80.3697817313462, 25.74666467571997], [-80.36867173076033, 25.74671067577172], [-80.3677137305104, 25.746718675673364], [-80.36781473079274, 25.74870467605711], [-80.36791173177544, 25.7505236767569], [-80.36791173087713, 25.750878676964966], [-80.36796273093076, 25.752251677348205], [-80.36801773118235, 25.75299067794023], [-80.36801673135743, 25.753201678069033], [-80.36806873123597, 25.75428467784214], [-80.3680717307107, 25.754356678010367], [-80.36813473135821, 25.755564678008763], [-80.36813373153329, 25.755788677772447], [-80.3682117313511, 25.75725267969285], [-80.36826673160267, 25.7582966784664], [-80.36830173086447, 25.75902467882215], [-80.36841073154272, 25.761304679817187], [-80.36732373142138, 25.76135267979337], [-80.36540873074647, 25.761403679645664], [-80.36471073078756, 25.761423679756263], [-80.36356372859512, 25.76145667940551], [-80.36285972968676, 25.761478680245286], [-80.36039972921378, 25.761553679988495], [-80.36041072908445, 25.761644679095518], [-80.36041473018072, 25.76170267937013], [-80.36041972930529, 25.761781679628847], [-80.36042372860493, 25.761837679104506], [-80.36042472932814, 25.761857679141993], [-80.3604357291988, 25.76185667998968], [-80.36043772795031, 25.76188267979088], [-80.36047472955687, 25.762299679838527], [-80.36051072864356, 25.76280068019963], [-80.36056572979346, 25.76351067977559], [-80.36057872931394, 25.763672680045584], [-80.36062072914673, 25.764225680475445], [-80.35980372846382, 25.764259680095964], [-80.3594487286366, 25.76427268013865], [-80.3589937283519, 25.764292680574933], [-80.35863872852468, 25.76430668055472], [-80.35870472864691, 25.765190680673374], [-80.35919972911454, 25.765170680388387], [-80.36069772913963, 25.76511768066859], [-80.3607167294062, 25.76535767992814], [-80.36075172866799, 25.76580468098708], [-80.36082072916328, 25.76655468131701], [-80.36087272994013, 25.767262681260483], [-80.36092173034395, 25.76776368170954], [-80.3609917288675, 25.768754681373256], [-80.3615957309117, 25.76874468153145], [-80.3634407294698, 25.76868068203852], [-80.3639907292907, 25.76867168128544], [-80.3654877312875, 25.768620681319643], [-80.36649173066985, 25.768593681471646], [-80.36899773117358, 25.768454681707524], [-80.36907573099136, 25.76963168145422], [-80.36917273197406, 25.770732681408912], [-80.36926873223351, 25.771879681675486], [-80.36927373135808, 25.772067681845908], [-80.36927973210418, 25.772226682140538], [-80.36932973143458, 25.77244668171864], [-80.36931773173902, 25.772755681444842], [-80.36935573227217, 25.773191682813135], [-80.36936673214282, 25.77327768257103], [-80.36940673232579, 25.77360268278643], [-80.36946873225007, 25.77437168206602], [-80.36950773260814, 25.774849682608437], [-80.36954573224295, 25.775200683491548], [-80.36954473151974, 25.775369682108312], [-80.36955673211361, 25.775587682639436], [-80.36953873077364, 25.776131683182747], [-80.36947973212072, 25.776875683147015], [-80.36945273235654, 25.77720968332064], [-80.36943873211283, 25.777388683043647], [-80.3693937328053, 25.777673682926558], [-80.36933773272882, 25.77803268376314], [-80.36932773178475, 25.778094684225735], [-80.36918473256794, 25.778996683507362], [-80.36905173339687, 25.780123683779454], [-80.3689767330538, 25.7807506843413], [-80.36892273262711, 25.781069684703343], [-80.36882673236765, 25.781598685025596], [-80.36880273207822, 25.781872685164192], [-80.36868073277779, 25.781887684480417], [-80.36860473171149, 25.78189668503991], [-80.36808573185272, 25.78189468464601], [-80.36438873057227, 25.78187968452178], [-80.35306872819874, 25.78183268536055], [-80.35309472723971, 25.78161468498024], [-80.3531207280773, 25.781407685198186], [-80.35314772694316, 25.781222685470244]]]}}, {"type": "Feature", "properties": {"OBJECTID": 8, "ID": 13, "COMMNAME": "Rene Garcia", "GlobalID": "ae6bd409-64f8-471e-8a1a-bf4b40c76996", "Shape__Are": 78167669.69335938, "Shape__Len": 53404.004105539585}, "geometry": {"type": "Polygon", "coordinates": [[[-80.34164072856512, 25.957175729878543], [-80.34125572949898, 25.957173730026856], [-80.34119972852416, 25.957171730175137], [-80.34114372844768, 25.957168730397488], [-80.34087972885703, 25.95715772959674], [-80.34072872834598, 25.957150730114616], [-80.34027772915758, 25.957131729095085], [-80.34012772847144, 25.957125729537676], [-80.34004572845568, 25.957121729832572], [-80.33992272753372, 25.957116729393295], [-80.33930772831378, 25.957090728882584], [-80.33910372809929, 25.957082729469853], [-80.33831172932736, 25.957085730057386], [-80.33600672686848, 25.957092730351075], [-80.33325072611952, 25.957101729689594], [-80.33178772625455, 25.957106730129507], [-80.32672472429519, 25.957121729832572], [-80.32671472514777, 25.957122730566553], [-80.32669172468324, 25.95703172916242], [-80.32664372410436, 25.956722729487833], [-80.32662272418794, 25.956618729485466], [-80.32660772411934, 25.955959729780886], [-80.32655072421792, 25.95348272937176], [-80.32652572410356, 25.952342729017513], [-80.32640372480314, 25.950050729279873], [-80.32636672499322, 25.948519727284456], [-80.32636272389695, 25.94833672806649], [-80.32635372367612, 25.947958727920604], [-80.3261487236367, 25.942880726709785], [-80.32612772372032, 25.942347726168073], [-80.32596772298842, 25.942347726168073], [-80.32541872478905, 25.942347726168073], [-80.32486372404696, 25.942349725463814], [-80.32461072342866, 25.942350725515567], [-80.32380472351471, 25.942357725877628], [-80.32356772368824, 25.9423547273381], [-80.32322172228521, 25.94235072632337], [-80.32260672306528, 25.94233472710984], [-80.32225372288787, 25.94229072643416], [-80.32148072258587, 25.942047726408735], [-80.32079472232253, 25.941781726198375], [-80.32033372219007, 25.94163672598255], [-80.31940672190231, 25.94157172624568], [-80.31927072145987, 25.941570726187305], [-80.31860972041257, 25.94156672595374], [-80.31778972115323, 25.94156172646939], [-80.31747272275746, 25.941559726352473], [-80.31663572108474, 25.941554726060026], [-80.31653772117545, 25.941553726001512], [-80.31630472154694, 25.941552725942987], [-80.31606472134743, 25.941550725825913], [-80.31592772018176, 25.941549725767363], [-80.31552672032376, 25.941547726458047], [-80.314801721499, 25.941600727126936], [-80.31464072004387, 25.941639726963757], [-80.31454272103291, 25.941662725867253], [-80.31427472034599, 25.9417277263617], [-80.3134237202262, 25.942028726182837], [-80.31261272028938, 25.942293726590908], [-80.31222971997472, 25.94233372705795], [-80.3113907195505, 25.94235772668542], [-80.31028171789124, 25.942389725911838], [-80.30938271809086, 25.94238872666821], [-80.30694171878281, 25.942386726565335], [-80.30684171832537, 25.940726726402026], [-80.3068717184626, 25.940050726201328], [-80.30683571847759, 25.939410725695957], [-80.30687871813531, 25.938866725521212], [-80.30703171739786, 25.937950725816798], [-80.3072507194776, 25.93720672502662], [-80.30727671851855, 25.937118725482343], [-80.30762771904617, 25.93637172478481], [-80.30763671836867, 25.936356725669636], [-80.30799671821877, 25.93571872469855], [-80.30818171816672, 25.935371723851738], [-80.30819571841042, 25.935345725001966], [-80.3083567189672, 25.935058725044428], [-80.3083857183812, 25.93499872467221], [-80.30864071864934, 25.93448072498124], [-80.30881171835355, 25.934183724937455], [-80.30904971800494, 25.93377072429039], [-80.3091517190105, 25.933477724580914], [-80.30937071929363, 25.932842723765816], [-80.30950871938586, 25.932178724413365], [-80.30966571884639, 25.931524723563918], [-80.30966171864843, 25.93021672309345], [-80.30962071774225, 25.929338722896585], [-80.30959871889924, 25.928858723228988], [-80.3096097187699, 25.928762723384008], [-80.30966671867131, 25.928291722910522], [-80.309651719501, 25.927976723529675], [-80.30964071873203, 25.927920722671892], [-80.30962671848833, 25.92784972320516], [-80.30961371806954, 25.927786722675325], [-80.3095817191808, 25.92762372305893], [-80.3095187185333, 25.927308722700495], [-80.30949671879199, 25.92684172280492], [-80.30943971889059, 25.92533372177087], [-80.30941271822809, 25.925131722360348], [-80.3094057185554, 25.92490372225783], [-80.30940271818235, 25.924767722468598], [-80.30939671833458, 25.92467472151248], [-80.30473671767967, 25.924728721894144], [-80.29726171492794, 25.924771722464634], [-80.29402471395505, 25.92498972244752], [-80.29359871308439, 25.925021722351776], [-80.2931767142083, 25.925028722127692], [-80.29312571415468, 25.924683722520378], [-80.29306671370513, 25.923254722107032], [-80.29300971380374, 25.921522722768273], [-80.29302071367438, 25.921187721677136], [-80.29294271385656, 25.91975972194741], [-80.29292871361288, 25.919480720740737], [-80.29285071289675, 25.917787721355182], [-80.29285071289675, 25.917582721155373], [-80.29282071455616, 25.916967720841253], [-80.29265371325326, 25.913487719745483], [-80.29264771340547, 25.913368719928936], [-80.29264571375566, 25.91333071911349], [-80.29263771335974, 25.91315671964591], [-80.2925367130774, 25.91040071845425], [-80.2925167129859, 25.90986871839123], [-80.29237271394418, 25.905785717694172], [-80.29217371285425, 25.902449716880923], [-80.29206771254903, 25.899963716708626], [-80.29204271243466, 25.899351716277835], [-80.29204271243466, 25.899176715165694], [-80.29201971286844, 25.898845716120494], [-80.29200471279982, 25.898620716564153], [-80.29194171215232, 25.897467715593002], [-80.29190571216733, 25.89681971554468], [-80.29187771167992, 25.896316715554644], [-80.28771471114247, 25.896477715543753], [-80.28536971119557, 25.896535715245086], [-80.28623971068362, 25.89665671514329], [-80.28699971146513, 25.896839716222924], [-80.28752171079863, 25.89708671583472], [-80.28694771068825, 25.896960715809445], [-80.28523571040294, 25.896926715497376], [-80.28423571032025, 25.896860714911174], [-80.2833737103298, 25.89669471567344], [-80.28238971014062, 25.896367715474568], [-80.28177470912406, 25.89620371562184], [-80.28119370934103, 25.896177715407443], [-80.27953170928441, 25.896183715643915], [-80.27546770848117, 25.896272715479245], [-80.2754347079709, 25.895184715302697], [-80.27542870722479, 25.894985714905836], [-80.27542370810025, 25.89482571495254], [-80.27539670743775, 25.894451715528827], [-80.27538470684387, 25.89388471543434], [-80.27537470769643, 25.893440715130584], [-80.27533970753635, 25.89188371523371], [-80.27538770721692, 25.891752714522127], [-80.27545870736202, 25.891584714408495], [-80.27527970816018, 25.890280714131706], [-80.27525570876907, 25.889567713291342], [-80.27524870729974, 25.889185713389626], [-80.27524470710178, 25.88895171350363], [-80.27524370727687, 25.88890471401627], [-80.27508270761838, 25.88891171351123], [-80.27509970733682, 25.888736713890246], [-80.27512370672797, 25.888504714131344], [-80.27425870726277, 25.888691713714877], [-80.27347370726523, 25.8887457136], [-80.27285270729921, 25.888764714331938], [-80.26987170552104, 25.888855713499105], [-80.2674347046143, 25.888929714519694], [-80.26737370541323, 25.88608071326684], [-80.26735370442344, 25.885129713019232], [-80.26735070494871, 25.88500371235313], [-80.26723870569404, 25.882448713437736], [-80.26719970533598, 25.88184471157515], [-80.26418770449398, 25.881927712370135], [-80.26305370361867, 25.8820257118607], [-80.26220370332376, 25.882026711615918], [-80.2605297035716, 25.88203271257168], [-80.26046370255106, 25.882033711518627], [-80.26039770332713, 25.878225711245435], [-80.26037270321277, 25.876793711205995], [-80.26035670242094, 25.876586711304956], [-80.26032570245879, 25.87631971072118], [-80.26032270208574, 25.87629471078092], [-80.2602697032806, 25.87335671014824], [-80.26025570303692, 25.872406709926512], [-80.26022170270171, 25.870752708275923], [-80.26018070269383, 25.87075370974313], [-80.26014470360714, 25.87075370974313], [-80.2600937026552, 25.870755709444378], [-80.26009270283029, 25.870672708881553], [-80.26009070228214, 25.87057470967088], [-80.26008070223641, 25.870056709952348], [-80.26006070214493, 25.869020709360438], [-80.26005270264731, 25.868671708974844], [-80.26001970213703, 25.86820470895628], [-80.26000670261655, 25.867457708296534], [-80.25997770230424, 25.865753708204323], [-80.25995670238784, 25.864944707980168], [-80.25987270272226, 25.86015870674456], [-80.25984670188468, 25.85864870644673], [-80.25983070199115, 25.857926706613554], [-80.25981370317103, 25.856672705910825], [-80.25981370227271, 25.856630705556512], [-80.25979670255427, 25.855861706632627], [-80.25975370199826, 25.855528705864128], [-80.25974370285084, 25.85538670627319], [-80.2597067021426, 25.852842704709964], [-80.25967870165519, 25.851605705272316], [-80.25966470141148, 25.850886704523322], [-80.25968270185315, 25.85041570447935], [-80.25969770192177, 25.850040704271844], [-80.25969370262213, 25.849963704681397], [-80.2596457011449, 25.848230703450984], [-80.25962070192885, 25.847308703948254], [-80.25959670074111, 25.84645470352279], [-80.25959870218756, 25.84627270366879], [-80.2596077024084, 25.846109703850562], [-80.25963070197461, 25.845956703603527], [-80.25961770155583, 25.845502702804627], [-80.2596167017309, 25.845482703135367], [-80.25981570192253, 25.845482703135367], [-80.26011470257158, 25.845432703138968], [-80.26011670222142, 25.84546770297698], [-80.26016970192487, 25.846375703909295], [-80.26021270248089, 25.847285703628515], [-80.26023170274746, 25.848216703682386], [-80.26026170198638, 25.849148703716825], [-80.26029470249664, 25.84990370388437], [-80.26034070162909, 25.850016705265798], [-80.26045170285549, 25.85005070372152], [-80.26079970211171, 25.850051703747283], [-80.26085270181515, 25.850959704248947], [-80.26086970153361, 25.851913704715546], [-80.26242370253348, 25.851857704949943], [-80.26444670316343, 25.851753704621956], [-80.26648170348894, 25.85168870467367], [-80.2685327046063, 25.85165170503539], [-80.2705667051069, 25.8515977051711], [-80.27259770613277, 25.85151270406224], [-80.27318070736227, 25.851490704573706], [-80.27462970698355, 25.85143670382747], [-80.27457470673195, 25.850528702946256], [-80.2745217061302, 25.849569703283663], [-80.27443970611444, 25.848576703442088], [-80.27441070670044, 25.847632703196687], [-80.27436270612152, 25.84668870430949], [-80.27431570626588, 25.84576070292392], [-80.27423570500162, 25.84470370295762], [-80.27418570567123, 25.84380770226051], [-80.27412270682034, 25.842885702236035], [-80.2740717058684, 25.842020701994894], [-80.27404670575405, 25.841718701620284], [-80.27404370538099, 25.841682702193477], [-80.27404070590626, 25.841643701656725], [-80.27402770548746, 25.841376702176643], [-80.27402370528951, 25.841280701516823], [-80.27401370614209, 25.84107870137311], [-80.27604170589657, 25.84103170062981], [-80.27805970740197, 25.8409647010517], [-80.28005870774248, 25.840908701761357], [-80.28205270806009, 25.84083470138798], [-80.28206070845602, 25.840962701654995], [-80.28206470865398, 25.84102470153242], [-80.28208870804511, 25.841424702073095], [-80.28209070769493, 25.84146170167681], [-80.28209670844102, 25.84155270170176], [-80.28210370901203, 25.841964701587447], [-80.28214570794651, 25.84287870324834], [-80.282172708609, 25.843775702167832], [-80.28221970846468, 25.84469270217633], [-80.28226870886847, 25.845577701938453], [-80.28230070865553, 25.84651370278014], [-80.28232070874702, 25.847415703478827], [-80.28235170960748, 25.848328703401684], [-80.28238370849621, 25.84923070400154], [-80.2824407083976, 25.850246703759097], [-80.28246270813892, 25.851177703947624], [-80.28251570874069, 25.852080704653066], [-80.2825367095554, 25.853023704961863], [-80.2845017095607, 25.852948704082696], [-80.28645870917009, 25.8528847047931], [-80.29019871100655, 25.852754704487396], [-80.29018171128811, 25.85178070411736], [-80.29015871082359, 25.850872703452293], [-80.29016871086932, 25.849934703909224], [-80.29013671018396, 25.84894270312538], [-80.29015771010035, 25.8480187034283], [-80.29014071128024, 25.847164702470312], [-80.29012071118873, 25.846149702973662], [-80.29010271074709, 25.84439070215543], [-80.29008571102865, 25.842590701457844], [-80.2900757109829, 25.841660701684972], [-80.29003871117298, 25.8412087015772], [-80.29003571079994, 25.841171701894368], [-80.2899567102589, 25.840587701390813], [-80.29123871127223, 25.84056470218969], [-80.29187371058364, 25.840607701079172], [-80.29268971144165, 25.84071970153529], [-80.29404571207482, 25.841045701248813], [-80.29418171251726, 25.84107470177503], [-80.29461271161416, 25.841164701188283], [-80.29534171243353, 25.841277701217034], [-80.29545071221347, 25.841279700608414], [-80.2960137133515, 25.841289701607256], [-80.29668971267077, 25.84128570120782], [-80.29674371219915, 25.841285702016307], [-80.29749871295778, 25.841249701649254], [-80.29809671335758, 25.841236701154685], [-80.30100871374214, 25.841167700682455], [-80.3016757128406, 25.841151700684375], [-80.30212071397784, 25.841094701381063], [-80.30290471415047, 25.84099470170011], [-80.30343271333177, 25.840896701332486], [-80.30442971483807, 25.84063070108043], [-80.30394871461412, 25.840364700230303], [-80.3037437145747, 25.840206700901156], [-80.30398671424896, 25.84005470040585], [-80.30409171472925, 25.83999070060696], [-80.30414671408252, 25.839957700987682], [-80.30422271514882, 25.840043700809233], [-80.30425171546112, 25.840065700809948], [-80.30428071487515, 25.840087700806574], [-80.30461571461089, 25.84031970022794], [-80.30486471503124, 25.84051470092305], [-80.30512871462187, 25.84072070083145], [-80.30545071483716, 25.840941701115376], [-80.30568171391754, 25.841118700580445], [-80.30585171559346, 25.84126070113375], [-80.30613571527559, 25.84145370169792], [-80.30633771584027, 25.841597701235134], [-80.30652571526294, 25.84174570098108], [-80.30773671613115, 25.842664701541292], [-80.30894071642837, 25.843548702651493], [-80.3091487159425, 25.84371470219458], [-80.30978471597713, 25.844185701436878], [-80.31012171626102, 25.84442770163993], [-80.31022471619319, 25.844509700346983], [-80.31041371633908, 25.844658702180368], [-80.31065971728468, 25.844828701253984], [-80.31115171737927, 25.845184702165323], [-80.31136371619309, 25.845354701291438], [-80.31183971729244, 25.845689701731395], [-80.31279171769458, 25.846398701980636], [-80.31312971780338, 25.846664703006336], [-80.31373271732774, 25.847098701565905], [-80.31393571771733, 25.847244702414763], [-80.31419071798545, 25.84745470211254], [-80.31434371724802, 25.84758870277195], [-80.31460771773698, 25.84775270221401], [-80.31483871771566, 25.84792370254359], [-80.31503971845542, 25.84806170284204], [-80.31531771828976, 25.848290701863053], [-80.31557771858077, 25.84847370350149], [-80.31592071871243, 25.848736702983548], [-80.31631871819738, 25.849027702847792], [-80.31673971724855, 25.84935970329918], [-80.31720071827932, 25.849683701779394], [-80.31808671945751, 25.850345702870918], [-80.31838871958132, 25.850552703465254], [-80.31871471909622, 25.85080370294221], [-80.3189867190828, 25.850990703188558], [-80.31919871969322, 25.8511647029274], [-80.31937771889504, 25.85129470417272], [-80.31974371949126, 25.85154670289628], [-80.32009571984375, 25.851833703887397], [-80.32061571952744, 25.8522287034082], [-80.32154271981521, 25.85291670403803], [-80.32218472059594, 25.853392704617203], [-80.322252720368, 25.853449703652878], [-80.32256372071264, 25.853663704439068], [-80.32257172110855, 25.85383970346568], [-80.32257572040818, 25.853910702998853], [-80.32257072128364, 25.854172704949246], [-80.32255572031671, 25.85491970388239], [-80.32258672027885, 25.855843705435262], [-80.32262872100995, 25.85709170543356], [-80.32263672050756, 25.85730570528636], [-80.32264972092635, 25.857813704707805], [-80.32273271986871, 25.8629967068851], [-80.322736720965, 25.863265706688473], [-80.32285172149103, 25.86663870714225], [-80.32285172059272, 25.866937707272083], [-80.32285372203917, 25.867679706986106], [-80.32289672079855, 25.86931670710781], [-80.32290371957295, 25.869507707420652], [-80.32290372047126, 25.869597707824987], [-80.32290672084432, 25.869659707237396], [-80.32290472119449, 25.869766708363088], [-80.32313972047281, 25.869764707836808], [-80.32327372126544, 25.869763707977803], [-80.32333272171498, 25.86976270811879], [-80.32330772070229, 25.87045470876165], [-80.323321720946, 25.87077470822112], [-80.32337371992624, 25.87193670817482], [-80.32339672128907, 25.872714708515964], [-80.32343272127409, 25.87342570880921], [-80.32327672074015, 25.873427709273496], [-80.32327972111321, 25.873515708653763], [-80.32347072090893, 25.877045708909122], [-80.32356772189162, 25.878847709915686], [-80.32364672153433, 25.88069171080809], [-80.32366672162581, 25.88117171091096], [-80.32379072147437, 25.884070711645872], [-80.32393372158951, 25.88749671283917], [-80.32398572236636, 25.888735712575517], [-80.32413672197909, 25.891248713463934], [-80.32420772212421, 25.893141713400667], [-80.32405772233638, 25.89234871361216], [-80.32416072137022, 25.895297713786817], [-80.32418372183477, 25.89782871442207], [-80.3242637222007, 25.89856871477038], [-80.32426772239866, 25.898692715466822], [-80.32427072277171, 25.89875471495808], [-80.32430772347995, 25.898754715766184], [-80.32447772156264, 25.89875571618782], [-80.32452872251459, 25.898755714571628], [-80.32458372186784, 25.898754715766184], [-80.32460172141118, 25.89875471495808], [-80.32463872211943, 25.898754715766184], [-80.32624672174936, 25.898748714852335], [-80.32705172363502, 25.898755714571628], [-80.32745272349301, 25.89875571537973], [-80.32784372330528, 25.89875571537973], [-80.32928772380201, 25.89875571537973], [-80.32966772374358, 25.89861071476019], [-80.32999772435478, 25.898498715023518], [-80.33037972394621, 25.89838571475577], [-80.33076472391068, 25.89829071557685], [-80.3311667244919, 25.89819571551336], [-80.33146772389247, 25.898145714385937], [-80.33181272457227, 25.898098715327087], [-80.33212672528995, 25.898075714388145], [-80.33286372560691, 25.898053715488516], [-80.33475072579442, 25.898067715009145], [-80.33819572628146, 25.898040714777732], [-80.3383737265567, 25.898051713825218], [-80.34001272614877, 25.89805171463332], [-80.34033372653914, 25.898060715249038], [-80.34068972619129, 25.898059714821503], [-80.3413737268048, 25.89804971458619], [-80.34172872753037, 25.898045714491825], [-80.34322172753258, 25.89806171486847], [-80.34389972829833, 25.898073714341425], [-80.3443977282407, 25.898118714980463], [-80.34497372889919, 25.898186714907936], [-80.34566372846217, 25.89836771438132], [-80.34613872794002, 25.898536714960517], [-80.34664772865136, 25.89876371471209], [-80.347066728951, 25.89900071418255], [-80.3474817290527, 25.899260714697554], [-80.34783572815672, 25.899548714947368], [-80.34786472846905, 25.899582714503982], [-80.34792172837045, 25.89963171541639], [-80.34823972928608, 25.899959715062977], [-80.34859872841297, 25.900408714697324], [-80.3488897295644, 25.900796715449246], [-80.34912872993901, 25.901215715232407], [-80.34929372979546, 25.901634715143796], [-80.34944672905803, 25.902135715113452], [-80.34962272968343, 25.9028537163044], [-80.3496697295391, 25.903417715794046], [-80.3497187299429, 25.90426271565859], [-80.34975872922755, 25.905380716632965], [-80.34978372934191, 25.906093716479052], [-80.34991673030962, 25.90901371655244], [-80.3500647295493, 25.9128677183794], [-80.3500847296408, 25.913383717929786], [-80.35023473032693, 25.91579471912839], [-80.35035573070077, 25.91931172027368], [-80.35044073019125, 25.921069720168894], [-80.35048873077014, 25.92241572148866], [-80.35074473086317, 25.927285721802665], [-80.35074173049014, 25.927322721172366], [-80.35074173049014, 25.927363721246422], [-80.35076073075672, 25.927803722424077], [-80.35076573167788, 25.927919722497638], [-80.35088872990492, 25.9313267232283], [-80.35110973073617, 25.9367577241394], [-80.35138873129374, 25.942192725310765], [-80.35139473114154, 25.942254726162844], [-80.35140173081422, 25.942429725538485], [-80.35140273243576, 25.94246972515154], [-80.35141173085995, 25.942688725558938], [-80.35141673088283, 25.94280972575691], [-80.35156273137102, 25.947517726889803], [-80.3515767307164, 25.9477157274745], [-80.35161873144752, 25.948375727288067], [-80.351631730968, 25.948578727232118], [-80.35167273187417, 25.949344727099955], [-80.35167573045061, 25.949406727417482], [-80.35194673151057, 25.95442272820354], [-80.35203073207448, 25.955515729016106], [-80.35208073140488, 25.95670472913675], [-80.35208473160284, 25.956730728925034], [-80.35208573232605, 25.956840729208373], [-80.35136973192549, 25.956841729137054], [-80.35138673164391, 25.956967728967076], [-80.35034173135537, 25.956995729359708], [-80.34934173127266, 25.9570147287858], [-80.34833673026877, 25.957025729599916], [-80.34708873048895, 25.9570407293133], [-80.34531073008138, 25.957060729466644], [-80.34411372945688, 25.957057729686166], [-80.34357872880628, 25.957116729393295], [-80.34311172972434, 25.957166729737985], [-80.3430317293584, 25.957168729589792], [-80.34297872875665, 25.957171729367438], [-80.34292772870303, 25.957175729878543], [-80.34281772909814, 25.957174729952705], [-80.34193872938927, 25.957174729952705], [-80.34164072856512, 25.957175729878543]]]}}, {"type": "Feature", "properties": {"OBJECTID": 9, "ID": 3, "COMMNAME": "Keon Hardemon", "GlobalID": "fcf13d3e-0f6c-4f4e-8811-d19ad31f8af9", "Shape__Are": 84024032.10742188, "Shape__Len": 55608.38920621191}, "geometry": {"type": "Polygon", "coordinates": [[[-80.18968168276412, 25.884396715463886], [-80.18946668267897, 25.884089714746565], [-80.18938168229016, 25.883957714537633], [-80.18930168282253, 25.883851713883416], [-80.18913468151965, 25.883596715312695], [-80.18902168244004, 25.88340771463803], [-80.18896468343695, 25.883326714371734], [-80.18885368221056, 25.88313071342764], [-80.18873968240774, 25.882958714178454], [-80.18868468215615, 25.882898714776132], [-80.18841168144635, 25.882522713624777], [-80.18824368121687, 25.88227971407085], [-80.18797268195353, 25.88181371426241], [-80.18792868247091, 25.88176671355008], [-80.1877806814346, 25.88153471383524], [-80.18767568185262, 25.881386713792978], [-80.1876466815403, 25.881353713605353], [-80.18760768208055, 25.88128471472622], [-80.18735768183531, 25.880914713489503], [-80.18730668178168, 25.880798714064493], [-80.18724268130924, 25.88067971360929], [-80.18714568122489, 25.880525713888133], [-80.18706768140707, 25.880428712921553], [-80.1869336824111, 25.880236713523008], [-80.18690068100248, 25.880170713304075], [-80.18660768199784, 25.87978871371253], [-80.18655968141896, 25.879687713848845], [-80.18644968091579, 25.87953771274758], [-80.18628368123443, 25.879357713275972], [-80.18622768115793, 25.879262713331993], [-80.18601468162092, 25.878991713208016], [-80.1859006809198, 25.878889712880987], [-80.18588968104913, 25.878864712676457], [-80.18585168141429, 25.878813713277346], [-80.18580868085829, 25.878637713454474], [-80.18578968149002, 25.87859571282425], [-80.1857676817487, 25.878581712610856], [-80.18571968116983, 25.878507713995518], [-80.18573068104048, 25.87846571331907], [-80.18580268101051, 25.87826071349777], [-80.18579068131493, 25.87824471286199], [-80.18575868062958, 25.878221712904036], [-80.18573568106336, 25.878182713105655], [-80.18569667980698, 25.878069712788168], [-80.18556068116116, 25.87786271269864], [-80.18542968074159, 25.877637711943866], [-80.1853376815784, 25.87752771371786], [-80.18519068216361, 25.87727971299178], [-80.18511168162259, 25.87717171321677], [-80.18504868097509, 25.877109713705448], [-80.184991681972, 25.877027712554916], [-80.1848096806005, 25.876820713063967], [-80.18474468030315, 25.876713712669467], [-80.18459368069043, 25.87649471257958], [-80.1845216807204, 25.876411712007606], [-80.18424868001061, 25.875991712474484], [-80.18422068042153, 25.875959713010758], [-80.18420268087817, 25.8759217122724], [-80.18405068054221, 25.875774712278773], [-80.18393468019126, 25.875690712200278], [-80.1838536800004, 25.875609712298942], [-80.18371868028119, 25.8754977125634], [-80.18358368056197, 25.875353712285523], [-80.18296868044372, 25.874744712233902], [-80.18290567979622, 25.874689712594922], [-80.18274667888926, 25.874534712519345], [-80.1826636799469, 25.874467712528013], [-80.18244668021191, 25.874234712395], [-80.18239968035627, 25.874172712150372], [-80.18222968047695, 25.873987711852774], [-80.18209967988228, 25.873866712161128], [-80.18201067929552, 25.873800711615782], [-80.18179467938545, 25.873808711830808], [-80.1815796801986, 25.873817711869993], [-80.18123867971676, 25.873835711946313], [-80.18071867913476, 25.87386271205565], [-80.1797786793265, 25.87389571191148], [-80.1786316789307, 25.87393371168507], [-80.17846767800086, 25.87393971224376], [-80.17842267869334, 25.873940712875694], [-80.17710267894348, 25.87679871262819], [-80.176786678576, 25.87748371310559], [-80.1749906786251, 25.881374714240135], [-80.17377767810706, 25.88399071399755], [-80.17360367713147, 25.883954715320996], [-80.17182667834544, 25.88402071504149], [-80.17179967768294, 25.88379071438636], [-80.17003567662077, 25.883847714924297], [-80.17005367616413, 25.884048714985237], [-80.16722867581818, 25.884166714732952], [-80.16705867593886, 25.88417371450881], [-80.16686967579298, 25.884301714724344], [-80.16678367557925, 25.88436071448653], [-80.1666386758143, 25.884642714709717], [-80.16605167438685, 25.884674715053603], [-80.16602867482062, 25.88422671591557], [-80.16600967545237, 25.883655713810747], [-80.16613867622212, 25.883401715368542], [-80.16620467454773, 25.882920715692013], [-80.16626167534744, 25.88270571479468], [-80.16623467558327, 25.88270671373594], [-80.16604967563534, 25.88264571526381], [-80.16648567565343, 25.881653714237103], [-80.16654567502957, 25.881505715152187], [-80.16662867576856, 25.88130271366463], [-80.1667366757236, 25.881067714556504], [-80.16676167583796, 25.88101371439272], [-80.16699367564155, 25.88046471428944], [-80.16706267523851, 25.880302714513288], [-80.16736567608555, 25.8796317135031], [-80.16741367666444, 25.879526713591478], [-80.16763867589701, 25.87901471463248], [-80.1678846759443, 25.878522714002564], [-80.16792267557913, 25.878449713519288], [-80.16827067483537, 25.877586712823174], [-80.16873867553882, 25.876736712921076], [-80.16895667689533, 25.87650771323842], [-80.1694886762746, 25.87587171302637], [-80.17029667673668, 25.874819712214684], [-80.17115267598103, 25.87376771173341], [-80.17193267685401, 25.87282671169836], [-80.17228167683349, 25.872371711597435], [-80.17258867698013, 25.871998711209507], [-80.17299467775932, 25.871499712352993], [-80.17314367772224, 25.871317711448583], [-80.17352867768669, 25.870844712281365], [-80.17378367705652, 25.870460711921922], [-80.17469267690264, 25.869462711234252], [-80.17540367728033, 25.868579711360344], [-80.17573767719117, 25.86819471104214], [-80.17598867815965, 25.867858710635822], [-80.17621167774242, 25.867584711391874], [-80.17697767837171, 25.86661471069724], [-80.17729467856411, 25.866237709554387], [-80.1772806783204, 25.86577471080415], [-80.17722467824392, 25.8649167099745], [-80.1771886782589, 25.86402971045086], [-80.17714967790084, 25.86299170972868], [-80.17712467778647, 25.862649709564], [-80.17707367773286, 25.861962708915858], [-80.17703967829598, 25.861366709261723], [-80.1770196782045, 25.861156708404465], [-80.17701867837958, 25.8610177080976], [-80.17701067798367, 25.860529709064046], [-80.17698967806727, 25.86025470905571], [-80.17695867720683, 25.859586708804823], [-80.17693467871399, 25.859158707269795], [-80.17623367838203, 25.859148708590386], [-80.17581067788443, 25.859160708783982], [-80.17571867782291, 25.859163707821736], [-80.17175367675387, 25.859290709321233], [-80.17118967579094, 25.859295708250855], [-80.17120367693296, 25.859720708649572], [-80.16797567438428, 25.8595747078461], [-80.16281267376414, 25.85949170913053], [-80.16174467301103, 25.859480708916543], [-80.16191167431394, 25.859113708759757], [-80.16347067443839, 25.85567770755716], [-80.16177067295031, 25.85577770775802], [-80.16138267351111, 25.855790708271037], [-80.16127367283285, 25.853818707637604], [-80.16110967280132, 25.848436706899513], [-80.16093767237386, 25.842787705051858], [-80.16080767267754, 25.839809703855952], [-80.16067567243304, 25.836771702710436], [-80.16049967270595, 25.833336701017362], [-80.16023467239208, 25.828315700872945], [-80.16006367178956, 25.82691870075757], [-80.15990567160581, 25.824197699651425], [-80.15979267252621, 25.822102699780448], [-80.15959867235745, 25.819635698916915], [-80.15958267156562, 25.818993698354554], [-80.15947067141262, 25.81620169840552], [-80.15939967126751, 25.812971697599725], [-80.15995067181164, 25.811014696280807], [-80.16004567134789, 25.810675696539484], [-80.16009267210187, 25.810507696844926], [-80.16021367157737, 25.81008069604352], [-80.16057767162545, 25.8087896960267], [-80.16112867216958, 25.806969695278617], [-80.1617426724629, 25.80478369483415], [-80.16263867278853, 25.801575693156686], [-80.16325567165828, 25.79937369351425], [-80.16386767230179, 25.797195692606902], [-80.1641306711692, 25.796320693450443], [-80.16496867266683, 25.79324769280573], [-80.16499167313137, 25.793163691553584], [-80.16565667258, 25.79072269142414], [-80.16568767254213, 25.79060569118733], [-80.16571767267938, 25.790499690990636], [-80.16573967331898, 25.79042269068913], [-80.16575767286236, 25.79024269150146], [-80.16584867309894, 25.79004069164733], [-80.16615667307053, 25.788891691172907], [-80.16696267298445, 25.7862176900892], [-80.16846767358055, 25.78186068926899], [-80.16892367458844, 25.77990668815674], [-80.1689716724724, 25.779704688493705], [-80.16923267438493, 25.77982268958804], [-80.17188567520172, 25.780976687947344], [-80.17291367487351, 25.781753688742064], [-80.17311867581125, 25.78197868821865], [-80.17332467477725, 25.78220668906481], [-80.17364467534271, 25.78257768818514], [-80.17376467589163, 25.782763688820523], [-80.17428267502717, 25.78356568935938], [-80.1746366750295, 25.78415868914202], [-80.17528867405933, 25.78525968937515], [-80.17549267607048, 25.785577689982187], [-80.17566367667303, 25.785839689480472], [-80.17578367632359, 25.786005689844806], [-80.17623367658541, 25.786469689825683], [-80.1766976761926, 25.786842689672476], [-80.1773616758163, 25.787230690222053], [-80.17800567714518, 25.78741169049241], [-80.1787406760157, 25.7875626900597], [-80.17879567626728, 25.78756469035801], [-80.17931967614894, 25.787588689890804], [-80.18052167679632, 25.787489690876775], [-80.18259467855329, 25.787427689662884], [-80.18512767882117, 25.787269690075746], [-80.18546667875489, 25.78724868972058], [-80.18546167873201, 25.787175690344366], [-80.18544267936376, 25.787012690057015], [-80.18550767876276, 25.786959689577877], [-80.1854876786713, 25.786717689210466], [-80.18545267761287, 25.78671769001933], [-80.18544667866341, 25.7866666897218], [-80.1854816788235, 25.7866666897218], [-80.18539167931013, 25.785565689608475], [-80.18540167845758, 25.785549689377934], [-80.18565567890076, 25.785405688823673], [-80.18564367920521, 25.785078689055844], [-80.18551767880851, 25.785014689475677], [-80.1855026787399, 25.78499868997967], [-80.18535767807663, 25.78492769037015], [-80.18535167912715, 25.78489968880357], [-80.18534567838105, 25.784500688814425], [-80.18533367868551, 25.784331688645455], [-80.18534367873124, 25.78430868984348], [-80.18537767816811, 25.784297689113636], [-80.1854036790057, 25.784304689136995], [-80.18547667880063, 25.784255688964812], [-80.18555067842047, 25.784196689423943], [-80.18561167851983, 25.784177689688942], [-80.1856006786492, 25.783913689394822], [-80.18537667924153, 25.783804688740446], [-80.1853406783582, 25.78379468935812], [-80.18532867866263, 25.78376268922592], [-80.18532367863976, 25.783724689613827], [-80.18530967839604, 25.783169688272302], [-80.185313678594, 25.783138689371288], [-80.18532667811449, 25.783124689186522], [-80.18551467843548, 25.78311268856462], [-80.1860576785837, 25.78309968815915], [-80.1860576785837, 25.783068690048726], [-80.18610867863731, 25.78306568989195], [-80.18610867863731, 25.78309668881204], [-80.18708867952684, 25.78306868843095], [-80.18773967873177, 25.783043689009546], [-80.18893667935629, 25.78300968910852], [-80.1889506796, 25.782950688138968], [-80.18895767837438, 25.782815689772274], [-80.1889376791812, 25.782675689086826], [-80.18891367979006, 25.782565688316783], [-80.18890168009449, 25.782388688701957], [-80.18883667889885, 25.782346688686037], [-80.1888186793555, 25.782315688761038], [-80.1888186793555, 25.782280688862077], [-80.18877267932476, 25.782291688970094], [-80.18873667933974, 25.78229268795037], [-80.18871467959845, 25.782264688188377], [-80.18866967849429, 25.78225368888674], [-80.18847367867569, 25.78226568878666], [-80.18789367961587, 25.782278688474648], [-80.18788367867182, 25.78217868847362], [-80.18783867936429, 25.782180688862734], [-80.18776767921918, 25.782193688560035], [-80.18754267998659, 25.782202689096316], [-80.18737267831065, 25.782201688497498], [-80.18621867914048, 25.782240688387123], [-80.18617967878242, 25.78221168801412], [-80.18583667865074, 25.782229689083255], [-80.18530667892132, 25.782238688807908], [-80.18529367850253, 25.782220689357924], [-80.18529067812948, 25.782121689098602], [-80.18524667774854, 25.78087168784311], [-80.18523667860111, 25.780457687751362], [-80.18523367822807, 25.780326688197082], [-80.18583167862788, 25.780315689524645], [-80.18657467879262, 25.78026168786439], [-80.1875656795528, 25.780222688133016], [-80.18758567964431, 25.780221687517503], [-80.18785067905985, 25.78019468788241], [-80.18821167873487, 25.780156687936174], [-80.18825967931376, 25.78015268870746], [-80.18888567840435, 25.78011668755388], [-80.18903468016389, 25.780108687475803], [-80.18918168047698, 25.780100688206094], [-80.18932267914568, 25.780576687900297], [-80.18945968031134, 25.781042687687957], [-80.18950367979396, 25.78123968850923], [-80.18952568043358, 25.781486688518264], [-80.18954767927657, 25.781995688722592], [-80.18956268024348, 25.782968688287067], [-80.19058768044056, 25.782929688636806], [-80.19053768021185, 25.781950688382537], [-80.19051067954935, 25.780994688394998], [-80.19048367888685, 25.780531688639726], [-80.19048168013533, 25.78050168804466], [-80.19046967954145, 25.780027687666024], [-80.19044167995236, 25.779381687633023], [-80.19042867953358, 25.7790806875144], [-80.19061667985456, 25.77907568762423], [-80.19211368095306, 25.779034687869736], [-80.1921096807551, 25.778969687638025], [-80.19210468073221, 25.778886688223736], [-80.19204968048062, 25.77801768719517], [-80.1928426808741, 25.77801268726019], [-80.19379068017993, 25.778006687499733], [-80.19379868057587, 25.778915686982877], [-80.1937996812991, 25.77895068787469], [-80.19379968040077, 25.778984687321316], [-80.19533668078391, 25.778908687450407], [-80.19615068199211, 25.778884687779072], [-80.19626068159695, 25.778880687698564], [-80.19680968159295, 25.77886468818408], [-80.19788368129551, 25.77886368755711], [-80.19954768279857, 25.7787876884176], [-80.19951368246338, 25.77782168732148], [-80.19947168263059, 25.776859687406777], [-80.19971568212974, 25.776850686465114], [-80.19992768274017, 25.776848686795052], [-80.2000716826802, 25.776849687439015], [-80.20116068245137, 25.776827687021623], [-80.20231868271782, 25.77678268714792], [-80.20279168344416, 25.776534686405252], [-80.20358468383762, 25.77767968674847], [-80.20452368471928, 25.777882687259094], [-80.2045536839582, 25.778653687559732], [-80.2064266848003, 25.77858868711927], [-80.20647368465598, 25.778583687208364], [-80.20653668530349, 25.778562686933114], [-80.20660468417722, 25.77852568709394], [-80.20669768496195, 25.77845868694042], [-80.20674968484049, 25.77842168787773], [-80.20691768506998, 25.77829368716163], [-80.20886868483159, 25.779305688016446], [-80.20930368592309, 25.779530688091747], [-80.20994068578263, 25.780170687662338], [-80.21037068505463, 25.780602687645047], [-80.21200568624538, 25.78163168796304], [-80.21468568682636, 25.782566688103635], [-80.21677468668022, 25.783288688936068], [-80.21704768739002, 25.78338068814388], [-80.21754868770543, 25.783523688142463], [-80.21760168740889, 25.783569688473033], [-80.2186366876517, 25.783910687641658], [-80.21886568798055, 25.783986688352247], [-80.21909368848449, 25.784280688130757], [-80.21973968856487, 25.78450568847593], [-80.22216268922789, 25.7851406890712], [-80.2229646898422, 25.785517688101514], [-80.22320869113798, 25.78556168894439], [-80.22326268976803, 25.78560868905461], [-80.22393568961259, 25.786190689392363], [-80.22489869078369, 25.786155689019147], [-80.22505669006911, 25.786149688861688], [-80.22514468993266, 25.78616868828078], [-80.22627569043493, 25.78642368900216], [-80.22850569075412, 25.787159689522177], [-80.22959769089834, 25.78752868902758], [-80.23006969179976, 25.7879656892277], [-80.23120469160166, 25.788762689079224], [-80.23134269169392, 25.788800689503635], [-80.23134269169392, 25.788999689036956], [-80.23134269259224, 25.789019689349587], [-80.23138669207486, 25.790166689947014], [-80.23139769194552, 25.790870690051253], [-80.23143969177832, 25.79150469001468], [-80.23141769203701, 25.79244568980342], [-80.23142769208275, 25.793257691390966], [-80.2314946920299, 25.793688690921524], [-80.23147769231146, 25.79452469102155], [-80.23152969219, 25.795470691112524], [-80.23158169206852, 25.796376691182935], [-80.23160469163474, 25.797296691738794], [-80.23160269378157, 25.797585691758282], [-80.2316076920078, 25.797703692045015], [-80.23162769209928, 25.79820269160241], [-80.23163669232012, 25.79914869226632], [-80.23170269334068, 25.800081692497738], [-80.23174069207721, 25.80100169179455], [-80.23176369254173, 25.8019076924529], [-80.23277969251795, 25.80188669226432], [-80.23380969363622, 25.80185269291391], [-80.23485469482307, 25.801831693524342], [-80.23587069390098, 25.801771692590567], [-80.23590969336074, 25.802748692517753], [-80.23595869376453, 25.803686692376363], [-80.2338726933854, 25.803712692715038], [-80.23373569221974, 25.803649693097686], [-80.2328376931426, 25.803669693364963], [-80.23184469273258, 25.803701692976826], [-80.23185269312849, 25.80380469305888], [-80.23191369232954, 25.80565269380467], [-80.23197669387537, 25.806553693331125], [-80.23198469337298, 25.807478693643098], [-80.23202969357882, 25.80844369455575], [-80.23205969281774, 25.809335695408993], [-80.23088469283286, 25.809393695008904], [-80.2302786911388, 25.809402695097653], [-80.22998669195908, 25.809400695167845], [-80.2296636919189, 25.80941669460535], [-80.22899269262247, 25.809435694338937], [-80.22798469124554, 25.809461695033516], [-80.22805869176369, 25.8113256948754], [-80.22808469170295, 25.811789695215854], [-80.22809169137565, 25.811895694972378], [-80.22810669054594, 25.812139695577287], [-80.22949569168941, 25.812113694661782], [-80.22973969208687, 25.81212769546649], [-80.23083869190377, 25.812091695126803], [-80.23100669303159, 25.812085694664777], [-80.23216569222463, 25.812042695118596], [-80.23316069228447, 25.81203969569507], [-80.23418269390511, 25.812037695001095], [-80.2351106940178, 25.812036695462783], [-80.2355686937772, 25.812036695462783], [-80.23607169374245, 25.812066695356204], [-80.23688069492775, 25.812128695004038], [-80.23729369448131, 25.81215869487416], [-80.23839169537162, 25.812189695082402], [-80.23971969551738, 25.812280695777265], [-80.24042169387762, 25.812311695144896], [-80.24041469510325, 25.812406695504254], [-80.24113769517652, 25.812451694796636], [-80.24198569492327, 25.812474693799388], [-80.24245069615199, 25.812489695713296], [-80.24255069571112, 25.812492695125425], [-80.24277069581913, 25.812492695125425], [-80.24341069605173, 25.812492695125425], [-80.244570695968, 25.81246269533989], [-80.24593769647181, 25.812445694352846], [-80.24746269626108, 25.812380695456035], [-80.24826369794879, 25.812303694813213], [-80.2484836962602, 25.812280694968575], [-80.24848869807968, 25.812550694797075], [-80.2485256978896, 25.81349469588945], [-80.24856369842276, 25.814189695180037], [-80.24856269769953, 25.814398694982486], [-80.24858469833916, 25.81490969442054], [-80.24859969750946, 25.81529569626126], [-80.2486096984535, 25.815564696178015], [-80.24863169819481, 25.816265696511582], [-80.24865469686272, 25.816687696121384], [-80.2486656976317, 25.81702569614241], [-80.24868669754808, 25.81774869682934], [-80.24871069783754, 25.81847969625204], [-80.24873569795189, 25.819226697361373], [-80.24876069806625, 25.81955669676326], [-80.24878569907891, 25.819957696555726], [-80.24882269799053, 25.820709696988246], [-80.24881869779256, 25.821424697300714], [-80.2488436979069, 25.82185069737284], [-80.24888269826498, 25.822201697373963], [-80.24887969699361, 25.822752697668278], [-80.2488776982421, 25.82291569812532], [-80.24892369737455, 25.823686697434656], [-80.24686069745995, 25.823785697746803], [-80.24604969842144, 25.823809698030537], [-80.24528969763993, 25.823812697964588], [-80.2452396965129, 25.82381369821212], [-80.24487769701298, 25.823823698261183], [-80.24490769804851, 25.824761698622968], [-80.24493869711235, 25.8256396970484], [-80.24495069770622, 25.826527699294658], [-80.24498369731819, 25.82747069872172], [-80.24504169794282, 25.828346700086], [-80.24303169683336, 25.828431698434343], [-80.24103369631777, 25.828487699586365], [-80.24101269550306, 25.828488698985826], [-80.24103669579249, 25.82941070041945], [-80.24107669507715, 25.830325700601055], [-80.24111269596048, 25.83114069944603], [-80.24113269605196, 25.83149670030752], [-80.24121469606773, 25.833039700347754], [-80.2412486964029, 25.833541700320612], [-80.2412756970654, 25.834436701796253], [-80.24125469625069, 25.83443770114548], [-80.24025269561986, 25.834480701453028], [-80.23924169566651, 25.834524700284916], [-80.23825169562953, 25.834539700213718], [-80.23721269518877, 25.8345817011362], [-80.23519469458171, 25.834660700540116], [-80.23313969506302, 25.834703700766635], [-80.23318569329714, 25.83562370119282], [-80.23319369369307, 25.835961701324514], [-80.23320669321353, 25.836280701024915], [-80.23321169413474, 25.836420701443103], [-80.23323869389891, 25.83694670167261], [-80.23324269409687, 25.837081701434382], [-80.23324469374668, 25.83715070186402], [-80.23325569361734, 25.837518701589328], [-80.23326469383817, 25.83781870110738], [-80.23326269418834, 25.83801570132852], [-80.23330169454641, 25.83848570292405], [-80.23330969404401, 25.83891670202538], [-80.23332969413549, 25.83917770150016], [-80.23332669376245, 25.839319702766144], [-80.23334369348089, 25.83969170185842], [-80.23334169293275, 25.83996670117876], [-80.23333869435632, 25.8402197031259], [-80.23337569326793, 25.840706702599455], [-80.23337769471439, 25.84074070211431], [-80.23337869364099, 25.840768702611047], [-80.23339269388468, 25.841094702998042], [-80.23339569425774, 25.84115270321084], [-80.23340969360312, 25.841481702025902], [-80.23342769404479, 25.842096702620957], [-80.23342969369462, 25.842176702759154], [-80.2334576932837, 25.842750703437435], [-80.23346369402981, 25.843051702709506], [-80.23243169505837, 25.84309570320505], [-80.23239769292654, 25.84309670328962], [-80.23188269416404, 25.843113702300595], [-80.23143469355207, 25.843120702891344], [-80.22939869160503, 25.843197702894425], [-80.2288886928654, 25.843179703003187], [-80.22839869331895, 25.84296970299177], [-80.22764969240811, 25.84277470310935], [-80.22741869242941, 25.842766702410774], [-80.22694869207614, 25.842776703283906], [-80.2254056918452, 25.84282870376819], [-80.2253146916086, 25.842837702932375], [-80.22533369187518, 25.843553703055115], [-80.22535869198953, 25.844281703781583], [-80.22533669224823, 25.844684704032872], [-80.22535369106836, 25.84500970406996], [-80.22539069177658, 25.845726704043404], [-80.22540169074894, 25.84654570455745], [-80.2243636910314, 25.84658370503986], [-80.2233846917634, 25.846595704083356], [-80.2227666903738, 25.846619704592058], [-80.22266769153791, 25.84663970406906], [-80.22199769116808, 25.84665070386082], [-80.22185269140313, 25.846649703806296], [-80.22134269086686, 25.846667703169494], [-80.22051969033619, 25.846697704796913], [-80.22033269073845, 25.846732705069044], [-80.2200856899679, 25.846694704634512], [-80.21974969040726, 25.846679704629828], [-80.21927769040416, 25.846725703883617], [-80.21915169000745, 25.846724703829732], [-80.21883569053827, 25.846722703721927], [-80.21876368966993, 25.84672670474595], [-80.21861468970702, 25.84673570361358], [-80.218347688845, 25.84674770425856], [-80.21828968911868, 25.846749704365937], [-80.21779969047054, 25.84676570360685], [-80.21727168949263, 25.84677670419534], [-80.2165316888026, 25.84680370482702], [-80.21596168889022, 25.846821704975234], [-80.21561968948177, 25.846841704418082], [-80.21495868933278, 25.846879704805385], [-80.21480968847155, 25.846888704469826], [-80.2145096888959, 25.84688770441732], [-80.21404768893852, 25.846905704552746], [-80.21330468787545, 25.846897704133585], [-80.2132286886058, 25.846915704267495], [-80.21247168819733, 25.846954705491424], [-80.21221268773125, 25.846952704579063], [-80.21170268719499, 25.846970704704603], [-80.21119268755704, 25.846987703967287], [-80.20969868683163, 25.847028704461685], [-80.20912768799262, 25.847046704575657], [-80.20813768615903, 25.847084704897103], [-80.20782868726086, 25.847105705963045], [-80.20778868617957, 25.847105704346152], [-80.20770868671194, 25.847108704498126], [-80.207599686932, 25.84711270470064], [-80.20752268693911, 25.847115704852435], [-80.20713368677667, 25.847130704801824], [-80.20662468696366, 25.84714070449755], [-80.20632168701495, 25.847146704799645], [-80.2061636859329, 25.847145704749316], [-80.2054886864385, 25.847160704694904], [-80.20514768595666, 25.847184705088953], [-80.20455568540464, 25.847200704271025], [-80.20349368539766, 25.847256704624993], [-80.20270368627556, 25.847268704408663], [-80.2019286845271, 25.847290704682603], [-80.20168668557609, 25.84730470536926], [-80.20143868498066, 25.84730370532027], [-80.20117968541288, 25.84731170490353], [-80.20098768489396, 25.84732670482806], [-80.20046368501231, 25.847343704848022], [-80.20009768441611, 25.84734670499396], [-80.19954568404707, 25.847364705059537], [-80.19929068467725, 25.847372704638662], [-80.19886868400454, 25.84738570365043], [-80.19860968353846, 25.84739370484503], [-80.19845168425302, 25.8473987050861], [-80.198260683559, 25.847397705037906], [-80.19792268345019, 25.84741670514376], [-80.19692068281937, 25.847437705342312], [-80.19693068466172, 25.847907705884655], [-80.19695468495118, 25.848596705821926], [-80.19698268364195, 25.849695705358965], [-80.197014683429, 25.85061370557085], [-80.19703068422083, 25.851134705666844], [-80.19703568424372, 25.85125670601244], [-80.19706168328467, 25.851824705407676], [-80.19706968368058, 25.85203170583828], [-80.19708268320107, 25.852319705658836], [-80.19708968377206, 25.852550706144793], [-80.1970986839929, 25.852932706486666], [-80.1971006827444, 25.853029706582287], [-80.19710268329254, 25.853129706597556], [-80.1977466846214, 25.85318570737757], [-80.19813568388552, 25.853231706526003], [-80.19821668407637, 25.853234706522567], [-80.19839568417652, 25.8532687064783], [-80.19949268434361, 25.853408707001428], [-80.19956468521195, 25.853408705384613], [-80.20049768444919, 25.85351270587379], [-80.20090068485533, 25.85354370576094], [-80.20149368523224, 25.853633706195662], [-80.20159968553746, 25.853635706186576], [-80.20177768581269, 25.85367170682572], [-80.20189968511312, 25.853673706007587], [-80.2024396857866, 25.853742705651364], [-80.20248868529208, 25.853742706459762], [-80.20327368528963, 25.853832707551412], [-80.2033206851453, 25.853833705928388], [-80.20357768596156, 25.853870706500707], [-80.20377068540708, 25.853882706421658], [-80.20377968562792, 25.853865706533288], [-80.20382368600885, 25.853864705731375], [-80.20386068492046, 25.853894706341386], [-80.20388868630619, 25.853906706259895], [-80.204031685523, 25.853913706211795], [-80.2040656858582, 25.853923706142364], [-80.20426468694814, 25.85393470606502], [-80.2042976865601, 25.853912706218694], [-80.20432868562392, 25.85391570619798], [-80.20444268632505, 25.853966706642584], [-80.20449868640155, 25.853966705834182], [-80.20486968612231, 25.854004706357216], [-80.20494568629029, 25.854001706380192], [-80.20506668666413, 25.854025706194275], [-80.20516068547715, 25.854027706178563], [-80.2051996858352, 25.85404770601957], [-80.20524868534069, 25.854048706011536], [-80.2052766858281, 25.854016706264563], [-80.20531768673429, 25.854018706249004], [-80.20534268505202, 25.854029706162816], [-80.20540468677292, 25.854079707374954], [-80.20544368623267, 25.854086705699814], [-80.20554868581466, 25.854087706499847], [-80.2065016860417, 25.854189706410274], [-80.20670968735249, 25.854221706918825], [-80.20683668757407, 25.85424170672702], [-80.2069586868745, 25.854237706765648], [-80.20701068675304, 25.85424070673669], [-80.20702068679877, 25.854262705713587], [-80.20709468641863, 25.854265707300787], [-80.20714268699751, 25.854267707281018], [-80.20720368799519, 25.85425370661032], [-80.20725968627507, 25.854252706620084], [-80.20733568644305, 25.85427770637325], [-80.20737268715128, 25.85430070694989], [-80.20748768767733, 25.854304706909122], [-80.20751568726641, 25.854316705977627], [-80.20755768620089, 25.854323705905255], [-80.2076406869399, 25.85432470670328], [-80.20783768658339, 25.854389706819322], [-80.20792568824356, 25.854391705989055], [-80.2079786870487, 25.85439270597811], [-80.20797468595241, 25.85425170662985], [-80.20808768682863, 25.85426470569386], [-80.2081546876741, 25.85427170724137], [-80.20816768719459, 25.85439670593423], [-80.20820868720246, 25.855366706658682], [-80.20828468647214, 25.8572317070885], [-80.20830468656361, 25.857803707531378], [-80.20831268785786, 25.858044707393812], [-80.2083176869824, 25.858122707337966], [-80.20833368777424, 25.85838270812742], [-80.2083376870739, 25.85852170829934], [-80.20841168759205, 25.86191170868734], [-80.20846568712041, 25.864161708679166], [-80.20848568721189, 25.864978708609645], [-80.20848368666375, 25.86513470899502], [-80.2085356874406, 25.865680709530473], [-80.20854468676313, 25.86581570963364], [-80.208556687357, 25.866206709762817], [-80.20855768718192, 25.86622970963503], [-80.20855868790514, 25.866295709559783], [-80.20855968683175, 25.866310709500798], [-80.2086406879209, 25.8688357106949], [-80.20865468816461, 25.869243710635008], [-80.20854568748634, 25.86924970981532], [-80.208408687219, 25.869257710338523], [-80.20841368814017, 25.86951370982074], [-80.20845468814807, 25.87056171078396], [-80.20852468756995, 25.871539710968683], [-80.20862568695398, 25.872257709924437], [-80.20869668709908, 25.87289771114214], [-80.2087256874114, 25.87315871158812], [-80.20880168847772, 25.874230711493713], [-80.20881368817327, 25.87461971162128], [-80.20886068802893, 25.875879712292885], [-80.20888468652176, 25.876552711591092], [-80.20889068726785, 25.876721711878965], [-80.20897868802972, 25.878606712067057], [-80.20903568793112, 25.88017571296682], [-80.20896768726074, 25.880171713883218], [-80.20897868802972, 25.8805007132217], [-80.2089916875502, 25.880894713345942], [-80.2089926873751, 25.8809407130245], [-80.20899968794612, 25.881367712681932], [-80.20896568850922, 25.881927712370135], [-80.20890568823478, 25.882688713395105], [-80.20888568724497, 25.88318871402955], [-80.20888568814328, 25.883495713048408], [-80.2088866879682, 25.88382171279654], [-80.20873168905581, 25.88382271334475], [-80.20855968773006, 25.883827712852884], [-80.20651268681065, 25.883928714024997], [-80.20451268754357, 25.884013715256565], [-80.20247668559652, 25.88412071388645], [-80.20043868489795, 25.884203714698057], [-80.19972568487042, 25.884234714616202], [-80.19837668390996, 25.88429571388389], [-80.19704768483759, 25.884341713854024], [-80.19641168390463, 25.884363714501042], [-80.19635868509951, 25.884365714780074], [-80.19621768373588, 25.884372713735942], [-80.19548168414214, 25.884410714179722], [-80.19438868327471, 25.88447271389919], [-80.19427368364695, 25.884479714465098], [-80.19378768340016, 25.88449971400148], [-80.19372768402403, 25.884502714012466], [-80.19350968356582, 25.884496714798615], [-80.19349668314702, 25.884491714510613], [-80.19333968278819, 25.884434714283557], [-80.19309668401225, 25.884310713963966], [-80.19268668393343, 25.884732714897112], [-80.19266568222041, 25.884753714930962], [-80.19226068396108, 25.885170714829773], [-80.19156168327895, 25.88592171470457], [-80.19117868296429, 25.88633671588998], [-80.19109668294853, 25.886424714542013], [-80.1909336827419, 25.88643071446608], [-80.1909126828255, 25.8864327147101], [-80.19090268277976, 25.886350715183983], [-80.19086368332003, 25.886263715387965], [-80.19066668277823, 25.885923714957205], [-80.19057768308976, 25.885738715286095], [-80.19048468230503, 25.885648715057325], [-80.19039468279165, 25.885515715249188], [-80.1903686828524, 25.885444714500316], [-80.19027268349123, 25.885281714554655], [-80.19005768250777, 25.884979714789516], [-80.18999468275858, 25.884902714525108], [-80.18981568265842, 25.884601714332206], [-80.18968168276412, 25.884396715463886]]]}}, {"type": "Feature", "properties": {"OBJECTID": 10, "ID": 2, "COMMNAME": "Marleine Bastien", "GlobalID": "2b171eb6-421d-4688-8dc3-7f89f7b5abb6", "Shape__Are": 92889650.27539062, "Shape__Len": 70980.76289437723}, "geometry": {"type": "Polygon", "coordinates": [[[-80.18849368325876, 25.933515726980357], [-80.18848368411133, 25.93318272711508], [-80.18759668310823, 25.933205726861893], [-80.18643668229363, 25.93323772695878], [-80.18640468250658, 25.932352726503478], [-80.18469868117072, 25.93242872636076], [-80.18444068232617, 25.93244772732725], [-80.18321268173952, 25.932507727382873], [-80.18236568091937, 25.932541727131543], [-80.18234168152824, 25.931620726006], [-80.18117868123893, 25.93165272572549], [-80.18034068063962, 25.931681726625083], [-80.18033568061674, 25.93149672680894], [-80.18032168127135, 25.930902726278568], [-80.18031768017508, 25.930807726632747], [-80.18031568052525, 25.93076772629125], [-80.18023368050949, 25.928933726789946], [-80.18021068184159, 25.928248726047972], [-80.180184681004, 25.927531724533974], [-80.18013368095039, 25.927072725358087], [-80.17975068063573, 25.926778724967853], [-80.17856368005695, 25.925982725325117], [-80.17826867960586, 25.925825725173926], [-80.17807267978729, 25.925734725438247], [-80.17722368021563, 25.925507725081115], [-80.17658167943489, 25.92542272546484], [-80.17604067983481, 25.92542272546484], [-80.17535467957146, 25.925432724995158], [-80.17502967898315, 25.925450725278672], [-80.17401167935708, 25.925487725224443], [-80.1723156789653, 25.925557725919813], [-80.17200267897084, 25.925570725213383], [-80.17002467764843, 25.925660725690168], [-80.1700636780065, 25.926628725557908], [-80.17012267755773, 25.92749072613416], [-80.17012167773281, 25.9276947267013], [-80.17011967808298, 25.92805872644005], [-80.17012967902706, 25.92843672662563], [-80.17015567716969, 25.92934172661473], [-80.17018067728404, 25.929822726088826], [-80.17017767780932, 25.930247726271244], [-80.1701906782281, 25.930612725546567], [-80.17020867777146, 25.931219726209303], [-80.17026667749776, 25.931777725707775], [-80.17028667758926, 25.931974726761435], [-80.17029067868553, 25.93221872669947], [-80.17030367730769, 25.93292772691673], [-80.1703056769575, 25.93303972707815], [-80.1703736785262, 25.933973727596307], [-80.16836967726452, 25.934087727007224], [-80.1663966768633, 25.934160727805118], [-80.16440967621836, 25.934265727567606], [-80.16235067560339, 25.934318727473727], [-80.16032667514855, 25.934400727586358], [-80.15829867449571, 25.934476727738303], [-80.15622967383503, 25.934519728791106], [-80.15500667327125, 25.93460572761824], [-80.15472567306385, 25.93461372775018], [-80.15424667428636, 25.934627727777798], [-80.1519496722234, 25.93474172817161], [-80.15153467302002, 25.934769728194766], [-80.15158167197737, 25.93462472823365], [-80.15251367318632, 25.931659727531166], [-80.15304967276354, 25.929954726687864], [-80.15332567294806, 25.929080726812376], [-80.15342867288021, 25.928752726559892], [-80.15390267253315, 25.927245725920955], [-80.15425267323583, 25.92612872560738], [-80.15454367348897, 25.9252027250803], [-80.15482467279806, 25.924308725455052], [-80.15579667239334, 25.921217724575126], [-80.1559746735669, 25.920647724763644], [-80.1561586727916, 25.920061723997875], [-80.15652267373797, 25.91890172320144], [-80.15664667268823, 25.918504723968237], [-80.15678967370167, 25.918048723541318], [-80.1572426743365, 25.916606722406446], [-80.15743167358409, 25.916003723538445], [-80.15760267418663, 25.91546272280058], [-80.15765967408805, 25.91528172370067], [-80.15772967440823, 25.915039723202263], [-80.15781967392161, 25.914713722426807], [-80.15789367354145, 25.914361722927158], [-80.15794067339712, 25.91409972359992], [-80.15806767361873, 25.913118722802132], [-80.15830967436638, 25.91116372237208], [-80.15839767422992, 25.91045172279048], [-80.15870967350114, 25.90793972070222], [-80.15884067392072, 25.906881720717855], [-80.15884967414154, 25.906809720348086], [-80.15889267469757, 25.9065377208889], [-80.15897867401297, 25.906115720343994], [-80.15885067306814, 25.90607572051272], [-80.15872367374484, 25.906036719411706], [-80.1588596750856, 25.90557472111362], [-80.15922767443331, 25.904267720765443], [-80.1593526741068, 25.90396072001484], [-80.15974667429208, 25.902621720052856], [-80.15995467470455, 25.90194271910935], [-80.16008367457597, 25.90152071990528], [-80.16030367378568, 25.90077672029016], [-80.16038767434958, 25.900523719497684], [-80.16054167433538, 25.899936719335305], [-80.16059267438901, 25.899769719163018], [-80.16087167404827, 25.898869718946212], [-80.1609376741705, 25.89866671903319], [-80.1616486745482, 25.89636071803796], [-80.16244067332013, 25.893746717735713], [-80.16251867403626, 25.893486717194413], [-80.1627796759488, 25.892589717355172], [-80.16302967439742, 25.89166671676433], [-80.16328767414028, 25.8907317168194], [-80.16362067512453, 25.8897387161535], [-80.16373067472938, 25.889412716579603], [-80.16469967574827, 25.88935571549566], [-80.16625167530171, 25.889289716332925], [-80.16685967574725, 25.889264715905743], [-80.16708467587814, 25.889255716235557], [-80.16833167673137, 25.889721716574776], [-80.16836567616824, 25.88973471739377], [-80.1686646768173, 25.889868716178725], [-80.16944467679198, 25.890218716654047], [-80.16952667680775, 25.89025571633886], [-80.17027467699536, 25.890605716474916], [-80.17045767729347, 25.89068871676827], [-80.17065267638883, 25.89075571644645], [-80.17144367713247, 25.889048716358488], [-80.17187367730278, 25.88812271563897], [-80.17230067710005, 25.8871927152758], [-80.17234767695571, 25.887188715621658], [-80.17238767713867, 25.887185715678918], [-80.17248767759612, 25.88717671504207], [-80.17261867711737, 25.88717071515591], [-80.17329067713702, 25.887141715432442], [-80.17423367821661, 25.887102716155376], [-80.17478567858566, 25.887077715265065], [-80.17574567848541, 25.887038715158685], [-80.17627867858788, 25.887025714850974], [-80.17828267895125, 25.88697271470064], [-80.18025567935247, 25.88688571536295], [-80.18227267923633, 25.886811715485692], [-80.1842876821653, 25.886739714992682], [-80.18631368137167, 25.886651714959076], [-80.18742368195754, 25.886611714995585], [-80.18771168183764, 25.88660471536426], [-80.18908668183906, 25.886555714700663], [-80.19024568282873, 25.88650371567302], [-80.19061168252664, 25.88651071531033], [-80.1908266835101, 25.886515714704654], [-80.19100568271193, 25.886519715189767], [-80.19107468320722, 25.886448715044654], [-80.19109668294853, 25.886424714542013], [-80.19117868296429, 25.88633671588998], [-80.19156168327895, 25.88592171470457], [-80.19226068396108, 25.885170714829773], [-80.19266568222041, 25.884753714930962], [-80.19268668393343, 25.884732714897112], [-80.19309668401225, 25.884310713963966], [-80.19333968278819, 25.884434714283557], [-80.19349668314702, 25.884491714510613], [-80.19350968356582, 25.884496714798615], [-80.19372768402403, 25.884502714012466], [-80.19378768340016, 25.88449971400148], [-80.19427368364695, 25.884479714465098], [-80.19438868327471, 25.88447271389919], [-80.19548168414214, 25.884410714179722], [-80.19621768373588, 25.884372713735942], [-80.19635868509951, 25.884365714780074], [-80.19641168390463, 25.884363714501042], [-80.19704768483759, 25.884341713854024], [-80.19837668390996, 25.88429571388389], [-80.19972568487042, 25.884234714616202], [-80.20043868489795, 25.884203714698057], [-80.20247668559652, 25.88412071388645], [-80.20451268754357, 25.884013715256565], [-80.20651268681065, 25.883928714024997], [-80.20855968773006, 25.883827712852884], [-80.20873168905581, 25.88382271334475], [-80.2088866879682, 25.88382171279654], [-80.20888568814328, 25.883495713048408], [-80.20888568724497, 25.88318871402955], [-80.20890568823478, 25.882688713395105], [-80.20896568850922, 25.881927712370135], [-80.20899968794612, 25.881367712681932], [-80.2089926873751, 25.8809407130245], [-80.2089916875502, 25.880894713345942], [-80.20897868802972, 25.8805007132217], [-80.20896768726074, 25.880171713883218], [-80.20903568793112, 25.88017571296682], [-80.20897868802972, 25.878606712067057], [-80.20889068726785, 25.876721711878965], [-80.20888468652176, 25.876552711591092], [-80.20886068802893, 25.875879712292885], [-80.20881368817327, 25.87461971162128], [-80.20880168847772, 25.874230711493713], [-80.2087256874114, 25.87315871158812], [-80.20869668709908, 25.87289771114214], [-80.20862568695398, 25.872257709924437], [-80.20852468756995, 25.871539710968683], [-80.20845468814807, 25.87056171078396], [-80.20841368814017, 25.86951370982074], [-80.208408687219, 25.869257710338523], [-80.20854568748634, 25.86924970981532], [-80.20865468816461, 25.869243710635008], [-80.2086406879209, 25.8688357106949], [-80.20855968683175, 25.866310709500798], [-80.20855868790514, 25.866295709559783], [-80.20855768718192, 25.86622970963503], [-80.208556687357, 25.866206709762817], [-80.20854468676313, 25.86581570963364], [-80.2085356874406, 25.865680709530473], [-80.20848368666375, 25.86513470899502], [-80.20848568721189, 25.864978708609645], [-80.20846568712041, 25.864161708679166], [-80.20841168759205, 25.86191170868734], [-80.2083376870739, 25.85852170829934], [-80.20833368777424, 25.85838270812742], [-80.2083176869824, 25.858122707337966], [-80.20831268785786, 25.858044707393812], [-80.20830468656361, 25.857803707531378], [-80.20828468647214, 25.8572317070885], [-80.20820868720246, 25.855366706658682], [-80.20816768719459, 25.85439670593423], [-80.2081546876741, 25.85427170724137], [-80.20808768682863, 25.85426470569386], [-80.20797468595241, 25.85425170662985], [-80.2079786870487, 25.85439270597811], [-80.20792568824356, 25.854391705989055], [-80.20783768658339, 25.854389706819322], [-80.2076406869399, 25.85432470670328], [-80.20755768620089, 25.854323705905255], [-80.20751568726641, 25.854316705977627], [-80.20748768767733, 25.854304706909122], [-80.20737268715128, 25.85430070694989], [-80.20733568644305, 25.85427770637325], [-80.20725968627507, 25.854252706620084], [-80.20720368799519, 25.85425370661032], [-80.20714268699751, 25.854267707281018], [-80.20709468641863, 25.854265707300787], [-80.20702068679877, 25.854262705713587], [-80.20701068675304, 25.85424070673669], [-80.2069586868745, 25.854237706765648], [-80.20683668757407, 25.85424170672702], [-80.20670968735249, 25.854221706918825], [-80.2065016860417, 25.854189706410274], [-80.20554868581466, 25.854087706499847], [-80.20544368623267, 25.854086705699814], [-80.20540468677292, 25.854079707374954], [-80.20534268505202, 25.854029706162816], [-80.20531768673429, 25.854018706249004], [-80.2052766858281, 25.854016706264563], [-80.20524868534069, 25.854048706011536], [-80.2051996858352, 25.85404770601957], [-80.20516068547715, 25.854027706178563], [-80.20506668666413, 25.854025706194275], [-80.20494568629029, 25.854001706380192], [-80.20486968612231, 25.854004706357216], [-80.20449868640155, 25.853966705834182], [-80.20444268632505, 25.853966706642584], [-80.20432868562392, 25.85391570619798], [-80.2042976865601, 25.853912706218694], [-80.20426468694814, 25.85393470606502], [-80.2040656858582, 25.853923706142364], [-80.204031685523, 25.853913706211795], [-80.20388868630619, 25.853906706259895], [-80.20386068492046, 25.853894706341386], [-80.20382368600885, 25.853864705731375], [-80.20377968562792, 25.853865706533288], [-80.20377068540708, 25.853882706421658], [-80.20357768596156, 25.853870706500707], [-80.2033206851453, 25.853833705928388], [-80.20327368528963, 25.853832707551412], [-80.20248868529208, 25.853742706459762], [-80.2024396857866, 25.853742705651364], [-80.20189968511312, 25.853673706007587], [-80.20177768581269, 25.85367170682572], [-80.20159968553746, 25.853635706186576], [-80.20149368523224, 25.853633706195662], [-80.20090068485533, 25.85354370576094], [-80.20049768444919, 25.85351270587379], [-80.19956468521195, 25.853408705384613], [-80.19949268434361, 25.853408707001428], [-80.19839568417652, 25.8532687064783], [-80.19821668407637, 25.853234706522567], [-80.19813568388552, 25.853231706526003], [-80.1977466846214, 25.85318570737757], [-80.19710268329254, 25.853129706597556], [-80.1971006827444, 25.853029706582287], [-80.1970986839929, 25.852932706486666], [-80.19708968377206, 25.852550706144793], [-80.19708268320107, 25.852319705658836], [-80.19706968368058, 25.85203170583828], [-80.19706168328467, 25.851824705407676], [-80.19703568424372, 25.85125670601244], [-80.19703068422083, 25.851134705666844], [-80.197014683429, 25.85061370557085], [-80.19698268364195, 25.849695705358965], [-80.19695468495118, 25.848596705821926], [-80.19693068466172, 25.847907705884655], [-80.19692068281937, 25.847437705342312], [-80.19792268345019, 25.84741670514376], [-80.198260683559, 25.847397705037906], [-80.19845168425302, 25.8473987050861], [-80.19860968353846, 25.84739370484503], [-80.19886868400454, 25.84738570365043], [-80.19929068467725, 25.847372704638662], [-80.19954568404707, 25.847364705059537], [-80.20009768441611, 25.84734670499396], [-80.20046368501231, 25.847343704848022], [-80.20098768489396, 25.84732670482806], [-80.20117968541288, 25.84731170490353], [-80.20143868498066, 25.84730370532027], [-80.20168668557609, 25.84730470536926], [-80.2019286845271, 25.847290704682603], [-80.20270368627556, 25.847268704408663], [-80.20349368539766, 25.847256704624993], [-80.20455568540464, 25.847200704271025], [-80.20514768595666, 25.847184705088953], [-80.2054886864385, 25.847160704694904], [-80.2061636859329, 25.847145704749316], [-80.20632168701495, 25.847146704799645], [-80.20662468696366, 25.84714070449755], [-80.20713368677667, 25.847130704801824], [-80.20752268693911, 25.847115704852435], [-80.207599686932, 25.84711270470064], [-80.20770868671194, 25.847108704498126], [-80.20778868617957, 25.847105704346152], [-80.20782868726086, 25.847105705963045], [-80.20813768615903, 25.847084704897103], [-80.20912768799262, 25.847046704575657], [-80.20969868683163, 25.847028704461685], [-80.21119268755704, 25.846987703967287], [-80.21170268719499, 25.846970704704603], [-80.21221268773125, 25.846952704579063], [-80.21247168819733, 25.846954705491424], [-80.2132286886058, 25.846915704267495], [-80.21330468787545, 25.846897704133585], [-80.21404768893852, 25.846905704552746], [-80.2145096888959, 25.84688770441732], [-80.21480968847155, 25.846888704469826], [-80.21495868933278, 25.846879704805385], [-80.21561968948177, 25.846841704418082], [-80.21596168889022, 25.846821704975234], [-80.2165316888026, 25.84680370482702], [-80.21727168949263, 25.84677670419534], [-80.21779969047054, 25.84676570360685], [-80.21828968911868, 25.846749704365937], [-80.218347688845, 25.84674770425856], [-80.21861468970702, 25.84673570361358], [-80.21876368966993, 25.84672670474595], [-80.21883569053827, 25.846722703721927], [-80.21915169000745, 25.846724703829732], [-80.21927769040416, 25.846725703883617], [-80.21974969040726, 25.846679704629828], [-80.2200856899679, 25.846694704634512], [-80.22033269073845, 25.846732705069044], [-80.22051969033619, 25.846697704796913], [-80.22134269086686, 25.846667703169494], [-80.22185269140313, 25.846649703806296], [-80.22199769116808, 25.84665070386082], [-80.22266769153791, 25.84663970406906], [-80.2227666903738, 25.846619704592058], [-80.2233846917634, 25.846595704083356], [-80.2243636910314, 25.84658370503986], [-80.22540169074894, 25.84654570455745], [-80.22539069177658, 25.845726704043404], [-80.22535369106836, 25.84500970406996], [-80.22533669224823, 25.844684704032872], [-80.22535869198953, 25.844281703781583], [-80.22533369187518, 25.843553703055115], [-80.2253146916086, 25.842837702932375], [-80.2254056918452, 25.84282870376819], [-80.22694869207614, 25.842776703283906], [-80.22741869242941, 25.842766702410774], [-80.22764969240811, 25.84277470310935], [-80.22839869331895, 25.84296970299177], [-80.2288886928654, 25.843179703003187], [-80.22939869160503, 25.843197702894425], [-80.23143469355207, 25.843120702891344], [-80.23188269416404, 25.843113702300595], [-80.23239769292654, 25.84309670328962], [-80.23243169505837, 25.84309570320505], [-80.23346369402981, 25.843051702709506], [-80.2334576932837, 25.842750703437435], [-80.23342969369462, 25.842176702759154], [-80.23342769404479, 25.842096702620957], [-80.23340969360312, 25.841481702025902], [-80.23339569425774, 25.84115270321084], [-80.23339269388468, 25.841094702998042], [-80.23337869364099, 25.840768702611047], [-80.23337769471439, 25.84074070211431], [-80.23337569326793, 25.840706702599455], [-80.23333869435632, 25.8402197031259], [-80.23334169293275, 25.83996670117876], [-80.23334369348089, 25.83969170185842], [-80.23332669376245, 25.839319702766144], [-80.23332969413549, 25.83917770150016], [-80.23330969404401, 25.83891670202538], [-80.23330169454641, 25.83848570292405], [-80.23326269418834, 25.83801570132852], [-80.23326469383817, 25.83781870110738], [-80.23325569361734, 25.837518701589328], [-80.23324469374668, 25.83715070186402], [-80.23324269409687, 25.837081701434382], [-80.23323869389891, 25.83694670167261], [-80.23321169413474, 25.836420701443103], [-80.23320669321353, 25.836280701024915], [-80.23319369369307, 25.835961701324514], [-80.23318569329714, 25.83562370119282], [-80.23313969506302, 25.834703700766635], [-80.23519469458171, 25.834660700540116], [-80.23721269518877, 25.8345817011362], [-80.23825169562953, 25.834539700213718], [-80.23924169566651, 25.834524700284916], [-80.24025269561986, 25.834480701453028], [-80.24125469625069, 25.83443770114548], [-80.2412756970654, 25.834436701796253], [-80.2412486964029, 25.833541700320612], [-80.24121469606773, 25.833039700347754], [-80.24113269605196, 25.83149670030752], [-80.24111269596048, 25.83114069944603], [-80.24107669507715, 25.830325700601055], [-80.24103669579249, 25.82941070041945], [-80.24101269550306, 25.828488698985826], [-80.24103369631777, 25.828487699586365], [-80.24303169683336, 25.828431698434343], [-80.24504169794282, 25.828346700086], [-80.24498369731819, 25.82747069872172], [-80.24495069770622, 25.826527699294658], [-80.24493869711235, 25.8256396970484], [-80.24490769804851, 25.824761698622968], [-80.24487769701298, 25.823823698261183], [-80.2452396965129, 25.82381369821212], [-80.24528969763993, 25.823812697964588], [-80.24604969842144, 25.823809698030537], [-80.24686069745995, 25.823785697746803], [-80.24892369737455, 25.823686697434656], [-80.2488776982421, 25.82291569812532], [-80.24887969699361, 25.822752697668278], [-80.24888269826498, 25.822201697373963], [-80.2488436979069, 25.82185069737284], [-80.24881869779256, 25.821424697300714], [-80.24882269799053, 25.820709696988246], [-80.24878569907891, 25.819957696555726], [-80.24876069806625, 25.81955669676326], [-80.24873569795189, 25.819226697361373], [-80.24871069783754, 25.81847969625204], [-80.24868669754808, 25.81774869682934], [-80.2486656976317, 25.81702569614241], [-80.24865469686272, 25.816687696121384], [-80.24863169819481, 25.816265696511582], [-80.2486096984535, 25.815564696178015], [-80.24859969750946, 25.81529569626126], [-80.24858469833916, 25.81490969442054], [-80.24856269769953, 25.814398694982486], [-80.24856369842276, 25.814189695180037], [-80.2485256978896, 25.81349469588945], [-80.24848869807968, 25.812550694797075], [-80.2484836962602, 25.812280694968575], [-80.24826369794879, 25.812303694813213], [-80.24746269626108, 25.812380695456035], [-80.24593769647181, 25.812445694352846], [-80.244570695968, 25.81246269533989], [-80.24341069605173, 25.812492695125425], [-80.24277069581913, 25.812492695125425], [-80.24255069571112, 25.812492695125425], [-80.24245069615199, 25.812489695713296], [-80.24198569492327, 25.812474693799388], [-80.24113769517652, 25.812451694796636], [-80.24041469510325, 25.812406695504254], [-80.24042169387762, 25.812311695144896], [-80.23971969551738, 25.812280695777265], [-80.23839169537162, 25.812189695082402], [-80.23729369448131, 25.81215869487416], [-80.23688069492775, 25.812128695004038], [-80.23607169374245, 25.812066695356204], [-80.2355686937772, 25.812036695462783], [-80.2351106940178, 25.812036695462783], [-80.23418269390511, 25.812037695001095], [-80.23316069228447, 25.81203969569507], [-80.23216569222463, 25.812042695118596], [-80.23100669303159, 25.812085694664777], [-80.23083869190377, 25.812091695126803], [-80.22973969208687, 25.81212769546649], [-80.22949569168941, 25.812113694661782], [-80.22810669054594, 25.812139695577287], [-80.22809169137565, 25.811895694972378], [-80.22808469170295, 25.811789695215854], [-80.22805869176369, 25.8113256948754], [-80.22798469124554, 25.809461695033516], [-80.22899269262247, 25.809435694338937], [-80.2296636919189, 25.80941669460535], [-80.22998669195908, 25.809400695167845], [-80.2302786911388, 25.809402695097653], [-80.23088469283286, 25.809393695008904], [-80.23205969281774, 25.809335695408993], [-80.23202969357882, 25.80844369455575], [-80.23198469337298, 25.807478693643098], [-80.23197669387537, 25.806553693331125], [-80.23191369232954, 25.80565269380467], [-80.23185269312849, 25.80380469305888], [-80.23184469273258, 25.803701692976826], [-80.2328376931426, 25.803669693364963], [-80.23373569221974, 25.803649693097686], [-80.2338726933854, 25.803712692715038], [-80.23595869376453, 25.803686692376363], [-80.23590969336074, 25.802748692517753], [-80.23587069390098, 25.801771692590567], [-80.23485469482307, 25.801831693524342], [-80.23380969363622, 25.80185269291391], [-80.23277969251795, 25.80188669226432], [-80.23176369254173, 25.8019076924529], [-80.23174069207721, 25.80100169179455], [-80.23170269334068, 25.800081692497738], [-80.23163669232012, 25.79914869226632], [-80.23162769209928, 25.79820269160241], [-80.2316076920078, 25.797703692045015], [-80.23160269378157, 25.797585691758282], [-80.23160469163474, 25.797296691738794], [-80.23158169206852, 25.796376691182935], [-80.23152969219, 25.795470691112524], [-80.23147769231146, 25.79452469102155], [-80.2314946920299, 25.793688690921524], [-80.23142769208275, 25.793257691390966], [-80.23141769203701, 25.79244568980342], [-80.23143969177832, 25.79150469001468], [-80.23139769194552, 25.790870690051253], [-80.23138669207486, 25.790166689947014], [-80.23134269259224, 25.789019689349587], [-80.23134269169392, 25.788999689036956], [-80.23134269169392, 25.788800689503635], [-80.23211769254407, 25.78911368842812], [-80.23302369201711, 25.78948068967574], [-80.23399869288376, 25.789874689651683], [-80.234223693913, 25.78996568887905], [-80.23564969306975, 25.79027668932889], [-80.23587369247741, 25.790439689982673], [-80.23635369287642, 25.79075068999811], [-80.2391226949425, 25.792371690687112], [-80.23964969340055, 25.792651690029405], [-80.24014269421836, 25.79290868995873], [-80.24050569444152, 25.793100690373205], [-80.24054369497468, 25.793120689994094], [-80.24067369467102, 25.79321968996851], [-80.24132969479716, 25.793705689746808], [-80.24206069616464, 25.794229690261346], [-80.24229069542011, 25.79434769065352], [-80.2423336950778, 25.79436469019312], [-80.24254769533805, 25.794484690632483], [-80.24288969654313, 25.794652691205293], [-80.24300669582067, 25.79472668970669], [-80.2435916958017, 25.795031690092202], [-80.24418769565335, 25.795318690613456], [-80.24424369572985, 25.795345690040563], [-80.24449369597511, 25.795484690648507], [-80.24502369660284, 25.795837690476528], [-80.24505669531648, 25.7958486901358], [-80.24513869623057, 25.79590069182], [-80.2453526964908, 25.79606069138413], [-80.24562769685042, 25.79628169091222], [-80.24583569726289, 25.796462690306655], [-80.24610869617604, 25.796675690933597], [-80.24616869555219, 25.796731690924773], [-80.24686869605924, 25.797309691396585], [-80.24692569685897, 25.797362691293188], [-80.24720969654108, 25.797597690915477], [-80.2476676971988, 25.79795469116758], [-80.24778169789994, 25.79803069096463], [-80.24788069673582, 25.798069691309806], [-80.2480906967981, 25.7982126913873], [-80.24823569746138, 25.79833869151621], [-80.24845769721922, 25.798497691372194], [-80.24856469734934, 25.7985576915371], [-80.24889369723732, 25.798822692036914], [-80.24902969678145, 25.798889691199633], [-80.2491306979621, 25.798949691974883], [-80.24933769765133, 25.79912769158887], [-80.24948569778932, 25.799265691351003], [-80.24962469770651, 25.799380691838817], [-80.24988569782242, 25.79957269228504], [-80.25002969776246, 25.799691692662435], [-80.25029669772617, 25.79992869180079], [-80.25069969813228, 25.800247691523982], [-80.25123269823476, 25.800811692120533], [-80.25176469851232, 25.801103692166446], [-80.25209669787503, 25.80134969079924], [-80.25221669842395, 25.801427692527593], [-80.25224569873626, 25.801476692073265], [-80.25225069786082, 25.80149569227127], [-80.25246369829615, 25.801652691875336], [-80.25270469832056, 25.801816691878418], [-80.25277669829059, 25.80184869199064], [-80.25281270007224, 25.801858692276674], [-80.2528496971872, 25.80190069185128], [-80.25286369922755, 25.801924692525816], [-80.25300469969285, 25.80204669264451], [-80.2531986989633, 25.80217069188073], [-80.25333869870539, 25.80228569197606], [-80.25340569955085, 25.802300691945106], [-80.25437669932123, 25.80305769255404], [-80.25443969907043, 25.803081692994255], [-80.25446069988514, 25.8030946928263], [-80.25448269782983, 25.80310069293494], [-80.25453369878176, 25.803129692242607], [-80.25454469955072, 25.803160693195846], [-80.2548676995909, 25.80339369180475], [-80.25489369953019, 25.803390692162264], [-80.25491869964453, 25.80342969236118], [-80.25516969971471, 25.80362069229978], [-80.25560869920753, 25.80393969340774], [-80.25583369933844, 25.804112692353968], [-80.25587069914835, 25.804113692767874], [-80.25696670038884, 25.804945692925454], [-80.25694770012227, 25.80497269258581], [-80.25705570007732, 25.80504069272155], [-80.25732569951573, 25.805234692894345], [-80.25752270095585, 25.805359693241794], [-80.25781370031068, 25.805569693658047], [-80.25783170075235, 25.805558692474747], [-80.25785270066874, 25.805561693679817], [-80.25786769983904, 25.805577693635737], [-80.25787370058514, 25.80559669317622], [-80.25799069986269, 25.80569069285854], [-80.25803870044157, 25.805721693141784], [-80.25808770084538, 25.805766693355906], [-80.25827470044312, 25.805877693217923], [-80.2582947005346, 25.805878692808196], [-80.25832270012371, 25.805895693120178], [-80.25840070083981, 25.80594169366669], [-80.25842870042891, 25.805963692726237], [-80.25843269972854, 25.806084692333123], [-80.25843769975143, 25.80618769357873], [-80.25845270071837, 25.807192693841362], [-80.25847170008662, 25.807657692961335], [-80.2585066993484, 25.808548693694856], [-80.25863270064342, 25.80854369342988], [-80.25865570020963, 25.80934369351499], [-80.25866170095573, 25.80956769363827], [-80.25866470132877, 25.809653693703055], [-80.25867070027824, 25.809872694648725], [-80.25864770071202, 25.810365694982206], [-80.25864470033898, 25.81059969433884], [-80.25873470075067, 25.81406969609412], [-80.25876270033976, 25.815126695520078], [-80.25873470075067, 25.815513696162576], [-80.25873170037762, 25.81564069519306], [-80.25873570057557, 25.81578769554363], [-80.25874069970014, 25.81596469623525], [-80.25878270132957, 25.817447696278805], [-80.25882370043912, 25.818780695796878], [-80.258835701033, 25.81919369599592], [-80.25884470125382, 25.819702696014083], [-80.25884870055347, 25.819919696417863], [-80.25884970037839, 25.820000696462944], [-80.25885170092654, 25.820040696324998], [-80.25889070128459, 25.821001697318486], [-80.25889870168051, 25.82116069668043], [-80.25891170120097, 25.82140269787797], [-80.25891370174912, 25.821456696968347], [-80.2589527021072, 25.82237869737383], [-80.25896270125462, 25.82273369683643], [-80.25897870114812, 25.823362696495895], [-80.25904070107242, 25.825542697943835], [-80.25904170089733, 25.825598698036774], [-80.25904370054714, 25.82565069798384], [-80.25908070215371, 25.827134698228427], [-80.25911270194074, 25.82828169859674], [-80.25911470069225, 25.82836269858117], [-80.25913870098171, 25.829285699580392], [-80.25914370100459, 25.82945369931918], [-80.25915270032709, 25.82979969924282], [-80.2591727013169, 25.8304926994812], [-80.25917770133977, 25.83068069887304], [-80.25917870116469, 25.830714699651548], [-80.25918569993905, 25.831049700307698], [-80.25924570111182, 25.833371700391087], [-80.25924870148488, 25.833464700501693], [-80.25921870134766, 25.83386170104745], [-80.25922670264188, 25.834331699737707], [-80.2592287013934, 25.834394700822305], [-80.259207701477, 25.834423700553096], [-80.259207701477, 25.834822700616346], [-80.25923070104321, 25.835222700293958], [-80.25925370150775, 25.835250700479488], [-80.25925570115757, 25.835307700172542], [-80.25925870153063, 25.835462700745175], [-80.25926170190365, 25.83553870073269], [-80.25930370083813, 25.836978699569848], [-80.25932470165284, 25.837188700513288], [-80.25935070159213, 25.837346700638605], [-80.25937170150853, 25.838076701006266], [-80.25937770225461, 25.838301701878432], [-80.25945770172225, 25.838850701369992], [-80.25948370166154, 25.839030701894668], [-80.2594977001086, 25.839547701618287], [-80.25948870168439, 25.840076702830014], [-80.2594827018366, 25.840396702054157], [-80.25949470153216, 25.84086470206935], [-80.25949970155504, 25.841072701571694], [-80.25951370179874, 25.84164670194723], [-80.25952670221753, 25.842140702663237], [-80.25952770204246, 25.842175701049843], [-80.25954370283429, 25.842775702388153], [-80.25956870205033, 25.84368670401207], [-80.25960070183739, 25.84489070314756], [-80.259615701906, 25.845443703042974], [-80.2596167017309, 25.845482703135367], [-80.25961770155583, 25.845502702804627], [-80.25963070197461, 25.845956703603527], [-80.2596077024084, 25.846109703850562], [-80.25959870218756, 25.84627270366879], [-80.25959670074111, 25.84645470352279], [-80.25962070192885, 25.847308703948254], [-80.2596457011449, 25.848230703450984], [-80.25969370262213, 25.849963704681397], [-80.25969770192177, 25.850040704271844], [-80.25968270185315, 25.85041570447935], [-80.25966470141148, 25.850886704523322], [-80.25967870165519, 25.851605705272316], [-80.2597067021426, 25.852842704709964], [-80.25974370285084, 25.85538670627319], [-80.25975370199826, 25.855528705864128], [-80.25979670255427, 25.855861706632627], [-80.25981370227271, 25.856630705556512], [-80.25981370317103, 25.856672705910825], [-80.25983070199115, 25.857926706613554], [-80.25984670188468, 25.85864870644673], [-80.25987270272226, 25.86015870674456], [-80.25995670238784, 25.864944707980168], [-80.25997770230424, 25.865753708204323], [-80.26000670261655, 25.867457708296534], [-80.26001970213703, 25.86820470895628], [-80.26005270264731, 25.868671708974844], [-80.26006070214493, 25.869020709360438], [-80.26008070223641, 25.870056709952348], [-80.26009070228214, 25.87057470967088], [-80.26009270283029, 25.870672708881553], [-80.2600937026552, 25.870755709444378], [-80.26014470360714, 25.87075370974313], [-80.26018070269383, 25.87075370974313], [-80.26022170270171, 25.870752708275923], [-80.26025570303692, 25.872406709926512], [-80.2602697032806, 25.87335671014824], [-80.26032270208574, 25.87629471078092], [-80.26032570245879, 25.87631971072118], [-80.26035670242094, 25.876586711304956], [-80.26037270321277, 25.876793711205995], [-80.26039770332713, 25.878225711245435], [-80.26046370255106, 25.882033711518627], [-80.2605297035716, 25.88203271257168], [-80.26220370332376, 25.882026711615918], [-80.26305370361867, 25.8820257118607], [-80.26418770449398, 25.881927712370135], [-80.26719970533598, 25.88184471157515], [-80.26723870569404, 25.882448713437736], [-80.26735070494871, 25.88500371235313], [-80.26735370442344, 25.885129713019232], [-80.26737370541323, 25.88608071326684], [-80.2674347046143, 25.888929714519694], [-80.26987170552104, 25.888855713499105], [-80.27285270729921, 25.888764714331938], [-80.27347370726523, 25.8887457136], [-80.27425870726277, 25.888691713714877], [-80.27512370672797, 25.888504714131344], [-80.27509970733682, 25.888736713890246], [-80.27508270761838, 25.88891171351123], [-80.27524370727687, 25.88890471401627], [-80.27524470710178, 25.88895171350363], [-80.27524870729974, 25.889185713389626], [-80.27525570876907, 25.889567713291342], [-80.27527970816018, 25.890280714131706], [-80.27545870736202, 25.891584714408495], [-80.27538770721692, 25.891752714522127], [-80.27533970753635, 25.89188371523371], [-80.27537470769643, 25.893440715130584], [-80.27538470684387, 25.89388471543434], [-80.27539670743775, 25.894451715528827], [-80.27542370810025, 25.89482571495254], [-80.27542870722479, 25.894985714905836], [-80.2754347079709, 25.895184715302697], [-80.27546770848117, 25.896272715479245], [-80.27525470714752, 25.89628071578803], [-80.27359770711378, 25.896340715662316], [-80.27251070699245, 25.896391716379988], [-80.2699097060542, 25.89647571627805], [-80.26766370673978, 25.89652971664273], [-80.26508870484248, 25.89648971598588], [-80.26378670463599, 25.896528715394105], [-80.2619587031014, 25.896584715806522], [-80.26152470363144, 25.896623715991467], [-80.26001770428385, 25.896635716418754], [-80.25839670333681, 25.896727716421633], [-80.25836470265143, 25.896727715613522], [-80.25830270272716, 25.896727716421633], [-80.25815270293933, 25.896882716457522], [-80.25790970416341, 25.89710271634139], [-80.25773070316494, 25.897255716632262], [-80.25769470317992, 25.897285716729414], [-80.2575807024788, 25.897294715787346], [-80.25755170216647, 25.897298716715273], [-80.257426702493, 25.897335716605024], [-80.25736070237079, 25.89734471646725], [-80.25722870302462, 25.89739671637609], [-80.2570537013258, 25.897446716204666], [-80.25700270306879, 25.897451715943927], [-80.25696270288582, 25.897472716139475], [-80.2566307026248, 25.89776171633457], [-80.25633670289695, 25.89794371688835], [-80.25631670100883, 25.897946716557676], [-80.25617170214218, 25.8980267168701], [-80.25605570179121, 25.898053716296616], [-80.2552587020981, 25.898140717100375], [-80.25519070232606, 25.898143716764697], [-80.25463670140887, 25.89845071648914], [-80.25423370190106, 25.898605716686227], [-80.25382570147204, 25.89879071558617], [-80.2524497016457, 25.899472717329093], [-80.25012270034384, 25.900640717724535], [-80.24865670010581, 25.90133271762156], [-80.24750869988509, 25.901934716760213], [-80.2465386990413, 25.902406718674982], [-80.2461997000059, 25.902369717951085], [-80.24583470013292, 25.901707717452457], [-80.24560569890575, 25.90132771723866], [-80.24535369901068, 25.900923718246485], [-80.24439469893584, 25.90139871732267], [-80.24423169872924, 25.901423717603848], [-80.24381269932789, 25.90142471719479], [-80.2438076984067, 25.90128971820047], [-80.24380369910706, 25.90119171773238], [-80.2437996989091, 25.901088717597943], [-80.2437996989091, 25.90042671799276], [-80.24375169833021, 25.90007071704289], [-80.24369169895407, 25.89962071732426], [-80.24368469838305, 25.899566717565932], [-80.24368369855814, 25.899360716794398], [-80.24366169881682, 25.89884271728211], [-80.24365969737038, 25.89879871653235], [-80.24363269850451, 25.898069716672172], [-80.24273569835398, 25.89804971620239], [-80.23978969763421, 25.89811171683958], [-80.23866869717769, 25.898136717009095], [-80.23650269643261, 25.89818571690577], [-80.23635669594442, 25.898184716479292], [-80.23629669656829, 25.898184717287393], [-80.23624369686483, 25.898184717287393], [-80.23553269648714, 25.898180717197604], [-80.23147969465623, 25.898305717111022], [-80.23115669461603, 25.898352716895523], [-80.230900694523, 25.898436717013944], [-80.23008969548451, 25.898882717141387], [-80.22992769420448, 25.898966717690623], [-80.22972569453812, 25.8990147176313], [-80.22938869425423, 25.89907371731277], [-80.22743569304616, 25.899099717697208], [-80.2274596933356, 25.899696718079568], [-80.22746769373153, 25.899855717481202], [-80.22749969351858, 25.90044271723847], [-80.22754569354933, 25.90132271766363], [-80.22757269421182, 25.901830717686906], [-80.22769469441056, 25.90485971900704], [-80.22769869460852, 25.90495371818427], [-80.22760569472212, 25.905502719138052], [-80.22771669415187, 25.90824571883682], [-80.22772969367236, 25.90855571914787], [-80.22772969367236, 25.908589720148957], [-80.2278326936045, 25.908772719688862], [-80.22786469428986, 25.90956272042708], [-80.22794269410768, 25.911446721082363], [-80.22794269410768, 25.9114777203088], [-80.22795869489951, 25.911774721815778], [-80.22796069454934, 25.91181472052241], [-80.22796769512036, 25.912006721074253], [-80.22797169352168, 25.912138720615815], [-80.22797369406982, 25.912197721005857], [-80.22797569461795, 25.91225272094572], [-80.2279786940927, 25.912311720470733], [-80.22776769330717, 25.912452720804637], [-80.22742669462195, 25.91269772105837], [-80.22708069411723, 25.91296772025375], [-80.22644269353447, 25.913499720881386], [-80.2233976930805, 25.916057722236253], [-80.22349069296693, 25.916056721153367], [-80.22368069293772, 25.916025722322633], [-80.22362669340936, 25.916070722577427], [-80.22340469365152, 25.916257721297658], [-80.22334369265383, 25.91630872229275], [-80.22296969345832, 25.916622721881513], [-80.2212156924419, 25.918093722216057], [-80.22070769245379, 25.918519722123776], [-80.22000569319523, 25.919109722662867], [-80.21384869054351, 25.92427472333102], [-80.21245069007755, 25.925446723689852], [-80.2122556900839, 25.925610724087257], [-80.21212169018959, 25.925722724739853], [-80.21182568991358, 25.92597472460719], [-80.21173269002716, 25.926052724110683], [-80.21124269048072, 25.9264677247131], [-80.21090168999886, 25.926754724590342], [-80.21039468893733, 25.927167724783303], [-80.20989668989328, 25.92758472423744], [-80.20951768887828, 25.927901725014898], [-80.209307688816, 25.92807772568752], [-80.20901168943831, 25.928328725195954], [-80.20893168817405, 25.9283957245012], [-80.20879068950538, 25.9285147244997], [-80.20860569045576, 25.92866972477243], [-80.20844668775214, 25.928803725380753], [-80.20844368917572, 25.928877725579035], [-80.20846768856686, 25.929248725228536], [-80.20845268849826, 25.929464725494725], [-80.20850968929797, 25.930529725069203], [-80.20854968858264, 25.931187725564346], [-80.20858169016631, 25.931418726869275], [-80.2065546893384, 25.931507725967684], [-80.20618468854424, 25.931532726328665], [-80.20593468829898, 25.931549725537028], [-80.20513668788263, 25.93158172608367], [-80.20503166045289, 25.931591553822955], [-80.2036203757005, 25.931630452758313], [-80.20330068864706, 25.93181272580831], [-80.20328768732998, 25.931853726743807], [-80.20296768766283, 25.932192726346056], [-80.20255268756112, 25.932517726312028], [-80.20253368729456, 25.932533726858917], [-80.2013536872868, 25.933534726963696], [-80.19969568652982, 25.934915727284455], [-80.19950968675698, 25.935069727102043], [-80.19866868668295, 25.93577072707478], [-80.19761268652374, 25.936587727342044], [-80.196710685452, 25.937067727029095], [-80.19642368539684, 25.937237727980772], [-80.19599968507431, 25.937399727937077], [-80.19548868561147, 25.93755272764637], [-80.19449468537653, 25.93791372816868], [-80.19334868480564, 25.93836172779542], [-80.1925636848081, 25.938787727955397], [-80.19187268452188, 25.939181728908906], [-80.18963968382965, 25.94104072879163], [-80.18878768298663, 25.941203729233802], [-80.18876668396854, 25.9405337289428], [-80.18873468328317, 25.939671728465186], [-80.18871668373983, 25.938458727982482], [-80.18865768329029, 25.9377427281017], [-80.18862168330527, 25.936859727754896], [-80.1886146836326, 25.936668727391062], [-80.1885876838684, 25.935941727580776], [-80.18854068401274, 25.9350397277304], [-80.18850968315229, 25.93425872753249], [-80.18850668277923, 25.93418172711882], [-80.18850168365469, 25.93393972745301], [-80.18849368325876, 25.933515726980357]]]}}, {"type": "Feature", "properties": {"OBJECTID": 11, "ID": 1, "COMMNAME": "Oliver Gilbert", "GlobalID": "208006f0-b276-4b12-9e10-c76208c993fd", "Shape__Are": 107330755.42578125, "Shape__Len": 52424.537767414164}, "geometry": {"type": "Polygon", "coordinates": [[[-80.1729406800276, 25.973584737699262], [-80.1716476782453, 25.973583737912865], [-80.1677686782883, 25.973583737912865], [-80.16647667812755, 25.973583737105287], [-80.16629567747925, 25.968189736746066], [-80.16624967834682, 25.96661473601786], [-80.16625767694612, 25.96620673610574], [-80.16625967839256, 25.966126736036237], [-80.1662846776086, 25.965786735739677], [-80.16631067754788, 25.9655367359637], [-80.16637167854557, 25.96516473608905], [-80.16642267770087, 25.96490773516301], [-80.1665166774122, 25.96453573491489], [-80.16657367731361, 25.964362735015413], [-80.16661167784676, 25.964248735031326], [-80.16623267773006, 25.964157735099352], [-80.16587767700452, 25.964046735326683], [-80.16564067717806, 25.96399973427814], [-80.16602767679234, 25.9628807354911], [-80.16637067782233, 25.96225073433918], [-80.16663867761093, 25.96175973436531], [-80.16708067747682, 25.96111973394247], [-80.16735767748625, 25.96079673435593], [-80.16774767837191, 25.96040073324299], [-80.16814367820703, 25.96003773401364], [-80.16859567811865, 25.959699733700056], [-80.1687966779601, 25.959553734645542], [-80.16911667942387, 25.95933773463893], [-80.16943267799473, 25.95914073331876], [-80.16969967795842, 25.958960734189844], [-80.17149767755915, 25.95781873374214], [-80.1728366793722, 25.95701473282428], [-80.17384567877741, 25.956361733318158], [-80.17531767976155, 25.955343732759452], [-80.17625768046811, 25.954728732460925], [-80.17673068029615, 25.954424732948254], [-80.17741368018643, 25.953884731676055], [-80.1780946804269, 25.95332373283739], [-80.17921568178174, 25.952405731761214], [-80.18056368201901, 25.95128573180479], [-80.18142568111112, 25.950581731340275], [-80.18391968281759, 25.94847373134353], [-80.18440068304152, 25.948078730778096], [-80.18464268289087, 25.947827730537995], [-80.18488768311323, 25.947585730636604], [-80.18496968223069, 25.947489730704824], [-80.18509968192704, 25.947364730432337], [-80.18553768339157, 25.94672573010693], [-80.18623268207914, 25.945573730270564], [-80.18673768349082, 25.94460273005588], [-80.18699068321082, 25.94413372997473], [-80.18730968305304, 25.94364672971708], [-80.18756768369423, 25.943294729388317], [-80.18786068269885, 25.942965729079887], [-80.18812668373596, 25.942702729473623], [-80.18847268334237, 25.942386728988723], [-80.18864468376981, 25.942234729148794], [-80.18875568409788, 25.942136728786604], [-80.18879468355763, 25.941453728185156], [-80.188790684258, 25.94134272962099], [-80.18878768298663, 25.941203729233802], [-80.18963968382965, 25.94104072879163], [-80.19187268452188, 25.939181728908906], [-80.1925636848081, 25.938787727955397], [-80.19334868480564, 25.93836172779542], [-80.19449468537653, 25.93791372816868], [-80.19548868561147, 25.93755272764637], [-80.19599968507431, 25.937399727937077], [-80.19642368539684, 25.937237727980772], [-80.196710685452, 25.937067727029095], [-80.19761268652374, 25.936587727342044], [-80.19866868668295, 25.93577072707478], [-80.19950968675698, 25.935069727102043], [-80.19969568652982, 25.934915727284455], [-80.2013536872868, 25.933534726963696], [-80.20253368729456, 25.932533726858917], [-80.20255268756112, 25.932517726312028], [-80.20296768766283, 25.932192726346056], [-80.20328768732998, 25.931853726743807], [-80.20330068864706, 25.93181272580831], [-80.2036203757005, 25.931630452758313], [-80.20503166045289, 25.931591553822955], [-80.20513668788263, 25.93158172608367], [-80.20593468829898, 25.931549725537028], [-80.20618468854424, 25.931532726328665], [-80.2065546893384, 25.931507725967684], [-80.20858169016631, 25.931418726869275], [-80.20854968858264, 25.931187725564346], [-80.20850968929797, 25.930529725069203], [-80.20845268849826, 25.929464725494725], [-80.20846768856686, 25.929248725228536], [-80.20844368917572, 25.928877725579035], [-80.20844668775214, 25.928803725380753], [-80.20860569045576, 25.92866972477243], [-80.20879068950538, 25.9285147244997], [-80.20893168817405, 25.9283957245012], [-80.20901168943831, 25.928328725195954], [-80.209307688816, 25.92807772568752], [-80.20951768887828, 25.927901725014898], [-80.20989668989328, 25.92758472423744], [-80.21039468893733, 25.927167724783303], [-80.21090168999886, 25.926754724590342], [-80.21124269048072, 25.9264677247131], [-80.21173269002716, 25.926052724110683], [-80.21182568991358, 25.92597472460719], [-80.21212169018959, 25.925722724739853], [-80.2122556900839, 25.925610724087257], [-80.21245069007755, 25.925446723689852], [-80.21384869054351, 25.92427472333102], [-80.22000569319523, 25.919109722662867], [-80.22070769245379, 25.918519722123776], [-80.2212156924419, 25.918093722216057], [-80.22296969345832, 25.916622721881513], [-80.22334369265383, 25.91630872229275], [-80.22340469365152, 25.916257721297658], [-80.22362669340936, 25.916070722577427], [-80.22368069293772, 25.916025722322633], [-80.22349069296693, 25.916056721153367], [-80.2233976930805, 25.916057722236253], [-80.22644269353447, 25.913499720881386], [-80.22708069411723, 25.91296772025375], [-80.22742669462195, 25.91269772105837], [-80.22776769330717, 25.912452720804637], [-80.2279786940927, 25.912311720470733], [-80.22797569461795, 25.91225272094572], [-80.22797369406982, 25.912197721005857], [-80.22797169352168, 25.912138720615815], [-80.22796769512036, 25.912006721074253], [-80.22796069454934, 25.91181472052241], [-80.22795869489951, 25.911774721815778], [-80.22794269410768, 25.9114777203088], [-80.22794269410768, 25.911446721082363], [-80.22786469428986, 25.90956272042708], [-80.2278326936045, 25.908772719688862], [-80.22772969367236, 25.908589720148957], [-80.22772969367236, 25.90855571914787], [-80.22771669415187, 25.90824571883682], [-80.22760569472212, 25.905502719138052], [-80.22769869460852, 25.90495371818427], [-80.22769469441056, 25.90485971900704], [-80.22757269421182, 25.901830717686906], [-80.22754569354933, 25.90132271766363], [-80.22749969351858, 25.90044271723847], [-80.22746769373153, 25.899855717481202], [-80.2274596933356, 25.899696718079568], [-80.22743569304616, 25.899099717697208], [-80.22938869425423, 25.89907371731277], [-80.22972569453812, 25.8990147176313], [-80.22992769420448, 25.898966717690623], [-80.23008969548451, 25.898882717141387], [-80.230900694523, 25.898436717013944], [-80.23115669461603, 25.898352716895523], [-80.23147969465623, 25.898305717111022], [-80.23553269648714, 25.898180717197604], [-80.23624369686483, 25.898184717287393], [-80.23629669656829, 25.898184717287393], [-80.23635669594442, 25.898184716479292], [-80.23650269643261, 25.89818571690577], [-80.23866869717769, 25.898136717009095], [-80.23978969763421, 25.89811171683958], [-80.24273569835398, 25.89804971620239], [-80.24363269850451, 25.898069716672172], [-80.24365969737038, 25.89879871653235], [-80.24366169881682, 25.89884271728211], [-80.24368369855814, 25.899360716794398], [-80.24368469838305, 25.899566717565932], [-80.24369169895407, 25.89962071732426], [-80.24375169833021, 25.90007071704289], [-80.2437996989091, 25.90042671799276], [-80.2437996989091, 25.901088717597943], [-80.24380369910706, 25.90119171773238], [-80.2438076984067, 25.90128971820047], [-80.24381269932789, 25.90142471719479], [-80.24423169872924, 25.901423717603848], [-80.24439469893584, 25.90139871732267], [-80.24535369901068, 25.900923718246485], [-80.24560569890575, 25.90132771723866], [-80.24583470013292, 25.901707717452457], [-80.2461997000059, 25.902369717951085], [-80.2465386990413, 25.902406718674982], [-80.24750869988509, 25.901934716760213], [-80.24865670010581, 25.90133271762156], [-80.25012270034384, 25.900640717724535], [-80.2524497016457, 25.899472717329093], [-80.25382570147204, 25.89879071558617], [-80.25423370190106, 25.898605716686227], [-80.25463670140887, 25.89845071648914], [-80.25519070232606, 25.898143716764697], [-80.2552587020981, 25.898140717100375], [-80.25605570179121, 25.898053716296616], [-80.25617170214218, 25.8980267168701], [-80.25631670100883, 25.897946716557676], [-80.25633670289695, 25.89794371688835], [-80.2566307026248, 25.89776171633457], [-80.25696270288582, 25.897472716139475], [-80.25700270306879, 25.897451715943927], [-80.2570537013258, 25.897446716204666], [-80.25722870302462, 25.89739671637609], [-80.25736070237079, 25.89734471646725], [-80.257426702493, 25.897335716605024], [-80.25755170216647, 25.897298716715273], [-80.2575807024788, 25.897294715787346], [-80.25769470317992, 25.897285716729414], [-80.25773070316494, 25.897255716632262], [-80.25790970416341, 25.89710271634139], [-80.25815270293933, 25.896882716457522], [-80.25830270272716, 25.896727716421633], [-80.25836470265143, 25.896727715613522], [-80.25839670333681, 25.896727716421633], [-80.26001770428385, 25.896635716418754], [-80.26152470363144, 25.896623715991467], [-80.2619587031014, 25.896584715806522], [-80.26378670463599, 25.896528715394105], [-80.26508870484248, 25.89648971598588], [-80.26766370673978, 25.89652971664273], [-80.2699097060542, 25.89647571627805], [-80.27251070699245, 25.896391716379988], [-80.27359770711378, 25.896340715662316], [-80.27525470714752, 25.89628071578803], [-80.27546770848117, 25.896272715479245], [-80.27953170928441, 25.896183715643915], [-80.28119370934103, 25.896177715407443], [-80.28177470912406, 25.89620371562184], [-80.28238971014062, 25.896367715474568], [-80.2833737103298, 25.89669471567344], [-80.28423571032025, 25.896860714911174], [-80.28523571040294, 25.896926715497376], [-80.28694771068825, 25.896960715809445], [-80.28752171079863, 25.89708671583472], [-80.28699971146513, 25.896839716222924], [-80.28623971068362, 25.89665671514329], [-80.28536971119557, 25.896535715245086], [-80.28771471114247, 25.896477715543753], [-80.29187771167992, 25.896316715554644], [-80.29190571216733, 25.89681971554468], [-80.29194171215232, 25.897467715593002], [-80.29200471279982, 25.898620716564153], [-80.29201971286844, 25.898845716120494], [-80.29204271243466, 25.899176715165694], [-80.29204271243466, 25.899351716277835], [-80.29206771254903, 25.899963716708626], [-80.29217371285425, 25.902449716880923], [-80.29237271394418, 25.905785717694172], [-80.2925167129859, 25.90986871839123], [-80.2925367130774, 25.91040071845425], [-80.29263771335974, 25.91315671964591], [-80.29264571375566, 25.91333071911349], [-80.29264771340547, 25.913368719928936], [-80.29265371325326, 25.913487719745483], [-80.29282071455616, 25.916967720841253], [-80.29285071289675, 25.917582721155373], [-80.29285071289675, 25.917787721355182], [-80.29292871361288, 25.919480720740737], [-80.29294271385656, 25.91975972194741], [-80.29302071367438, 25.921187721677136], [-80.29300971380374, 25.921522722768273], [-80.29306671370513, 25.923254722107032], [-80.29312571415468, 25.924683722520378], [-80.2931767142083, 25.925028722127692], [-80.29359871308439, 25.925021722351776], [-80.29402471395505, 25.92498972244752], [-80.29726171492794, 25.924771722464634], [-80.30473671767967, 25.924728721894144], [-80.30939671833458, 25.92467472151248], [-80.30940271818235, 25.924767722468598], [-80.3094057185554, 25.92490372225783], [-80.30941271822809, 25.925131722360348], [-80.30943971889059, 25.92533372177087], [-80.30949671879199, 25.92684172280492], [-80.3095187185333, 25.927308722700495], [-80.3095817191808, 25.92762372305893], [-80.30961371806954, 25.927786722675325], [-80.30962671848833, 25.92784972320516], [-80.30964071873203, 25.927920722671892], [-80.309651719501, 25.927976723529675], [-80.30966671867131, 25.928291722910522], [-80.3096097187699, 25.928762723384008], [-80.30959871889924, 25.928858723228988], [-80.30962071774225, 25.929338722896585], [-80.30966171864843, 25.93021672309345], [-80.30966571884639, 25.931524723563918], [-80.30950871938586, 25.932178724413365], [-80.30937071929363, 25.932842723765816], [-80.3091517190105, 25.933477724580914], [-80.30904971800494, 25.93377072429039], [-80.30881171835355, 25.934183724937455], [-80.30864071864934, 25.93448072498124], [-80.3083857183812, 25.93499872467221], [-80.3083567189672, 25.935058725044428], [-80.30819571841042, 25.935345725001966], [-80.30818171816672, 25.935371723851738], [-80.30799671821877, 25.93571872469855], [-80.30763671836867, 25.936356725669636], [-80.30762771904617, 25.93637172478481], [-80.30727671851855, 25.937118725482343], [-80.3072507194776, 25.93720672502662], [-80.30703171739786, 25.937950725816798], [-80.30687871813531, 25.938866725521212], [-80.30683571847759, 25.939410725695957], [-80.3068717184626, 25.940050726201328], [-80.30684171832537, 25.940726726402026], [-80.30694171878281, 25.942386726565335], [-80.30938271809086, 25.94238872666821], [-80.31028171789124, 25.942389725911838], [-80.3113907195505, 25.94235772668542], [-80.31222971997472, 25.94233372705795], [-80.31261272028938, 25.942293726590908], [-80.3134237202262, 25.942028726182837], [-80.31427472034599, 25.9417277263617], [-80.31454272103291, 25.941662725867253], [-80.31464072004387, 25.941639726963757], [-80.314801721499, 25.941600727126936], [-80.31552672032376, 25.941547726458047], [-80.31592772018176, 25.941549725767363], [-80.31606472134743, 25.941550725825913], [-80.31630472154694, 25.941552725942987], [-80.31653772117545, 25.941553726001512], [-80.31663572108474, 25.941554726060026], [-80.31747272275746, 25.941559726352473], [-80.31778972115323, 25.94156172646939], [-80.31860972041257, 25.94156672595374], [-80.31927072145987, 25.941570726187305], [-80.31940672190231, 25.94157172624568], [-80.32033372219007, 25.94163672598255], [-80.32079472232253, 25.941781726198375], [-80.32148072258587, 25.942047726408735], [-80.32225372288787, 25.94229072643416], [-80.32260672306528, 25.94233472710984], [-80.32322172228521, 25.94235072632337], [-80.32356772368824, 25.9423547273381], [-80.32380472351471, 25.942357725877628], [-80.32461072342866, 25.942350725515567], [-80.32486372404696, 25.942349725463814], [-80.32541872478905, 25.942347726168073], [-80.32596772298842, 25.942347726168073], [-80.32612772372032, 25.942347726168073], [-80.3261487236367, 25.942880726709785], [-80.32635372367612, 25.947958727920604], [-80.32636272389695, 25.94833672806649], [-80.32636672499322, 25.948519727284456], [-80.32640372480314, 25.950050729279873], [-80.32652572410356, 25.952342729017513], [-80.32655072421792, 25.95348272937176], [-80.32660772411934, 25.955959729780886], [-80.32662272418794, 25.956618729485466], [-80.32664372410436, 25.956722729487833], [-80.32669172468324, 25.95703172916242], [-80.32671472514777, 25.957122730566553], [-80.32444072354934, 25.957130729976566], [-80.32361872374189, 25.95713372975518], [-80.32236972323882, 25.95713773026758], [-80.31862272172968, 25.95714973018856], [-80.31737472194985, 25.957154729818736], [-80.31660072182295, 25.957156730478445], [-80.31428072109208, 25.957164729886145], [-80.31350772079008, 25.957167729663894], [-80.31340072065998, 25.957167730471586], [-80.31307972026961, 25.957169731131074], [-80.31297372086273, 25.95717073024926], [-80.3127967204124, 25.95717073024926], [-80.31226772050788, 25.95717073024926], [-80.31209171988247, 25.95717173098283], [-80.31200272019402, 25.957171730175137], [-80.31173672005522, 25.957171730175137], [-80.31164872019168, 25.957172730100996], [-80.31153371966565, 25.957172730908695], [-80.31127471919956, 25.957174729952705], [-80.31118871988416, 25.957174729952705], [-80.31107472008134, 25.957174729952705], [-80.31102771932734, 25.957174729952705], [-80.3109187195474, 25.957174729952705], [-80.31088871941019, 25.9571747307604], [-80.31084272027775, 25.957174729952705], [-80.31082871913573, 25.957174729952705], [-80.31078772002616, 25.957174729952705], [-80.31077471960737, 25.957174729952705], [-80.31074371874692, 25.957172730100996], [-80.31068371937077, 25.95717173098283], [-80.3106507197588, 25.957169731131074], [-80.31061971979668, 25.957169730323375], [-80.3105527189512, 25.957167730471586], [-80.31035572020603, 25.95716473069384], [-80.31028971918546, 25.957163729960214], [-80.31025371920045, 25.957162730034273], [-80.31014571924543, 25.957159730256397], [-80.31011071998363, 25.95715973106409], [-80.30223071717596, 25.956974730075483], [-80.30190371783613, 25.95697573000302], [-80.30170471674619, 25.956976731545947], [-80.2989817165075, 25.956899730639677], [-80.29882471614866, 25.9568967300474], [-80.29866971633797, 25.956891730406266], [-80.29528071502911, 25.956775730595336], [-80.29505771544635, 25.956774729858402], [-80.29497471470735, 25.956774730666105], [-80.2949777150804, 25.95691073065684], [-80.29497871670193, 25.956933730615987], [-80.29497871580362, 25.956947731221025], [-80.2950697142436, 25.9605107317115], [-80.29507471516477, 25.963559732641734], [-80.29507771463952, 25.964240732066923], [-80.29507871626106, 25.964573732137026], [-80.29508771468527, 25.965049733792533], [-80.29509171667983, 25.96525873239076], [-80.29511771482248, 25.966686732957506], [-80.29515071533277, 25.96849873376858], [-80.29515671518054, 25.968803733901872], [-80.29518971569084, 25.97057473324136], [-80.29510671585014, 25.970576734480495], [-80.29499971482171, 25.970579733916324], [-80.2948787153462, 25.97058273415968], [-80.29479671533043, 25.970584734591075], [-80.2915907143197, 25.970662734429347], [-80.28637771167419, 25.970789734614463], [-80.28197271128742, 25.970894734822938], [-80.27916671120806, 25.970962734754117], [-80.27881371103064, 25.97097073483845], [-80.27876670937835, 25.970972734455646], [-80.27874071033739, 25.970973734264234], [-80.27870271070255, 25.970973735071833], [-80.27866871036737, 25.970974734072808], [-80.27855871076251, 25.97097773511369], [-80.27851071108195, 25.97097773511369], [-80.27844771043443, 25.97097973473077], [-80.27534171077941, 25.971041735764935], [-80.26602270749791, 25.97122973505379], [-80.26291770587116, 25.971292734954456], [-80.26283070583254, 25.971294735373778], [-80.26257070643985, 25.971300735016346], [-80.26248470622613, 25.97130373524131], [-80.26242770632471, 25.971304735047084], [-80.2623427059359, 25.971306735466197], [-80.26225670572217, 25.971308735077688], [-80.26220070564568, 25.971310733881538], [-80.261792706115, 25.971321734974307], [-80.2605687057263, 25.971357736047228], [-80.26048970518526, 25.971360734655544], [-80.26016170512221, 25.971372734741234], [-80.25788070564772, 25.9714587349157], [-80.25104070310572, 25.97171873628153], [-80.24876070255783, 25.97180673499845], [-80.24863770163586, 25.97181073581957], [-80.24826770174, 25.971824735462064], [-80.24814570243959, 25.97182973527629], [-80.24786970135675, 25.97183973490411], [-80.24704170170149, 25.971870735198618], [-80.24697370103112, 25.971873734601452], [-80.24692670117545, 25.971874735209976], [-80.24676570241527, 25.971878735221193], [-80.24671770093808, 25.971879735022082], [-80.2466417016684, 25.97188073563055], [-80.24659870201071, 25.971880734822953], [-80.2465367011881, 25.971881735431413], [-80.24647070106587, 25.971882735232274], [-80.24642870123309, 25.97188373584072], [-80.24356370070417, 25.97193473617156], [-80.23805969960218, 25.97203273595347], [-80.23505169805983, 25.97208673561711], [-80.2342126976356, 25.97210273563233], [-80.2334516979275, 25.972116735240064], [-80.2321066980633, 25.972140736063544], [-80.23140569683302, 25.97217973547323], [-80.23068569623449, 25.97222073608115], [-80.2301656965508, 25.97222973587783], [-80.23007869651217, 25.972230735675726], [-80.22997969677796, 25.97223173628121], [-80.22991769595536, 25.97223273688669], [-80.22976169631974, 25.972239735471643], [-80.22968769669993, 25.972237735875982], [-80.22958869606741, 25.97223673527055], [-80.22949769672911, 25.972238735673816], [-80.2286456958861, 25.9722597362719], [-80.22781269620798, 25.972277735858597], [-80.22697469560866, 25.97228673565091], [-80.22556069524916, 25.972302735638927], [-80.22500269413402, 25.97230873603766], [-80.22463169531157, 25.972321735823762], [-80.22448269445033, 25.97232773541394], [-80.22397469446221, 25.97232773541394], [-80.22312469416734, 25.97233073561271], [-80.22282269494185, 25.97232073602664], [-80.21953869321499, 25.972245735873596], [-80.21720469313874, 25.97228873605333], [-80.21484869152455, 25.972339736208557], [-80.21425869152067, 25.972400735921806], [-80.21403169173993, 25.972429736476066], [-80.21382269060426, 25.97244473664855], [-80.21347869244431, 25.972444735840956], [-80.21293569139777, 25.972411736105034], [-80.21254869088517, 25.972389736545136], [-80.21198769119361, 25.972400735921806], [-80.21032269076395, 25.97244973643642], [-80.21016069128055, 25.972456736623638], [-80.20728268943455, 25.972557736163598], [-80.20622169015078, 25.97265173624921], [-80.20601268811679, 25.972684735917802], [-80.20559768981173, 25.972727736744627], [-80.20448168937806, 25.97277573652216], [-80.20398768873532, 25.972847736959324], [-80.20323168905009, 25.97287173682605], [-80.20287568849963, 25.972884735742337], [-80.20244568832932, 25.97289873687217], [-80.20229268816846, 25.972903735833153], [-80.20208568847922, 25.972909737008816], [-80.20183468840904, 25.972917735345547], [-80.20168268807309, 25.972923737328088], [-80.20095168940051, 25.972944736996276], [-80.19970868694863, 25.972983736139373], [-80.19876068674446, 25.973014736132356], [-80.1980316868234, 25.97303773698156], [-80.19442468595466, 25.97317373755708], [-80.19101368580279, 25.973225737118007], [-80.19084168537535, 25.973232737259043], [-80.19039168511355, 25.973236736416492], [-80.18672268252388, 25.973329737786056], [-80.18640168393014, 25.97333873669029], [-80.18628068355633, 25.973341736863272], [-80.18621068323613, 25.97334373644016], [-80.1856386827756, 25.97335773670777], [-80.18544868370311, 25.97336373705268], [-80.18535568291838, 25.973364736840946], [-80.18507768398237, 25.973366737225025], [-80.18498568392083, 25.97336873760907], [-80.184857682976, 25.973369737397295], [-80.18447568338459, 25.973374737145843], [-80.18434868316298, 25.97337673672217], [-80.18428268304075, 25.973377736510322], [-80.18408668322216, 25.973381736470422], [-80.18402168292484, 25.973383736046635], [-80.18377268250448, 25.97338973719781], [-80.183026682865, 25.973410737590378], [-80.18277868226957, 25.973418737508208], [-80.18276268237605, 25.973419737296], [-80.18269268205584, 25.973425737637754], [-80.182625683007, 25.973431737171616], [-80.18216868307252, 25.973472737343087], [-80.18201668273655, 25.97348673759534], [-80.18189368271291, 25.97348873716976], [-80.18152668229179, 25.973496737082286], [-80.18140468119473, 25.973499737251235], [-80.18122368234307, 25.973489737764545], [-80.18108768190064, 25.97348873716976], [-80.18099368218932, 25.973487737382555], [-80.18068068219486, 25.97347973666184], [-80.18050068316812, 25.97347473691775], [-80.18012268197803, 25.97347473691775], [-80.17898868200103, 25.973474736110166], [-80.17865068189224, 25.97347473772533], [-80.174532679764, 25.973550737688935], [-80.17450068087525, 25.973568737885646], [-80.17449068172783, 25.973570737458676], [-80.17446768036498, 25.97357373762574], [-80.17443268020489, 25.97357373762574], [-80.17441067956526, 25.97357373762574], [-80.17439467967175, 25.973573736818157], [-80.17434767981607, 25.97357373762574], [-80.17433268064576, 25.97357373762574], [-80.1742866797167, 25.97357373762574], [-80.1741516799975, 25.97357373762574], [-80.17410667979165, 25.973573736818157], [-80.17403268017179, 25.97357373762574], [-80.17397068024754, 25.973573736818157], [-80.17387268033823, 25.973574737412218], [-80.17317368055441, 25.973581737532477], [-80.1729406800276, 25.973584737699262]]]}}, {"type": "Feature", "properties": {"OBJECTID": 12, "ID": 9, "COMMNAME": "Kionne McGhee", "GlobalID": "0ed6b670-3566-460f-965c-81dabbb88298", "Shape__Are": 3545087867.7871094, "Shape__Len": 495993.9437109911}, "geometry": {"type": "Polygon", "coordinates": [[[-80.70233182599895, 25.666755648013087], [-80.70244282542873, 25.66644864799778], [-80.6742538184755, 25.666493648342215], [-80.67383881837381, 25.666494649105378], [-80.67381881828233, 25.66580064779411], [-80.67331881869013, 25.665804648440922], [-80.67333581751025, 25.666225648361365], [-80.66841381691452, 25.666256648604463], [-80.65738981212206, 25.666327649470418], [-80.6493118107443, 25.666392649758556], [-80.64135180846901, 25.66638565007801], [-80.63868080721053, 25.666382650214796], [-80.63572780771639, 25.666379648732143], [-80.62524980434351, 25.666367650087903], [-80.61724180148933, 25.666367650087903], [-80.60915979901527, 25.666468650312105], [-80.6091527993426, 25.666280649962477], [-80.59500479445346, 25.66638765079646], [-80.59319779463189, 25.66639965105804], [-80.58708579218603, 25.666445650565183], [-80.57723179005052, 25.666406651547444], [-80.56930778686193, 25.666504651068777], [-80.5612267851111, 25.666527650804312], [-80.5531467831852, 25.666563651543175], [-80.54513078083339, 25.666622651178695], [-80.54339478025864, 25.666635651368928], [-80.5412467790569, 25.66665065227178], [-80.54027377873837, 25.666647650795873], [-80.53725177874895, 25.666638652035456], [-80.533166777131, 25.666665652363065], [-80.5303947764885, 25.666717652287062], [-80.52918877654149, 25.666693651826694], [-80.52110777389237, 25.66672365199656], [-80.51505577172097, 25.666703652154045], [-80.51500077146937, 25.66579365212723], [-80.51500277201751, 25.663603651390265], [-80.51485877207747, 25.660044650845713], [-80.51461277113185, 25.653923649094903], [-80.52127077230236, 25.653787649106782], [-80.52495477496062, 25.653712648630215], [-80.52868277530487, 25.65363664885498], [-80.53895877811308, 25.653426649565276], [-80.5389167782803, 25.65214064819648], [-80.53855077768408, 25.640861645277212], [-80.54421977954082, 25.64076664544266], [-80.54775878063754, 25.64070764516637], [-80.54765778035518, 25.637557644216766], [-80.54733578103821, 25.625349641292015], [-80.54956378080927, 25.625345641718695], [-80.54954478054269, 25.62344063976606], [-80.54952178007815, 25.62106663955202], [-80.54923178054825, 25.61214163754559], [-80.5491437806847, 25.610320638130162], [-80.54908578006007, 25.609097636479824], [-80.54905577902451, 25.60846563653275], [-80.54505877906675, 25.608513636563952], [-80.54384677927193, 25.608516637071553], [-80.54312177865054, 25.608519636769014], [-80.54109677837076, 25.608546636472962], [-80.53910377697973, 25.608540637079326], [-80.53711077648701, 25.608556637621877], [-80.53506777576558, 25.608550636608598], [-80.5350337763287, 25.608550638228746], [-80.5310337759979, 25.60857363698088], [-80.52906177452326, 25.60857663748698], [-80.52804177434906, 25.608580637621618], [-80.52719377370401, 25.6086096373786], [-80.52716077409204, 25.608610637006958], [-80.52704477374108, 25.608614637140455], [-80.52607777237203, 25.608635637434077], [-80.52506177329411, 25.608631637301283], [-80.52485177323183, 25.608623638655438], [-80.52421377264905, 25.608602637549634], [-80.52416277349373, 25.608600637482702], [-80.52401377263251, 25.608595637720263], [-80.52256677266107, 25.608614637140455], [-80.52203177290876, 25.608621637778782], [-80.5210697724609, 25.608634636995852], [-80.52103977232368, 25.608634636995852], [-80.51902377226475, 25.608633637367692], [-80.51755477075534, 25.60868663790035], [-80.5172277705172, 25.608698637482735], [-80.51707877055428, 25.60870363724087], [-80.51504877025164, 25.60869663741741], [-80.51301077045139, 25.60869663741741], [-80.51252976932915, 25.608693637724393], [-80.51231176976927, 25.608685637462553], [-80.5122727694112, 25.608684637834827], [-80.5121967692432, 25.608685637462553], [-80.51213976934179, 25.60868663790035], [-80.51204976893011, 25.608688636345704], [-80.51205077055165, 25.608738637972152], [-80.51203676940965, 25.608868638862766], [-80.51198576935602, 25.609067638836844], [-80.51195776886861, 25.60913563758782], [-80.5119147692109, 25.609187638274374], [-80.51182876899719, 25.60929163795948], [-80.51168376923223, 25.60941463765721], [-80.51166476896564, 25.609438637484683], [-80.51146076875115, 25.60961863806231], [-80.51135376951935, 25.6097276378978], [-80.51114076998232, 25.609921637544915], [-80.51107476896176, 25.609993637517565], [-80.51102376980644, 25.61006263778818], [-80.51081576849568, 25.610245638700416], [-80.51067276927887, 25.61036563776542], [-80.51063876894368, 25.610402638046875], [-80.51042776905646, 25.610427638099207], [-80.51014976922214, 25.61045163772329], [-80.51003976782064, 25.61047363811702], [-80.50979576921982, 25.61058963769592], [-80.50953876930186, 25.610749637852155], [-80.50946476878369, 25.610813638016694], [-80.50942476860071, 25.610861637915093], [-80.50935676793036, 25.610920639164522], [-80.5093387692853, 25.610962638127766], [-80.50930876824978, 25.61100463869636], [-80.50916376938312, 25.61112163817735], [-80.50910476803527, 25.611123638202102], [-80.50907976792092, 25.61113063869349], [-80.5090447677608, 25.61116263827301], [-80.50897776781365, 25.61125063849012], [-80.50890576874197, 25.61131963884516], [-80.50871676859607, 25.61158163731818], [-80.50866576854244, 25.61169663945944], [-80.50864876792568, 25.611789638912438], [-80.50863276893048, 25.612058638412336], [-80.50860776881612, 25.612119638268926], [-80.50855076981303, 25.612216638215788], [-80.5084307683658, 25.612347639781145], [-80.50828476877594, 25.612491639190477], [-80.50822876869942, 25.612538638819508], [-80.50813076879014, 25.61264163923451], [-80.50791176850703, 25.612838638601335], [-80.50789276824047, 25.61286463854697], [-80.50652076861208, 25.614122638879277], [-80.50416076769824, 25.616329640231367], [-80.50410676727157, 25.616364639539484], [-80.50405376756811, 25.616429639500247], [-80.50381176682048, 25.616644640115517], [-80.50372976680471, 25.61672764011392], [-80.50364976643877, 25.616797640106792], [-80.50363276672033, 25.61681964095239], [-80.50343176687888, 25.617017640280313], [-80.50339076687098, 25.6170506402714], [-80.50321976716677, 25.61721564009017], [-80.50318576683158, 25.61723764004879], [-80.50302276662497, 25.61737864057107], [-80.5026867670643, 25.617705640418105], [-80.50258476785534, 25.617796640142057], [-80.50252876688053, 25.617835639655393], [-80.50247476645387, 25.617897640163985], [-80.50226376656667, 25.618094640586655], [-80.50224276665027, 25.61812064019879], [-80.50206676692318, 25.6182676393948], [-80.50190976746266, 25.618418639835348], [-80.50181576685303, 25.61850164022153], [-80.50170276687513, 25.618620640362323], [-80.50158476597602, 25.618720640143962], [-80.50147876656912, 25.61883464073254], [-80.50131776691065, 25.618977640883628], [-80.50129676609593, 25.618987640349687], [-80.50119776636173, 25.61907864071729], [-80.50110176610227, 25.61918464059525], [-80.50085276568193, 25.619413640316225], [-80.50077076566616, 25.61949664082122], [-80.50051976739263, 25.619726641099593], [-80.50040976599114, 25.61983764050502], [-80.49999776626248, 25.62022564068131], [-80.49994576638395, 25.620257640255485], [-80.49916876498568, 25.62100064177903], [-80.49910676595972, 25.62104864082572], [-80.49839676630523, 25.621706641101767], [-80.49766576493775, 25.62240564209182], [-80.49760976486124, 25.622457641864134], [-80.49683676635588, 25.6231516417365], [-80.49669276551752, 25.623321641996156], [-80.49664776441337, 25.623408641854414], [-80.4958817646824, 25.6231516417365], [-80.49549676471791, 25.623337640559722], [-80.49550576493876, 25.621408640756073], [-80.49526476491434, 25.621437641450235], [-80.48921876348903, 25.621466641327373], [-80.48677676345773, 25.621503641411778], [-80.47946075981636, 25.621490641164513], [-80.47947175968703, 25.623323643436667], [-80.4795247602888, 25.624440642880526], [-80.47900076040713, 25.62422664121228], [-80.47614475830242, 25.62428564234257], [-80.47536575905099, 25.62432164205695], [-80.47209375791799, 25.624472641325713], [-80.4714257580963, 25.624423642538712], [-80.46817475687972, 25.624597643016592], [-80.46742875724023, 25.624628642735317], [-80.46535675620648, 25.62468964346474], [-80.4633397554243, 25.624817644216908], [-80.45941375381501, 25.62498264302883], [-80.45828375403596, 25.62500764327073], [-80.45564375363796, 25.625098643102724], [-80.45506975352761, 25.625136642362296], [-80.45347275287001, 25.625174643229702], [-80.4517407524932, 25.625218641831715], [-80.45127875253586, 25.625229642694627], [-80.45037875201224, 25.625252643096598], [-80.44960875298163, 25.625296643289794], [-80.44698675212697, 25.62538064243551], [-80.44643675050943, 25.62535864316636], [-80.44625375021133, 25.625359643464574], [-80.4462087500055, 25.625360642952824], [-80.44519575040232, 25.6253866434136], [-80.44415674996154, 25.625412643868717], [-80.44241374971409, 25.625433642830334], [-80.44044274896267, 25.62544964354091], [-80.4388397484573, 25.625482644442865], [-80.43535774816033, 25.62559264387371], [-80.43430974749873, 25.62561164302145], [-80.43232974652649, 25.625634643349873], [-80.43166574600444, 25.625661644046694], [-80.43071174685082, 25.625683643260032], [-80.42969674580117, 25.625741644185613], [-80.42768874523983, 25.625820643976617], [-80.42666274431956, 25.625882643581203], [-80.42655774473756, 25.625888643724114], [-80.42628674547424, 25.625854644260183], [-80.42528774431814, 25.625893644382952], [-80.42520174410441, 25.625894643866733], [-80.42453674375746, 25.625928643319284], [-80.4235057437126, 25.625969644004112], [-80.42278274363933, 25.625969644004112], [-80.42274974492568, 25.625974643849602], [-80.4221967429351, 25.62601064386492], [-80.42204574422068, 25.62601764429411], [-80.42139274356929, 25.626047644161826], [-80.42057574288636, 25.626057643846078], [-80.42022974327996, 25.62607164388859], [-80.41910374280057, 25.6261286427141], [-80.41859974211208, 25.626131643589364], [-80.41643074189228, 25.62622764401987], [-80.41456974164404, 25.626310643840533], [-80.41278874086343, 25.62636364463266], [-80.41272874058897, 25.626365644402295], [-80.41132673992504, 25.626407644416606], [-80.41118774000789, 25.626414644012577], [-80.41059573945586, 25.626443644301414], [-80.41053774062786, 25.62644664435882], [-80.40847373999001, 25.626491644400925], [-80.40828673859565, 25.62649564474583], [-80.40813073985836, 25.62649964509059], [-80.40654873837106, 25.626540643959526], [-80.40446773801479, 25.626579643858314], [-80.40330173735242, 25.626600644234664], [-80.40298673770815, 25.626606644341518], [-80.40163373744804, 25.62663964411386], [-80.40007473732358, 25.626679645887375], [-80.39931073724243, 25.626710644255834], [-80.39872873673616, 25.626733644372628], [-80.3981337367094, 25.626758645057997], [-80.39490773560718, 25.626890644734644], [-80.39491973530272, 25.627442644673494], [-80.39506673561581, 25.62815564510469], [-80.39541673542018, 25.628782644857576], [-80.39570373637368, 25.629160644904708], [-80.39592973543118, 25.629412644541443], [-80.3959887358807, 25.629478644956244], [-80.39600673542407, 25.62949864536926], [-80.39636073632471, 25.629796644970973], [-80.3968807369067, 25.630183645749185], [-80.39726373632304, 25.630468645181402], [-80.39743273727575, 25.630590644693516], [-80.39765273648547, 25.630814646394256], [-80.39781173739244, 25.63100164568442], [-80.39795873680723, 25.631173645799468], [-80.39818673641285, 25.631642646083446], [-80.39833973657373, 25.63215464600006], [-80.39844773652875, 25.632646646268704], [-80.39845973712264, 25.633043646629126], [-80.39849773675748, 25.634057647007662], [-80.39849973730561, 25.63412564692463], [-80.39854573643805, 25.635487648086837], [-80.39856873690259, 25.635800646433747], [-80.39857373782378, 25.635873646408886], [-80.39868573618013, 25.63764264708187], [-80.39875073737576, 25.63919364840231], [-80.39884573691202, 25.641389648776602], [-80.39884573781033, 25.64165564835418], [-80.39891373848072, 25.643882649174266], [-80.39892373762814, 25.64419764927591], [-80.39894673719436, 25.64495564963522], [-80.3989637369128, 25.645138648921467], [-80.40224873756627, 25.644999649046706], [-80.40285773873504, 25.644967648813743], [-80.40695973917312, 25.644837648335848], [-80.40691874006353, 25.6444766492501], [-80.40691274021576, 25.644425648676567], [-80.40689173940105, 25.64417564942436], [-80.40679173984194, 25.642979648594377], [-80.40675373930878, 25.641120648107734], [-80.40679873951463, 25.641120648917585], [-80.40691873916522, 25.641121649083768], [-80.40697273869358, 25.641120648107734], [-80.40728973978432, 25.64111764841899], [-80.40742474040184, 25.64111564808655], [-80.40771373920852, 25.64111164823143], [-80.4078647406179, 25.641110648065162], [-80.40817873953893, 25.64110964789889], [-80.40833673972267, 25.641108649352304], [-80.40865174026526, 25.641107647566315], [-80.40880773990087, 25.641106648209863], [-80.40896273971157, 25.641105648043556], [-80.40926774110672, 25.64110164737825], [-80.40941974144268, 25.64109864849888], [-80.40971973922171, 25.641093647666924], [-80.41001074037317, 25.64109064878735], [-80.41015074101357, 25.641089648620913], [-80.4104147406042, 25.641087648288], [-80.41060474057501, 25.641085647955066], [-80.4106737410703, 25.64108464859843], [-80.41161474070344, 25.641108647732608], [-80.4117937408036, 25.641104648687097], [-80.41256174198102, 25.641104647877246], [-80.41392174101553, 25.64110364771092], [-80.41473274274898, 25.641069647719885], [-80.41502974195159, 25.643492647819432], [-80.41524974205961, 25.645213649118737], [-80.41549974230487, 25.64757065002479], [-80.41557874194757, 25.64831664955485], [-80.41570474324259, 25.652326651256843], [-80.41581374212423, 25.656017650369993], [-80.41582374216996, 25.6563596518682], [-80.41553074226701, 25.656361651135366], [-80.41482074261252, 25.656367652175636], [-80.41331574201645, 25.65642065176957], [-80.41168274137384, 25.656474652187207], [-80.41090274139916, 25.65649465212575], [-80.41021674113581, 25.65650365327113], [-80.40861773993008, 25.656525653278976], [-80.40801574023062, 25.65653465199278], [-80.40766473970304, 25.65654065140485], [-80.40681973943101, 25.656584652212565], [-80.40456174042107, 25.656653652287122], [-80.40386573921366, 25.656690651993802], [-80.40363973925786, 25.656702651611702], [-80.40259673861912, 25.65672665327312], [-80.40097973876837, 25.656830652049408], [-80.40017173740796, 25.656836652256345], [-80.39969973740486, 25.656840652394127], [-80.3995757375563, 25.656840652394127], [-80.3994137371746, 25.656839652359697], [-80.39909073803271, 25.65684965270366], [-80.39850473643016, 25.65686865254514], [-80.39776573646338, 25.656836652256345], [-80.39656673708734, 25.65656965247273], [-80.39653273675216, 25.65656865243602], [-80.3957127365945, 25.656284652198934], [-80.3955347372176, 25.656223652228018], [-80.39537973650859, 25.6561696525065], [-80.39535773586896, 25.655745651774225], [-80.39534373652357, 25.655470651610788], [-80.39615173698566, 25.655451651546635], [-80.3969917372348, 25.655433651525687], [-80.39766573690426, 25.655407651940497], [-80.39852173794523, 25.65537465121305], [-80.39880373887586, 25.655368651742332], [-80.39876873781745, 25.65457465164211], [-80.39846173677246, 25.650940651548233], [-80.39748873825057, 25.650952650934727], [-80.3973947367426, 25.6509546502925], [-80.39717273698474, 25.650959650711258], [-80.39683773635069, 25.650967650571044], [-80.3912697356746, 25.651089650998106], [-80.3912577350807, 25.650845651638804], [-80.39117473524003, 25.64922365063539], [-80.38726273387444, 25.649435650227815], [-80.38664173390842, 25.649607650506578], [-80.386541733451, 25.64892665022913], [-80.38653873397627, 25.64890565054051], [-80.386465733283, 25.648407650247616], [-80.38619373419476, 25.64653864969093], [-80.38604573315844, 25.645569649379883], [-80.3857747338951, 25.64349764936071], [-80.38560973314036, 25.643493649585405], [-80.38539873325317, 25.643509650305486], [-80.38537173348898, 25.642697648711078], [-80.38533373385414, 25.64183864946085], [-80.38505273274843, 25.64183964881117], [-80.38295673232355, 25.64185664829331], [-80.38281673258146, 25.64186364860339], [-80.38265773257281, 25.641872649232845], [-80.38081873206588, 25.642009648382714], [-80.38008573194686, 25.64206664850879], [-80.3798067322876, 25.642081650071894], [-80.37925873211653, 25.642111649953055], [-80.37911073197851, 25.642125648923198], [-80.37851273157871, 25.64218064867929], [-80.37798673025063, 25.64221864898188], [-80.37772673175625, 25.64223764872371], [-80.37712672991, 25.6422836494501], [-80.37634473028551, 25.642413650280346], [-80.37623673122879, 25.6424316490261], [-80.37615672996452, 25.64194164890709], [-80.37597473128797, 25.641731648471684], [-80.37548273029508, 25.6414456490353], [-80.37477173081567, 25.64116964895211], [-80.37415373032438, 25.64092564874615], [-80.36817172757486, 25.638563648491566], [-80.36770372776972, 25.638420648303377], [-80.36677572765703, 25.638488648165033], [-80.36642172765471, 25.638514648197184], [-80.36590472744575, 25.638442648405775], [-80.36571072817532, 25.638323648576602], [-80.36550972743555, 25.638200648676143], [-80.36371172603819, 25.636734648494727], [-80.36276272690743, 25.635996647896903], [-80.36222472588376, 25.63565364775736], [-80.36168172663386, 25.635599647636166], [-80.36131772568747, 25.6356156477946], [-80.36055072613159, 25.635649647719223], [-80.3598217244139, 25.63563264735318], [-80.3586867255103, 25.63495064729856], [-80.35864772605055, 25.634927647144494], [-80.35824572546935, 25.634685647579005], [-80.3581367256894, 25.634620647833028], [-80.35786272515469, 25.634455646948346], [-80.35732572485426, 25.63413364791278], [-80.35626472377388, 25.633497647457464], [-80.35614872432124, 25.633427647531498], [-80.35507372479377, 25.63278164743496], [-80.35432772425598, 25.632333646133212], [-80.35242572310152, 25.631191647049736], [-80.35204972335791, 25.631098647310132], [-80.35191072344072, 25.63110364694091], [-80.35108872273494, 25.631136647900487], [-80.3507687230678, 25.631146646348732], [-80.34981872231549, 25.6311746468589], [-80.34941772335581, 25.631186646612726], [-80.34916872203716, 25.631109646821546], [-80.34894372190625, 25.630955647090243], [-80.34853372182742, 25.630363646663284], [-80.34851272191102, 25.63033264600325], [-80.34831172206958, 25.63002364650873], [-80.34814172219026, 25.62960564598313], [-80.34811772190082, 25.629131646895445], [-80.34810472148203, 25.6287466464877], [-80.34817872200018, 25.628745645407914], [-80.34982972308447, 25.62870764486669], [-80.35172972189413, 25.62864564510864], [-80.3536127236803, 25.628584646399553], [-80.35388372384195, 25.62857564638821], [-80.35384472258559, 25.62779764500446], [-80.35373672352887, 25.62791164584059], [-80.35214972381533, 25.62799564638706], [-80.35198272341076, 25.627965645388738], [-80.35190572251953, 25.627862646034497], [-80.35177072369865, 25.6253966447731], [-80.35169072153606, 25.624191645017135], [-80.35074272312852, 25.624081645106116], [-80.34980772244484, 25.62392464510184], [-80.34843172172017, 25.623552644943878], [-80.34795172132115, 25.623279644946642], [-80.3478757220515, 25.623031644980973], [-80.34775472167767, 25.621334644566897], [-80.34854772207113, 25.621255645049146], [-80.34850372169021, 25.621055643975655], [-80.34877372202693, 25.62033664367311], [-80.34795672224234, 25.62008564467101], [-80.34664672163993, 25.619537643713613], [-80.34642872118171, 25.619453644509434], [-80.34593572126221, 25.61926364391238], [-80.34559572060527, 25.61913264425838], [-80.34574172109346, 25.618741644331887], [-80.34610672006812, 25.617771643251206], [-80.34611772173541, 25.617712643763987], [-80.3463287216226, 25.61669264334217], [-80.34637672130317, 25.61646064295839], [-80.34676272109256, 25.614883641757654], [-80.34717572244276, 25.613927642416776], [-80.34749972230784, 25.613224642883132], [-80.34805172088026, 25.612048642416717], [-80.34835672227544, 25.61138264152948], [-80.34963772256552, 25.60858364055775], [-80.35003172275083, 25.60774264051566], [-80.3504037213982, 25.606912641156722], [-80.35079172263401, 25.606092639820552], [-80.35118272244627, 25.605225640905324], [-80.3515707236821, 25.604417640161888], [-80.35198972218512, 25.603569639043332], [-80.35253172340676, 25.60230164020536], [-80.35317372328917, 25.600874638757922], [-80.35318372423322, 25.600669639130114], [-80.35332172342717, 25.60046664016403], [-80.35418372251928, 25.598595638537237], [-80.35534572298371, 25.596093637621408], [-80.35623972365953, 25.594187637137317], [-80.35674872347255, 25.593147636902103], [-80.35725572453406, 25.592247636957012], [-80.35727472390232, 25.59221463660078], [-80.35729372416888, 25.592183636577012], [-80.35774172298424, 25.591431636231334], [-80.35797872370902, 25.591081636132646], [-80.35873572411748, 25.59005063611353], [-80.35875772385877, 25.590021635906723], [-80.35959372390997, 25.5890406358056], [-80.36124872429387, 25.587311635458146], [-80.36312972463361, 25.585345636147366], [-80.3652047260404, 25.58325063411617], [-80.36574672546537, 25.582614634319075], [-80.36603372641888, 25.582353634620492], [-80.36614372602374, 25.58258163373669], [-80.3662127256207, 25.582716634735764], [-80.36646272586596, 25.582454633792157], [-80.36639972521844, 25.582292634164943], [-80.36629872583443, 25.582031633764142], [-80.36682872646217, 25.581443633523016], [-80.36851272715839, 25.57972163269379], [-80.36938572701949, 25.57882163385648], [-80.37071972791135, 25.57745063294764], [-80.37242972764855, 25.575691632541055], [-80.37235972732836, 25.573411630777034], [-80.3722927282795, 25.57117163105837], [-80.37228772735833, 25.5700516316912], [-80.37228672753342, 25.56998163026872], [-80.37189372807134, 25.56992563055987], [-80.37106472679456, 25.569826629635838], [-80.36857272653455, 25.56950363078297], [-80.36777372629328, 25.569334630140368], [-80.36592672449214, 25.56894463186118], [-80.36478072571786, 25.568702630806833], [-80.3644597253275, 25.568634630141286], [-80.3637627251935, 25.568427630451612], [-80.36347872461305, 25.568440630794978], [-80.36314972472508, 25.56843863086691], [-80.36314672525036, 25.56830562990321], [-80.36310472451925, 25.56643563022894], [-80.3627927243497, 25.566448629978186], [-80.36244772456821, 25.566439630151933], [-80.362200724696, 25.56643563022894], [-80.36204372433716, 25.566444630055493], [-80.36186572406193, 25.566446630016852], [-80.36122672455257, 25.56648063016529], [-80.36116272318183, 25.566474629472445], [-80.36091472438302, 25.56649163075943], [-80.36053672409128, 25.566562630149896], [-80.36018672428689, 25.566606629248845], [-80.35986972409447, 25.56660063018302], [-80.35931072315444, 25.566628630412964], [-80.35891172384457, 25.56662862960261], [-80.35884372317419, 25.566629630392114], [-80.35873672394237, 25.566632630329515], [-80.35801772316876, 25.566630630371257], [-80.3578937233202, 25.56662962958176], [-80.3576957229535, 25.566624629685926], [-80.35753172292196, 25.566624630496282], [-80.35603472272179, 25.56662763043381], [-80.35603272307196, 25.56649163075943], [-80.35602372285112, 25.565769629842343], [-80.35599972256169, 25.564661630143515], [-80.35599672398527, 25.563554629924194], [-80.35598872269104, 25.56282562905493], [-80.35597272279752, 25.562104628746987], [-80.35593872246231, 25.56173162833658], [-80.35610472304198, 25.5613606292422], [-80.356245722609, 25.561194628528295], [-80.35666172253558, 25.560473628128342], [-80.35687672262075, 25.56020862865658], [-80.35707572281237, 25.559962629261427], [-80.35754472244243, 25.55966962842996], [-80.35766872318929, 25.559598628195292], [-80.35785772333519, 25.55949062811149], [-80.35824072275152, 25.559402628721593], [-80.35906172453072, 25.559300629513647], [-80.35912872357956, 25.559297627771805], [-80.35930572313156, 25.559295627691075], [-80.3594567236426, 25.559293627610312], [-80.35957772311814, 25.55929262756992], [-80.35979272410158, 25.559289629069497], [-80.36050072410626, 25.559280627894946], [-80.36104172460463, 25.559270628299952], [-80.36121272430886, 25.559266628137554], [-80.36152072428045, 25.559260627893718], [-80.36271572525513, 25.559441628634154], [-80.36309272482367, 25.559502628575835], [-80.36411772502075, 25.559667628355445], [-80.36411972556887, 25.55929362842072], [-80.36411172517296, 25.559131628251283], [-80.36433572547894, 25.559120628602017], [-80.36627272499685, 25.559090628964064], [-80.36725672608434, 25.55909762763763], [-80.36780072605747, 25.55908262781671], [-80.36810372600617, 25.55907462828964], [-80.36888872690204, 25.559068628036187], [-80.36970072666377, 25.55906362782474], [-80.37050772640262, 25.559058629233903], [-80.3713077264688, 25.559053627401227], [-80.37214272759337, 25.559057628381137], [-80.37213572702235, 25.557530627713714], [-80.37213472719745, 25.557262628043595], [-80.37213272754764, 25.556813627388888], [-80.37213172682439, 25.556579626642453], [-80.37212272660358, 25.55440062668056], [-80.37209972703735, 25.55313162710066], [-80.37207372709808, 25.551633626072007], [-80.37409172770515, 25.551633626072007], [-80.37428472715068, 25.551633626072007], [-80.3749747285103, 25.551633626882467], [-80.37553472837698, 25.55163062737992], [-80.3760087280299, 25.551633626072007], [-80.37625072787922, 25.551639625887326], [-80.37706772856215, 25.552026625903046], [-80.37718072854005, 25.55205362619677], [-80.37716072844856, 25.551636626384933], [-80.37816172835618, 25.551630626569462], [-80.3793737290493, 25.55162562523717], [-80.38020873017388, 25.551588625421385], [-80.38085472935595, 25.551546625879503], [-80.3821457296918, 25.551538625849314], [-80.3842787308249, 25.55152662620826], [-80.3864097314099, 25.55151462575555], [-80.38843473258798, 25.55148862625639], [-80.38892273158629, 25.551486626855766], [-80.38981573243717, 25.551475625694234], [-80.39059373186372, 25.551466625553594], [-80.39163773232735, 25.551453625799514], [-80.39253173300317, 25.55144562495266], [-80.3930757329763, 25.55144062523356], [-80.39347373335956, 25.55143762572619], [-80.3943497335937, 25.55142562607502], [-80.3949197335061, 25.551421625650725], [-80.39597473384038, 25.55141462490789], [-80.39620473489246, 25.551412625506032], [-80.39625373439796, 25.551453625799514], [-80.39629773298226, 25.551411625399865], [-80.39632073434511, 25.551387625280665], [-80.39644573401857, 25.551495626184444], [-80.3964547342394, 25.55150962603933], [-80.39660273437742, 25.551630625759007], [-80.39678273430246, 25.55143762572619], [-80.39693573356503, 25.551272625149338], [-80.39701373428116, 25.551313625490714], [-80.39726773472437, 25.55144562576312], [-80.39683073488136, 25.551882625044254], [-80.39658173446102, 25.552131625930524], [-80.39659873417946, 25.552509625105603], [-80.39657773426308, 25.55268862612786], [-80.39654273410295, 25.552848625905252], [-80.39650773394285, 25.553020626582587], [-80.39650773394285, 25.55316462607395], [-80.39653473460535, 25.55330062629017], [-80.39659373415658, 25.553472626318744], [-80.3966517347812, 25.553717625985016], [-80.39667173487271, 25.55381362618738], [-80.39667473524575, 25.553875625838213], [-80.39666973432458, 25.55393362592697], [-80.39663773363921, 25.55403262620923], [-80.39662073392076, 25.554172626583398], [-80.39661873427094, 25.554407626438525], [-80.39662473411872, 25.554672626584463], [-80.39666573412661, 25.555123626497704], [-80.39666773377644, 25.555921627116106], [-80.39668173491845, 25.557874625915794], [-80.39671073433244, 25.558622626993873], [-80.39672373385292, 25.558755627363954], [-80.39674173429458, 25.559463627872727], [-80.3967487348656, 25.559575627322676], [-80.39676373493421, 25.56014462816416], [-80.39676273421098, 25.560612628240747], [-80.39675773418813, 25.560833628046584], [-80.39677373408163, 25.561009627901015], [-80.39678873415026, 25.561163627764135], [-80.39680973406665, 25.561280627364663], [-80.39687273561248, 25.561557628775514], [-80.39694173431113, 25.56184762817368], [-80.39697873501936, 25.562022628141513], [-80.39700873515659, 25.562261628059673], [-80.3970167346542, 25.56309062841016], [-80.39688973533092, 25.563618628594774], [-80.39684373440184, 25.56425562882002], [-80.39684673477488, 25.56611962940729], [-80.39683173470628, 25.567298629158493], [-80.39682873343492, 25.567526630206256], [-80.39683973420388, 25.56813063020143], [-80.396852735521, 25.568885630165816], [-80.3968697352394, 25.569814630205833], [-80.39686473521655, 25.57072463056876], [-80.39687773473705, 25.571565631560155], [-80.39690573522442, 25.573440630957304], [-80.39688973443259, 25.574545630720966], [-80.39688973443259, 25.57457663207274], [-80.39689273390732, 25.574636631686452], [-80.39689773482851, 25.57474863153317], [-80.39691973546815, 25.575206632189087], [-80.39694073538455, 25.5756166316544], [-80.39693673518659, 25.576352632543475], [-80.39693273498861, 25.57713763169867], [-80.39697873412105, 25.578036632780044], [-80.39698173539242, 25.57856763233541], [-80.39699273436476, 25.58083963262667], [-80.3970507358877, 25.584478634296637], [-80.39704873533957, 25.584893633544922], [-80.39704173476855, 25.58629863446041], [-80.39703573581907, 25.587450634393246], [-80.39703073489791, 25.58841763497785], [-80.39702773542317, 25.58913163547291], [-80.3970227354003, 25.589768635257098], [-80.39705073498938, 25.590478635051618], [-80.397065735058, 25.591395635523053], [-80.39706273468495, 25.59217263591328], [-80.39704273459347, 25.592759635523613], [-80.39705573591058, 25.593277636109452], [-80.3970857351495, 25.593473636841015], [-80.39708473532458, 25.593752636187563], [-80.39708173584984, 25.594230636055748], [-80.39707873637511, 25.594902636965518], [-80.39707473617715, 25.595631636938254], [-80.39707173580409, 25.59634563731552], [-80.39706773560613, 25.597087637067283], [-80.39724073585852, 25.597032636803625], [-80.39897673643326, 25.596990636997702], [-80.40122373647088, 25.596936636415403], [-80.401702737045, 25.59691063705651], [-80.40216673665219, 25.596912636508844], [-80.40318573789978, 25.596874637187042], [-80.40425973760233, 25.596804636059577], [-80.40462573730022, 25.596788636374797], [-80.40521973750207, 25.5968336362423], [-80.40583673906676, 25.596811637389393], [-80.40626273724247, 25.5967956368954], [-80.40708873904454, 25.596766636703467], [-80.40930573894494, 25.596689636606698], [-80.4108307396325, 25.596618635642344], [-80.41158873986588, 25.596591635675342], [-80.41276374074909, 25.596589637027797], [-80.41292574023247, 25.596575636772222], [-80.41303774038546, 25.59656563705161], [-80.41314274086577, 25.59655763759858], [-80.41344974011412, 25.596535636264445], [-80.4159207395594, 25.59647763655761], [-80.41643674174006, 25.59644763655853], [-80.41739874128962, 25.596428636015116], [-80.41784174187872, 25.59640463762693], [-80.41842074201195, 25.596366636523424], [-80.41936274236832, 25.5963266367559], [-80.4215137430448, 25.596234636348672], [-80.42363474268572, 25.596232636885006], [-80.42566274423685, 25.596109636589], [-80.42708174461922, 25.596052636408935], [-80.42968774647868, 25.5959586363227], [-80.43390974656732, 25.595751636087797], [-80.43409474651526, 25.595747636334128], [-80.43441974710358, 25.5957416362983], [-80.43770974688161, 25.59567863671402], [-80.4385927485851, 25.595633636411964], [-80.43936674781366, 25.59559463532633], [-80.4419167486983, 25.59546763623151], [-80.44197574914784, 25.595464636206607], [-80.44356874870917, 25.595428635901904], [-80.44370375022501, 25.59542663561461], [-80.44469874938652, 25.595404635692756], [-80.44602175040774, 25.595376635712707], [-80.45002675076142, 25.59523863600464], [-80.45212575245768, 25.595154635928267], [-80.4541337521207, 25.59509963639605], [-80.45622575234762, 25.595023635778222], [-80.45835475418107, 25.594957634967987], [-80.4622917538644, 25.594832635494082], [-80.46635875593898, 25.594579635297126], [-80.46647075609198, 25.59457763499563], [-80.46828875668253, 25.594537634629834], [-80.47031775626192, 25.594473635475033], [-80.47440675807785, 25.5943376350307], [-80.47648175858633, 25.594283634060783], [-80.47846875923126, 25.594293633972182], [-80.47843875999234, 25.590734634343402], [-80.47844175946709, 25.59020463427225], [-80.4784297588732, 25.58697963283663], [-80.47835875872809, 25.58517463229296], [-80.4783447584844, 25.583346631712836], [-80.47834475938271, 25.583270631731256], [-80.47851075906406, 25.583253631206375], [-80.47850875851593, 25.583183631831687], [-80.47864875915631, 25.58318563151344], [-80.47873175899699, 25.58320163220725], [-80.47935175913811, 25.583195632352446], [-80.47995575938569, 25.58319063233817], [-80.48071275979414, 25.583185632323687], [-80.48122275943209, 25.58317763116574], [-80.48184476012133, 25.583169631627744], [-80.48190375967258, 25.583169631627744], [-80.48252075944063, 25.583169632437986], [-80.4830317607001, 25.583169631627744], [-80.483191761432, 25.583161632089208], [-80.48346675999497, 25.58316363177133], [-80.48429776002328, 25.58315263108851], [-80.48501876134503, 25.583143631707628], [-80.48505976045462, 25.583143631707628], [-80.48559676165335, 25.583140631373688], [-80.48649876182678, 25.58313763184992], [-80.4869857618985, 25.583134631515826], [-80.48740276165002, 25.583133631674524], [-80.48762176103479, 25.58312363164059], [-80.48822676200561, 25.583121631147552], [-80.48825276194489, 25.583120631306144], [-80.48878476222244, 25.583110632081365], [-80.48965276206067, 25.583102631728643], [-80.49047576259137, 25.58310863077787], [-80.4905397630638, 25.58310863158811], [-80.49066876203689, 25.583095631217017], [-80.49154376244613, 25.583092631692118], [-80.49157976153283, 25.583087631673532], [-80.49280576336798, 25.58308163100277], [-80.4935477619112, 25.583078631477516], [-80.49364976291677, 25.583066630945034], [-80.49418476356738, 25.58306163173561], [-80.49435976346955, 25.583047631517392], [-80.49462676433157, 25.583043630528746], [-80.49458376377554, 25.579527631055125], [-80.49455376363831, 25.57768563007787], [-80.49453676391988, 25.57590962993572], [-80.49449376336385, 25.57404362875522], [-80.49450176375979, 25.5722676288753], [-80.49791476445976, 25.572279628059494], [-80.5025837653355, 25.572226628412295], [-80.50466576641499, 25.572205629019557], [-80.50672176575858, 25.572133627369325], [-80.5108657687244, 25.57207862860055], [-80.5128037680672, 25.572059628239156], [-80.51487076997641, 25.57206562865214], [-80.51679776944856, 25.572055628503875], [-80.51681977008819, 25.572055627693558], [-80.51895277032298, 25.57204562916509], [-80.52092777127235, 25.571972628294432], [-80.52199277075408, 25.571972628294432], [-80.52306677135496, 25.571966628687107], [-80.52502577241079, 25.571936628214992], [-80.52494277167179, 25.569216627915214], [-80.52494177184688, 25.568399627400908], [-80.52494077202196, 25.56831862701844], [-80.52697877272053, 25.5683286274788], [-80.52700077246185, 25.56469562674684], [-80.52893677395146, 25.56468862596921], [-80.5289757734112, 25.56468862596921], [-80.53079477472498, 25.564671626047026], [-80.53096177333292, 25.564671626047026], [-80.53303777456462, 25.56466962605602], [-80.53509577535468, 25.56465962529013], [-80.53509277498162, 25.562400625287022], [-80.53504477440273, 25.561088625071772], [-80.53504077420477, 25.560972625310097], [-80.53497577390745, 25.55722762441065], [-80.5349637751102, 25.553666623972074], [-80.53495777436409, 25.55181562303795], [-80.53494977396817, 25.55023362259015], [-80.53493477479788, 25.54999562230076], [-80.53499077487437, 25.549995621490286], [-80.53841477454671, 25.549984622623295], [-80.53892777545599, 25.549985621930905], [-80.53899177682673, 25.549985621930905], [-80.53993377628481, 25.55000362243394], [-80.54289277742336, 25.549985622741378], [-80.54684777665003, 25.549974621442065], [-80.54717377796158, 25.549973622134367], [-80.54845977827453, 25.5499696216616], [-80.54924877847004, 25.549973622134367], [-80.54971877882333, 25.54997562237069], [-80.55090077937923, 25.54998162145855], [-80.55479978032604, 25.549961621526148], [-80.55683578047645, 25.54992862086044], [-80.55899678119866, 25.54989262226055], [-80.56020578151873, 25.5499696216616], [-80.56019778202112, 25.548015621950427], [-80.56020078149588, 25.547220620981964], [-80.56019178307166, 25.547149621475985], [-80.56018478070402, 25.546287621014272], [-80.56019678219623, 25.545660620823615], [-80.5601947816481, 25.545539620750574], [-80.56020578151873, 25.54493261985395], [-80.56018478160233, 25.54409361945649], [-80.56020078149588, 25.543606620506818], [-80.56018978162521, 25.543418620576098], [-80.56020178132077, 25.542976619543172], [-80.56019178217335, 25.542307619519427], [-80.56019778202112, 25.541618620112025], [-80.56019278109994, 25.54145461998732], [-80.56019178127504, 25.536592618498418], [-80.56017678210473, 25.534876617968628], [-80.5601467819675, 25.53278361726515], [-80.56010978125927, 25.531078617150815], [-80.5600617815787, 25.52800961667108], [-80.56015478056679, 25.527960616484645], [-80.56012178095483, 25.526465615619014], [-80.5600277812435, 25.520463614048683], [-80.56000978080185, 25.516806613192163], [-80.55988378220178, 25.51679061336036], [-80.55988278058024, 25.51676361323401], [-80.55986378031365, 25.516757612484493], [-80.55984678149353, 25.51678561381783], [-80.559787781044, 25.516777613900796], [-80.559639780906, 25.51679761288169], [-80.55962378101246, 25.51683961324386], [-80.55960178127116, 25.516863612980966], [-80.5595287796796, 25.516910613668262], [-80.55942878101881, 25.51695361357375], [-80.5592817807057, 25.516993613094932], [-80.55914378061343, 25.51700961289968], [-80.55890678168528, 25.51701961358725], [-80.55813078101025, 25.51701661321893], [-80.55787578074214, 25.517015613636598], [-80.55411877918723, 25.517016614029615], [-80.55150577855342, 25.517007612924203], [-80.55029877878147, 25.517009613710368], [-80.5480977778763, 25.517012614078865], [-80.54766677788106, 25.51701961358725], [-80.54648877662483, 25.517010614103437], [-80.5463387777353, 25.51701461324357], [-80.54464777646807, 25.51701361366122], [-80.54292177593905, 25.517020613980236], [-80.54283877609836, 25.517035613388526], [-80.54276777595325, 25.517036613781382], [-80.54265677562518, 25.517038612945683], [-80.5426377753586, 25.5170316142491], [-80.54251577605818, 25.517015613636598], [-80.53865077454824, 25.51705861431516], [-80.53863077535509, 25.517054613555114], [-80.53755877530236, 25.51706961458054], [-80.53455477305964, 25.517091614297573], [-80.53457377332622, 25.517040613731332], [-80.53459577396585, 25.51600661331468], [-80.53453077366852, 25.5132926135259], [-80.53448977366064, 25.509611612728317], [-80.5345297738436, 25.505997611037344], [-80.53455177268661, 25.502418610220758], [-80.53444977347766, 25.500522609453412], [-80.53445677315035, 25.49870560891237], [-80.53447077339405, 25.495092609638117], [-80.53449777315824, 25.493545608341627], [-80.5343747731346, 25.493342607889296], [-80.53439177195472, 25.491439607216023], [-80.53435577286801, 25.48841860648602], [-80.53434877229701, 25.487787606282794], [-80.53440977239637, 25.48598860652651], [-80.5343757729595, 25.484140604753325], [-80.53432477290588, 25.48401860523731], [-80.53429277222051, 25.48217260536005], [-80.53433777332468, 25.481610605257313], [-80.53432377308096, 25.481489604673595], [-80.53430977283726, 25.481369605468952], [-80.53429377294376, 25.481312605054683], [-80.53430377298949, 25.48124660488267], [-80.53432177343113, 25.481127605316495], [-80.53432277235774, 25.48070160497715], [-80.5343277723806, 25.479558604192476], [-80.53428677147441, 25.477604603957936], [-80.53426277208327, 25.476776602392817], [-80.5342427719918, 25.47635560408244], [-80.53419977233409, 25.471420602294906], [-80.53417077202177, 25.46950360201323], [-80.53221877153695, 25.46951660172205], [-80.53014177137862, 25.4695266014971], [-80.52854677037087, 25.46954260194647], [-80.52819477001836, 25.469541601969134], [-80.52604576989005, 25.469577601958967], [-80.5250587693278, 25.46957360205074], [-80.5249097693649, 25.46957360286175], [-80.5241017698011, 25.469570602119486], [-80.52344277020026, 25.46956860297628], [-80.5230387681726, 25.469568602165275], [-80.52204976885885, 25.469570602119486], [-80.51951676769266, 25.46957660279294], [-80.51791076681424, 25.469592602424644], [-80.5164147673373, 25.469566602211028], [-80.51484276679405, 25.469582602655077], [-80.51385676695504, 25.46962260335038], [-80.50970376646335, 25.469608602865232], [-80.50872376377718, 25.469627602422594], [-80.50772876371735, 25.469659601670312], [-80.50570376343757, 25.469645602811493], [-80.50370676364521, 25.469617602655937], [-80.50364576354585, 25.469617602655937], [-80.5016297625886, 25.469623602516034], [-80.50088176240098, 25.46963360228219], [-80.49969276217239, 25.469672602173276], [-80.49965676218737, 25.469673602960533], [-80.49902076215274, 25.46968860260322], [-80.49765676202198, 25.46968960257934], [-80.49761976131371, 25.46968960257934], [-80.49704876157641, 25.469690602555442], [-80.49633076152602, 25.469690601744432], [-80.49598276137147, 25.469699603151017], [-80.49563876051656, 25.46970760214795], [-80.49559276138412, 25.469838602982314], [-80.495590760836, 25.470503603085913], [-80.49558976101109, 25.470961602770526], [-80.49558876118616, 25.471226603077156], [-80.49485976126512, 25.471224602339475], [-80.494098761557, 25.4712286030038], [-80.49363376032828, 25.471233602820266], [-80.49364976112012, 25.47158760227388], [-80.49362075990949, 25.471995602427327], [-80.49365076094504, 25.472691603692862], [-80.49363676070135, 25.47338760336364], [-80.49233576121807, 25.473384603527517], [-80.48960675843666, 25.473378603044047], [-80.48941175934131, 25.47336860358924], [-80.4893697595085, 25.47337460407321], [-80.4890517594912, 25.47341660420867], [-80.48876975766225, 25.473410603726794], [-80.48857075926726, 25.47343860381035], [-80.48757575920742, 25.47343860381035], [-80.4865757582264, 25.47344160364514], [-80.4855757581437, 25.47343760386541], [-80.48454475809886, 25.47344160445612], [-80.48352275737652, 25.473450603960018], [-80.48249975682927, 25.47345460373932], [-80.48149175814729, 25.473457604384684], [-80.48146575641138, 25.472555603771514], [-80.48145575726396, 25.47163460364418], [-80.47941675584218, 25.47164960385333], [-80.47943075608588, 25.472571603817947], [-80.47942675678624, 25.473466604698373], [-80.4793827564053, 25.473944604081105], [-80.47942275658828, 25.474394604953453], [-80.47739975595832, 25.47438760458333], [-80.47738875608766, 25.47349960449116], [-80.47738175641499, 25.47257760353069], [-80.4773787551436, 25.471655603612067], [-80.47735275610265, 25.470740603696452], [-80.4773477560798, 25.470236603676298], [-80.4773487559047, 25.46983660222155], [-80.47734375588183, 25.469278602775354], [-80.47738175551667, 25.4691986035757], [-80.47735975577535, 25.46905060317239], [-80.47735475575247, 25.468850602666876], [-80.47734375588183, 25.46841760272428], [-80.4773137557446, 25.467858601570484], [-80.47731575539441, 25.467398601435164], [-80.47731875486917, 25.466770602028465], [-80.47728875563025, 25.46617260194067], [-80.47730575534868, 25.465299602217716], [-80.47730275587395, 25.464282601324875], [-80.47729675512785, 25.46343360235276], [-80.47728975635346, 25.462491601383025], [-80.47610875472417, 25.46248360028418], [-80.47515375574561, 25.462484600320185], [-80.47309875443031, 25.46247060143752], [-80.47244175358097, 25.462467601329134], [-80.47201175430897, 25.46247060143752], [-80.47180975374428, 25.462472601509727], [-80.47118675412845, 25.462463601184513], [-80.4700947530859, 25.462462601148335], [-80.4690157533605, 25.462458601814607], [-80.46297475285637, 25.462546601725027], [-80.46234975089578, 25.462565602397692], [-80.4618467500322, 25.4625786012341], [-80.46178475100625, 25.4625786012341], [-80.4608017515403, 25.462575600317347], [-80.45980975095519, 25.462549601831437], [-80.45919775031169, 25.462589601620977], [-80.45896975160437, 25.46260460214692], [-80.45774875069041, 25.46264160181414], [-80.45735974962967, 25.462648601245732], [-80.45640174937976, 25.462666601867813], [-80.45632374956196, 25.462668601936766], [-80.45434574913784, 25.46270660161846], [-80.45235074899531, 25.462712601823227], [-80.45214374750945, 25.462542601583028], [-80.4513167476791, 25.462542602394084], [-80.44433174537215, 25.462546601725027], [-80.43933474533168, 25.46255560204403], [-80.43620474269227, 25.462628602173485], [-80.43619974356771, 25.462753601592354], [-80.43619874374279, 25.462806601747964], [-80.43619674409297, 25.462860601913107], [-80.43587974300226, 25.462864602044537], [-80.43572574391479, 25.462858601847348], [-80.43520574333279, 25.462865602077372], [-80.43364674320833, 25.462847602296115], [-80.43351674261368, 25.462856601781553], [-80.43316574298441, 25.462858601847348], [-80.43311674258061, 25.46286360201169], [-80.43219374249078, 25.46284560223014], [-80.43199174282442, 25.4628556025597], [-80.43165774201526, 25.46285260164986], [-80.43164374266988, 25.4628556025597], [-80.43152674249401, 25.462857601814456], [-80.43143974245538, 25.462844601386077], [-80.43134074182285, 25.46285160161692], [-80.43001474222523, 25.462848602329093], [-80.42997774151699, 25.46285460171572], [-80.42954174149891, 25.46286360201169], [-80.42941774165035, 25.46287360233976], [-80.4286767402371, 25.462864602855596], [-80.42817874029471, 25.462870602241427], [-80.4281757417183, 25.462832602611524], [-80.42817274134525, 25.462782602567962], [-80.42792674129797, 25.462782602567962], [-80.42756274035158, 25.462767601253155], [-80.42636374097555, 25.462782602567962], [-80.4253667412659, 25.462780602500906], [-80.42524374124224, 25.462785601857433], [-80.42456174027855, 25.46278360260148], [-80.42406574088432, 25.462795603003038], [-80.42406773963583, 25.462833601833566], [-80.42406773963583, 25.462892602149736], [-80.42391074107361, 25.462890602084506], [-80.42325374022427, 25.462882601823246], [-80.42273273981736, 25.46288560273234], [-80.42266373932208, 25.462896602280097], [-80.42246974005162, 25.462899603188834], [-80.42217073940257, 25.462892602960792], [-80.42088973911247, 25.46290260247539], [-80.420414737838, 25.46289660309115], [-80.42034973933731, 25.462899602377778], [-80.42016173901632, 25.462895602247517], [-80.42000573848242, 25.462900602410325], [-80.42000573938073, 25.46282960251217], [-80.42000573938073, 25.462804602492362], [-80.41985473886967, 25.462809602658954], [-80.41955773876875, 25.462802602425672], [-80.41935873857712, 25.462810602692244], [-80.41908373821751, 25.462806602559024], [-80.4188667384825, 25.462814602825333], [-80.41850373825936, 25.462812602758806], [-80.41829073872235, 25.462818602147227], [-80.4179577377381, 25.46281360279207], [-80.41701573828003, 25.462819602180442], [-80.41684973859869, 25.46282560237958], [-80.41653973807898, 25.462822602280053], [-80.41611373810662, 25.462828602479032], [-80.41607573757346, 25.46282960251217], [-80.4160077378014, 25.462819602180442], [-80.41594073785424, 25.462816602891827], [-80.4158737370088, 25.46282560237958], [-80.41569073671067, 25.462833602644626], [-80.4155437372959, 25.46282760163483], [-80.41512273734642, 25.462824603157472], [-80.41485173718478, 25.462838602810006], [-80.41453373716746, 25.462831602578415], [-80.41353373708475, 25.46282560237958], [-80.41339073696962, 25.46282960251217], [-80.41228873588133, 25.462816602891827], [-80.41216573675601, 25.462814602014276], [-80.41192173635854, 25.46281560285858], [-80.41192173635854, 25.462866602921252], [-80.41192073563532, 25.462931602604026], [-80.41192073653363, 25.462977602458135], [-80.41194773719613, 25.469738604642732], [-80.41194973684594, 25.470206603714708], [-80.41195173649577, 25.470404605269344], [-80.41197773733336, 25.472474605176444], [-80.41195873706678, 25.47350760566833], [-80.41195673651865, 25.473605605042227], [-80.41195373794221, 25.473758605229143], [-80.41194973684594, 25.47398860552022], [-80.41196173654151, 25.475886605494697], [-80.41198473790436, 25.47781060638811], [-80.41206973649655, 25.480296607263874], [-80.41207573724263, 25.48048360724256], [-80.41209273606277, 25.481295607102602], [-80.41209573733414, 25.481467607355782], [-80.41217173660378, 25.485128607571728], [-80.41217773645158, 25.485408608397275], [-80.4121787371748, 25.485461608300565], [-80.41219173669529, 25.48610960906894], [-80.41220573693899, 25.486765609882394], [-80.41221373643658, 25.487121609492647], [-80.41221673680964, 25.48779360929072], [-80.41224273764723, 25.492189611033126], [-80.41224373747214, 25.49235261139376], [-80.41225673789093, 25.494390610509818], [-80.41230373684827, 25.497607611339763], [-80.41230573739641, 25.49772661242703], [-80.41232473676467, 25.49898361188218], [-80.4123327371606, 25.49958661200907], [-80.41275573765822, 25.499581612561002], [-80.41323673698383, 25.49957461203606], [-80.4141277381849, 25.499563611789483], [-80.41418173771326, 25.499563612600294], [-80.41420273762967, 25.499219612562612], [-80.41509373793242, 25.49917661198188], [-80.41509473775733, 25.499253610691603], [-80.41509573937888, 25.499347612050606], [-80.41477073789224, 25.499556612074308], [-80.41516473807754, 25.49955161262499], [-80.41541673887093, 25.499548611820167], [-80.41558273855229, 25.499547612092417], [-80.4164567391366, 25.499541612104114], [-80.4168647386673, 25.49953861129904], [-80.41719373855526, 25.49952961212661], [-80.41725173828158, 25.499527611859975], [-80.41745973869403, 25.499522611598643], [-80.41758173889278, 25.49952661213205], [-80.41757873941803, 25.499728611328354], [-80.4179997384692, 25.49975061179028], [-80.41810173947478, 25.499756611768145], [-80.41833173873023, 25.49976861253378], [-80.41849373911194, 25.499785611927194], [-80.41877373949443, 25.49979761106831], [-80.41879773978387, 25.49980661265308], [-80.41888173944945, 25.49980961182985], [-80.41888273927437, 25.49957461203606], [-80.41895173976965, 25.499574611225256], [-80.41901373969394, 25.49957461203606], [-80.42046374003843, 25.499580612022715], [-80.42154974033487, 25.49957161123181], [-80.42262574058554, 25.499562612061858], [-80.42393974048763, 25.499540611565497], [-80.42470474129199, 25.49953361184898], [-80.42676474083353, 25.499527611859975], [-80.42801774153455, 25.499506611896116], [-80.42886074305505, 25.499509611891174], [-80.42964774270241, 25.49950261217285], [-80.43044474239555, 25.499495611643304], [-80.43088874280956, 25.499477610858907], [-80.4312647425532, 25.499478610587236], [-80.43291274236609, 25.49948161220462], [-80.43396374340074, 25.49946461195738], [-80.43482274301813, 25.499452611972185], [-80.43576474337452, 25.499455611968596], [-80.43695374450142, 25.499452611972185], [-80.43891274465896, 25.499422611193143], [-80.43993774575434, 25.49939961094216], [-80.44093274581418, 25.49938261149412], [-80.44143974597738, 25.49938261149412], [-80.44192774677232, 25.49937961068508], [-80.44203974602699, 25.499386611221382], [-80.44283574679352, 25.499382610683313], [-80.44308574614047, 25.499384611763173], [-80.44495774715767, 25.499364611503598], [-80.44624974731842, 25.499342610970967], [-80.44777074780804, 25.499335611242916], [-80.44666874761808, 25.500499611034652], [-80.44598574682946, 25.50122061200311], [-80.44554074748885, 25.501633612292906], [-80.44497274722629, 25.502183611477243], [-80.44422574686357, 25.502907611976987], [-80.44152974638908, 25.50567361323437], [-80.44059374588046, 25.506679613020093], [-80.43962974578277, 25.507750613070616], [-80.43802374490433, 25.509375614631338], [-80.43618874369706, 25.511144615769787], [-80.43411874410977, 25.513268614696273], [-80.43327974368553, 25.51409461530035], [-80.43069274388928, 25.51675261618336], [-80.43065574318106, 25.51677861591719], [-80.43060774350047, 25.516811615976582], [-80.42924474319463, 25.518232616388445], [-80.4283147425338, 25.519215615821906], [-80.42806574301176, 25.518995615877724], [-80.42806074298889, 25.5191416164458], [-80.42679174239437, 25.52041061661784], [-80.42592774185576, 25.521345617569047], [-80.42557774294971, 25.521672617105747], [-80.42330174170147, 25.524061617520687], [-80.42308874126614, 25.523990618084163], [-80.42233174085767, 25.524852617501633], [-80.42179674110538, 25.525454617902437], [-80.42087974086336, 25.526291618367665], [-80.42061874074746, 25.52658261909365], [-80.41988974082639, 25.527397617919227], [-80.41864473962298, 25.52864361962769], [-80.41799474024296, 25.529337619644334], [-80.41678974012086, 25.530548619772613], [-80.41618173967531, 25.531159620007994], [-80.41505973939387, 25.53228861970246], [-80.41461774042631, 25.532763620137928], [-80.41281873920403, 25.53461262050896], [-80.41275073853366, 25.532846620758168], [-80.41277473882309, 25.532760620163266], [-80.41279273746812, 25.532539620472402], [-80.41278773924189, 25.531737620374965], [-80.41279273836645, 25.531690620631462], [-80.41277773829785, 25.530925620251065], [-80.41264573805336, 25.530927619994575], [-80.41148573813707, 25.530945619305896], [-80.41079173747781, 25.53095162015653], [-80.41003673761749, 25.530999620466034], [-80.40863173747883, 25.53105061996323], [-80.40862473870445, 25.531333619926244], [-80.40843273638889, 25.531338620483854], [-80.40818773706481, 25.531354619997135], [-80.40806273739135, 25.53136962085612], [-80.40795873763427, 25.531385620365274], [-80.40770773666578, 25.531482620890156], [-80.40755073720527, 25.531530620176586], [-80.40742573663348, 25.531564620503886], [-80.40726173750028, 25.531589619999327], [-80.40710473714144, 25.531602620286108], [-80.40660573647583, 25.531596620278627], [-80.40548173564626, 25.531605621100322], [-80.40456873560218, 25.53161162029675], [-80.40456573612744, 25.53068262076859], [-80.40454973623393, 25.52995262070373], [-80.40452773559431, 25.529188619258537], [-80.40293673478449, 25.52921261976841], [-80.40245073453768, 25.529213620059753], [-80.40239573518441, 25.529213619249145], [-80.40173673558357, 25.528084619796193], [-80.40133773447708, 25.52660061905688], [-80.40124173511593, 25.52637561891711], [-80.4011207347421, 25.52622061862941], [-80.40095873525871, 25.526059619478325], [-80.40072173363559, 25.525885620016936], [-80.40065473458677, 25.525853618718834], [-80.40047873485968, 25.52577161925465], [-80.40007473462865, 25.52567561929668], [-80.39878073481806, 25.525680618468872], [-80.39808373468406, 25.525690619244514], [-80.39753073449009, 25.525698619378048], [-80.39757973309727, 25.525647619226916], [-80.40032673452372, 25.522748618074754], [-80.40110973487145, 25.521923618198343], [-80.40069073457178, 25.521932618124417], [-80.40031573465305, 25.52193861780454], [-80.40027773411991, 25.521960617439753], [-80.40023073336593, 25.521973617148603], [-80.39622173371258, 25.522004617508728], [-80.39391473340052, 25.52202361851001], [-80.3931687319644, 25.522016616861478], [-80.39210073210963, 25.522018618374805], [-80.3916207317106, 25.522024618050626], [-80.39089273161447, 25.522033618779783], [-80.38977673118082, 25.52203761775254], [-80.38896473141908, 25.522034618320323], [-80.38816173097985, 25.52203961845486], [-80.38814173088838, 25.520093617316594], [-80.3881157309491, 25.519056616941793], [-80.38810573090336, 25.518292617457934], [-80.38788573079533, 25.518295617794358], [-80.38774873052797, 25.51830061727399], [-80.38546673033028, 25.5183326165329], [-80.38464973054566, 25.518331616961525], [-80.38408672940766, 25.51832461671897], [-80.38288372983368, 25.518348617780514], [-80.38001672875663, 25.51834461787415], [-80.3748417266443, 25.518376617932006], [-80.37194072702869, 25.51848461776027], [-80.3639187248291, 25.518708616914125], [-80.36391272318468, 25.51897761720575], [-80.3639037238622, 25.519360618180908], [-80.36391072353487, 25.519470617868876], [-80.36391572445606, 25.51955261920677], [-80.36391872393081, 25.51961161762363], [-80.36396172448681, 25.52031561841114], [-80.36389972276591, 25.522228619009994], [-80.3638847235956, 25.525329618844644], [-80.36394372494347, 25.529865620179876], [-80.35979572357634, 25.52980162050894], [-80.35774072226101, 25.52982462060993], [-80.35565472098357, 25.52982262084803], [-80.3530237217047, 25.529853620801468], [-80.35152472005808, 25.529799620746655], [-80.3495187200449, 25.529733621277117], [-80.34841072000717, 25.529738621090818], [-80.34730371979433, 25.529744621191227], [-80.34740571900326, 25.530472621149563], [-80.34750871983374, 25.537179622267164], [-80.34750971965865, 25.537284623140977], [-80.34751071948357, 25.53741962331881], [-80.33898571731874, 25.53749562321397], [-80.33809771738903, 25.537503624181333], [-80.33544571639713, 25.53749762284795], [-80.33325771501242, 25.537521623316362], [-80.33189971562776, 25.537536623404044], [-80.3313127150986, 25.537543623336244], [-80.33129171518222, 25.53749162313537], [-80.33109271499058, 25.53744562343768], [-80.32608771365588, 25.535102623480963], [-80.32602171353362, 25.535090623005303], [-80.32576971274024, 25.534963622963694], [-80.32528471321665, 25.53461962385412], [-80.32515171314726, 25.534525623364992], [-80.32396671311665, 25.53426162270101], [-80.32332471233589, 25.53412062232939], [-80.31668470981045, 25.53263762275864], [-80.31552470989418, 25.532617622364732], [-80.31526171012842, 25.532613622123435], [-80.24973969104605, 25.53154762398911], [-80.23657968744234, 25.53152562449054], [-80.17546466929487, 25.547734629210318], [-80.17499466804327, 25.547609629058293], [-80.16837466830424, 25.545849628738004], [-80.16353566575256, 25.54462562943566], [-80.15245866215496, 25.541824627838594], [-80.13520465850912, 25.537504627645742], [-80.12059565258922, 25.534069627379786], [-80.11955665304676, 25.541279628888386], [-80.11591665166775, 25.54131062912266], [-80.11167565131248, 25.540305628845307], [-80.11187265005766, 25.539204628582084], [-80.11225265089757, 25.537354627455027], [-80.11281264986592, 25.535154627149414], [-80.11386265107566, 25.53190462648919], [-80.11469265127903, 25.52978462617618], [-80.11509265131212, 25.528514625946183], [-80.11557265171115, 25.526664624488582], [-80.11541265008096, 25.525114625251444], [-80.1151526524849, 25.522874624218698], [-80.11323264999048, 25.52144462368088], [-80.1103326501998, 25.519014623030145], [-80.10804264870785, 25.51683462343168], [-80.10550264786895, 25.514074621544108], [-80.10308264757897, 25.510984621159647], [-80.10081264707684, 25.50756462032185], [-80.09893264656202, 25.504194618429732], [-80.09787264530654, 25.501924618474213], [-80.09693264549828, 25.49961461896843], [-80.09600264483745, 25.4969046174267], [-80.09552264443845, 25.49524461677039], [-80.09506264502922, 25.49339461667759], [-80.09431264429344, 25.489094616130643], [-80.09401264381947, 25.485694614926945], [-80.09396264448907, 25.482664614513418], [-80.09414264351581, 25.47925461412139], [-80.0945626445387, 25.475674613186], [-80.09552264443845, 25.471034610775384], [-80.09704264510314, 25.466294610641196], [-80.09838264404614, 25.463094609377833], [-80.10065264544663, 25.458814607708316], [-80.10265264471371, 25.455694606364396], [-80.10541264655895, 25.452114605905052], [-80.10892264734332, 25.44834460542824], [-80.111432648045, 25.446054604488694], [-80.11459264902498, 25.443554603957317], [-80.11709264968091, 25.441824603547985], [-80.12058265037379, 25.43973460247388], [-80.12437265064233, 25.43776460145734], [-80.12737265178876, 25.436444601750015], [-80.13161265501404, 25.434894601440458], [-80.13537265424704, 25.43382460093363], [-80.13910665623571, 25.43310560211262], [-80.13969265604162, 25.430644600091497], [-80.14081265667325, 25.42781459920209], [-80.14213265642309, 25.425034598706773], [-80.14353265653888, 25.422504598771095], [-80.14480265785664, 25.420344596612036], [-80.1455126575111, 25.419204596659572], [-80.14639265794322, 25.41712459600059], [-80.14726265653296, 25.415244595785047], [-80.14812265777189, 25.413454595624486], [-80.14821265728527, 25.411844594396406], [-80.14853265874903, 25.408834594667756], [-80.14870265773003, 25.407704593858178], [-80.14890265774658, 25.406584593955593], [-80.14917265898163, 25.405284593258205], [-80.14977265813293, 25.402874592427782], [-80.15056265815338, 25.400324592032543], [-80.151642658602, 25.39746459094167], [-80.15291265902147, 25.394664590481824], [-80.15436265936597, 25.391934589693808], [-80.15536265944866, 25.390274589268905], [-80.15620266059611, 25.38894458986639], [-80.15690266020485, 25.38771458875775], [-80.1581026603041, 25.385734588066352], [-80.15940266086075, 25.38379458815509], [-80.16093266157121, 25.38177458666848], [-80.16241266115463, 25.37994458707225], [-80.16455266106213, 25.377624585200984], [-80.16698266319447, 25.37529458555333], [-80.16894266317692, 25.373604584782655], [-80.17181266372869, 25.371414584415497], [-80.17244266391555, 25.37092458431722], [-80.17394266448876, 25.369334583862436], [-80.17582266500357, 25.3675445829819], [-80.17656266479528, 25.36687458365018], [-80.1777026655184, 25.364104582097944], [-80.1790826655427, 25.36045458066725], [-80.1803926661451, 25.357034580477833], [-80.18187266662683, 25.35351458036791], [-80.18254266609834, 25.351974578741906], [-80.18369266686719, 25.34953457834251], [-80.18387366751547, 25.348187578075915], [-80.18394166728753, 25.348172577116994], [-80.18706066736134, 25.347698578167538], [-80.19142666918668, 25.34712357699126], [-80.22953568019426, 25.3420995753215], [-80.23985868375647, 25.340740575514097], [-80.24157568406464, 25.340514574450463], [-80.24286068365441, 25.34034557511793], [-80.24444668444134, 25.340136574127648], [-80.2460486851218, 25.339922574821742], [-80.2465626849577, 25.339855574930894], [-80.24896268605451, 25.339538574435363], [-80.24959968591406, 25.33945557448344], [-80.25022768734941, 25.339371575041476], [-80.25127968641233, 25.341671574344804], [-80.2515856876324, 25.342331575559523], [-80.25173068649903, 25.34240957487473], [-80.25199068679002, 25.342546575694364], [-80.25245568712045, 25.34300857601683], [-80.2527686871149, 25.34331757546399], [-80.25304368657619, 25.343598575550292], [-80.25324168784122, 25.343943575272103], [-80.25342568706591, 25.34423257635492], [-80.25370668727332, 25.34461357585086], [-80.25388968667309, 25.344993576383832], [-80.25407368769444, 25.34541957577144], [-80.25424168702563, 25.34579057610458], [-80.2543446878561, 25.346107575643074], [-80.25439368736158, 25.34626057609627], [-80.2545926875532, 25.346713576812668], [-80.25469868785842, 25.346948576055393], [-80.2548376877756, 25.347296576503155], [-80.25492868801219, 25.3476525773622], [-80.25497768661936, 25.34789657716334], [-80.25518668865337, 25.348418576209504], [-80.25537768755076, 25.348896577061403], [-80.25567768712641, 25.34939657715712], [-80.25587768804127, 25.34979657720663], [-80.25617768761693, 25.350195577401283], [-80.2564776880909, 25.35069557699738], [-80.25727668743383, 25.351297577323958], [-80.25860469027454, 25.35195957662911], [-80.25907668848102, 25.352195577182698], [-80.25947568958749, 25.352494577773015], [-80.25987768927041, 25.35279557789203], [-80.26087668952819, 25.353195577252155], [-80.2613766891204, 25.35349557793339], [-80.26237669010142, 25.35399557849715], [-80.26252369041451, 25.35403257739976], [-80.26277669013449, 25.354095578686508], [-80.26287668969361, 25.35409557787472], [-80.2630866906542, 25.354148578712746], [-80.2632766897267, 25.354195577981375], [-80.26347669064154, 25.354195577981375], [-80.2636346908253, 25.354235578000885], [-80.26387569084972, 25.354295578817116], [-80.2644526904348, 25.354332577627925], [-80.26472069112171, 25.35432357897136], [-80.26513569122343, 25.354311578326207], [-80.26547469205545, 25.35430057780141], [-80.26683869128792, 25.35363457781541], [-80.26912169310717, 25.35266657758486], [-80.2696106919304, 25.352457578399807], [-80.29583269922848, 25.341644573923226], [-80.32899870972396, 25.327723570628827], [-80.33847071226805, 25.323747568563103], [-80.34155471308006, 25.322453567972538], [-80.3433197121705, 25.321760567271472], [-80.36254371943777, 25.314210565586702], [-80.37074872103716, 25.31079256501776], [-80.3721237210386, 25.31021956489078], [-80.37201072106068, 25.3071995639098], [-80.3719837212965, 25.305932563838358], [-80.37687472193008, 25.30586956346663], [-80.37699572230392, 25.30586856213273], [-80.37713172274636, 25.305870563176303], [-80.37800272205932, 25.305883563461833], [-80.37902372385504, 25.30589956287429], [-80.37919872285892, 25.301689561482647], [-80.37940272307341, 25.296833561467285], [-80.37930072296616, 25.2951395602625], [-80.37929772259311, 25.29507756057677], [-80.37926272333132, 25.294505559858454], [-80.37923372391734, 25.293997560388387], [-80.37923172247088, 25.293965560855725], [-80.37913072308685, 25.292295559970327], [-80.37910772262232, 25.291903559407665], [-80.37910272349775, 25.291818560456953], [-80.37909472310183, 25.291678559618678], [-80.37908172268304, 25.291454560052962], [-80.37907872231, 25.291409559637057], [-80.37906072366498, 25.29111355955342], [-80.37915172210494, 25.28786355801704], [-80.37954872266329, 25.28747455814394], [-80.37980072255836, 25.287229558556504], [-80.37981972192662, 25.287211558577237], [-80.39508372724943, 25.272941554476276], [-80.39493572621309, 25.253793549655914], [-80.39493372656327, 25.253541550143666], [-80.39801172662919, 25.25348154979585], [-80.39814272704876, 25.253479549512928], [-80.39842472708106, 25.253473549476418], [-80.39879072767728, 25.253431550025006], [-80.39969672804865, 25.253434549638104], [-80.41042273111866, 25.253468549581175], [-80.41095773087095, 25.25347054986428], [-80.41293573219338, 25.250934548728612], [-80.41335773106944, 25.25039354902465], [-80.41865173300747, 25.244753546955597], [-80.41883473240726, 25.237624545411673], [-80.41887273294041, 25.236314544461784], [-80.42437573421749, 25.23637854466501], [-80.4244597347814, 25.23635754442429], [-80.42451873523095, 25.23636054364632], [-80.4247267347451, 25.23636454396321], [-80.42572473517798, 25.236390544800926], [-80.42582073453914, 25.23639254455261], [-80.42687973507138, 25.23641654482051], [-80.42758973562418, 25.23626654469355], [-80.42817473470687, 25.236085543687196], [-80.42825973509568, 25.23605554489505], [-80.42826373529364, 25.23600454498122], [-80.42829373543087, 25.23585554544499], [-80.42843273624636, 25.23578254400766], [-80.42869873638514, 25.23571254420225], [-80.42896573545052, 25.235796543963904], [-80.42908873637248, 25.23574154441673], [-80.4293087364805, 25.235665544484412], [-80.42937773607747, 25.235686545657256], [-80.42957573554588, 25.235703544050217], [-80.42961373607903, 25.235714543965084], [-80.42965173571386, 25.235729545029322], [-80.42980473587474, 25.235750543753365], [-80.42988073604273, 25.23574854480371], [-80.42991873657589, 25.235754544902914], [-80.43010573617362, 25.235814545066106], [-80.43014773690474, 25.23582154544888], [-80.43022473689763, 25.2358155445404], [-80.43030073616731, 25.2358155445404], [-80.43033873670043, 25.235827544731897], [-80.43052973559783, 25.23585954496592], [-80.43068173683211, 25.235895544711262], [-80.43071973646695, 25.235901545615793], [-80.43075873682501, 25.235901544803216], [-80.43079673735816, 25.235914544459707], [-80.43083473609468, 25.23597754540057], [-80.43085773655922, 25.23600654473925], [-80.43088073612543, 25.236033544313464], [-80.43096473489271, 25.236079544416906], [-80.43108673688808, 25.236145544499593], [-80.4311167370253, 25.236162544453528], [-80.43114773519082, 25.23618354391536], [-80.43119273629496, 25.236242544396035], [-80.4312157367595, 25.236269544730405], [-80.43124673672163, 25.23629354421001], [-80.43133773695823, 25.23636554343298], [-80.43136873692039, 25.236384544733113], [-80.43139873705759, 25.236414545069223], [-80.43143773651735, 25.236427544670857], [-80.43151373668533, 25.236468544030412], [-80.43157473678468, 25.236496543783275], [-80.43160473602362, 25.236519545374726], [-80.43163573688406, 25.236538544213058], [-80.43168873658752, 25.236557544673573], [-80.43174273701419, 25.2365805454409], [-80.4319257373123, 25.236632544580647], [-80.43200973697788, 25.23665354477386], [-80.43204773661272, 25.236658544548472], [-80.4321237367807, 25.23665454505383], [-80.43215473674283, 25.236674544963446], [-80.43223073780914, 25.23669554433682], [-80.43234573653855, 25.236729544901056], [-80.43238373617338, 25.236731545459737], [-80.43257373704249, 25.23676754413426], [-80.43268873667022, 25.236773544995742], [-80.4328487365038, 25.23676954469231], [-80.43292473757009, 25.2367575445938], [-80.43315373700064, 25.236725544596176], [-80.43319973703139, 25.2367235440374], [-80.4332147371, 25.23669354459013], [-80.43325273673484, 25.236546545647574], [-80.43332173723013, 25.236508544720127], [-80.43348073723878, 25.236421544604866], [-80.43353073746749, 25.236394544304257], [-80.43355773723167, 25.23637954413466], [-80.43375973689804, 25.23626854444727], [-80.43386973740121, 25.236208544508163], [-80.43388673711964, 25.23619854492172], [-80.43393773717327, 25.23616954481626], [-80.43401573699107, 25.236125544502944], [-80.43422173775372, 25.236008544497246], [-80.43426473741141, 25.23595354504599], [-80.43474573763535, 25.2359295438741], [-80.43484473736956, 25.235899544230875], [-80.4349877374847, 25.235907544082288], [-80.43540073793656, 25.23584954372561], [-80.43595973797831, 25.235816544827262], [-80.43627473762257, 25.23576654428786], [-80.43646873779133, 25.235898545569853], [-80.43646773886474, 25.235923544596112], [-80.43646573831658, 25.235952544760256], [-80.43645373862103, 25.23615254405073], [-80.43645673899408, 25.236185544483018], [-80.43646373776845, 25.23623254562497], [-80.43599573796331, 25.236732544926486], [-80.43569473766443, 25.237068544868354], [-80.4354887369018, 25.237300544615074], [-80.43566873772517, 25.237801543856953], [-80.43564473833403, 25.23819554498425], [-80.43544373759426, 25.238379544458642], [-80.43536173757849, 25.238379545271208], [-80.4347337379398, 25.238379544458642], [-80.43474073761247, 25.2384165445357], [-80.43479173676779, 25.238598545585315], [-80.43492673828365, 25.238829545399973], [-80.4352357371818, 25.239236544933874], [-80.43531673737266, 25.239927545417554], [-80.43538373731981, 25.240501546291732], [-80.43530373785218, 25.24056454566767], [-80.43523673700672, 25.24063654561094], [-80.43533373709111, 25.240662545534832], [-80.43542373750279, 25.240686545772157], [-80.43547073735846, 25.240698545482765], [-80.43694673764222, 25.240650545820664], [-80.43739073805622, 25.240472545587807], [-80.43809973878413, 25.239781544139888], [-80.43913973904979, 25.2395495458784], [-80.43967873900004, 25.239318544994457], [-80.44000873871293, 25.23943954528007], [-80.43992573977056, 25.239838544804275], [-80.43909273919412, 25.240933545535466], [-80.43899373856159, 25.241225545147657], [-80.43906773997807, 25.242110545953388], [-80.43930873910419, 25.242513545761142], [-80.43980573922165, 25.242985545348915], [-80.44113273954251, 25.24367354741376], [-80.44143374073971, 25.243945546607716], [-80.44307974000448, 25.24431754579814], [-80.4442077401337, 25.244203546206567], [-80.4445027405848, 25.244073546256715], [-80.44548574094905, 25.242922546415446], [-80.4456007405768, 25.242733545356412], [-80.44561074152084, 25.242488545652666], [-80.4456297408891, 25.24147854525727], [-80.44551274161157, 25.241168545133768], [-80.44526974103898, 25.240932544478166], [-80.44500074052716, 25.240816545282495], [-80.44489873952159, 25.24074154633201], [-80.44478873991676, 25.240631545187416], [-80.44459973977087, 25.240403545482206], [-80.44452173995306, 25.24028054565607], [-80.44446174147524, 25.240160544833728], [-80.44443374008951, 25.240072546268014], [-80.44445774037895, 25.239904546096124], [-80.44470974027404, 25.239812544704108], [-80.44551674001289, 25.240201545371786], [-80.44655074043078, 25.24029354484424], [-80.44758174137395, 25.24072654507377], [-80.44882074093293, 25.240748544805932], [-80.44897274216721, 25.240751544732163], [-80.44975474179171, 25.240452545490573], [-80.450661741988, 25.240245545834735], [-80.45169374275608, 25.23955854493311], [-80.45207374269768, 25.2389365449543], [-80.45277974215418, 25.23870654398095], [-80.45340974234105, 25.238363544268104], [-80.45366174313443, 25.2384095459275], [-80.45426774303185, 25.238958544197896], [-80.45450474375662, 25.23899854488077], [-80.45522574418005, 25.239120544932067], [-80.4554407433669, 25.239095544125636], [-80.45583074425257, 25.23905054461123], [-80.4565367437091, 25.23882054466617], [-80.45696574405447, 25.238338544931086], [-80.45736974428553, 25.23761454431658], [-80.45744374390537, 25.23684854476955], [-80.45734274452134, 25.23636454396321], [-80.45696374440466, 25.23586254420024], [-80.45643374377693, 25.235449543006016], [-80.45633374331948, 25.23519554386885], [-80.4568627441223, 25.235105544373557], [-80.45812374432093, 25.235974543731345], [-80.45905774338307, 25.236524543529693], [-80.4599657452009, 25.236800543587023], [-80.46079774505412, 25.236822544029796], [-80.46168074585928, 25.23645454415156], [-80.4629917462866, 25.23622454416979], [-80.46382274541659, 25.23590254346421], [-80.46468074610739, 25.23489454337247], [-80.46509074618622, 25.234844544079014], [-80.46525974624062, 25.23482454305573], [-80.46578974686837, 25.235053543768036], [-80.46647074710884, 25.234984543023977], [-80.467151746451, 25.234731543211034], [-80.46742174678774, 25.234485544143862], [-80.4677057473682, 25.23422654311811], [-80.46820974715834, 25.233606542468525], [-80.46822274757713, 25.233430543097228], [-80.46823474727269, 25.233262542684006], [-80.46827574728057, 25.233188541818897], [-80.46831074654237, 25.23312554268307], [-80.46837474701479, 25.231853541964572], [-80.46843474818755, 25.230189541806016], [-80.46863674695561, 25.230052541592904], [-80.4698967473293, 25.230463541769154], [-80.47047674728745, 25.230531542310906], [-80.47085574740412, 25.230417541978618], [-80.47143474843567, 25.22986654184542], [-80.47208974873688, 25.22880954228621], [-80.47226674828889, 25.228672541330916], [-80.47266974779672, 25.228559541227575], [-80.47352774938581, 25.229383542837027], [-80.4736547487091, 25.22975054184138], [-80.47448674856233, 25.23062254227134], [-80.47521874975475, 25.230918542769956], [-80.47587474898253, 25.230803542472408], [-80.476201750119, 25.23066654213849], [-80.47680674929319, 25.2301155415084], [-80.47718475048327, 25.229586541758927], [-80.4775877499911, 25.229380542630253], [-80.47824375101553, 25.229197541253583], [-80.47902475081513, 25.22869254174099], [-80.4804107506872, 25.228232541228675], [-80.48081375019501, 25.22779554140561], [-80.48134275099784, 25.2267405408206], [-80.4814177504426, 25.22612054100588], [-80.48212275097252, 25.225203541034922], [-80.48247575114995, 25.224882540774306], [-80.48282875132736, 25.224790539391506], [-80.4843167513067, 25.225225540325567], [-80.48499875316872, 25.225523540889426], [-80.48520075103845, 25.225774539619774], [-80.48524075211972, 25.226086541538034], [-80.48527675120643, 25.226370540577467], [-80.48540275160313, 25.226714541169738], [-80.4857317523894, 25.227126540796927], [-80.48610975178286, 25.22738054053825], [-80.48658975218189, 25.227883539919343], [-80.48663975241061, 25.228158541365367], [-80.48672175242638, 25.228255541945728], [-80.48699275258802, 25.228571541322644], [-80.48732075265109, 25.228732540926003], [-80.48916275353106, 25.228822541075754], [-80.48969175343558, 25.228546540784663], [-80.4900947538417, 25.228179540584414], [-80.49016875346156, 25.228085540994865], [-80.49042175407985, 25.22776554138061], [-80.4904467532959, 25.22742254086668], [-80.49069875319097, 25.22728354088521], [-80.49155675388178, 25.227444539755922], [-80.49183875301577, 25.22743154081908], [-80.493648755007, 25.227350541223505], [-80.49417875383813, 25.22712154063033], [-80.49513575516144, 25.226066540699364], [-80.49553875556755, 25.2253995410762], [-80.49604175553281, 25.224001540424535], [-80.49604075480957, 25.222739540040934], [-80.49553575429621, 25.22227953976679], [-80.49495575433806, 25.221891539857882], [-80.49471675486177, 25.221620538858566], [-80.494450754723, 25.221318540110413], [-80.494450754723, 25.22114353961544], [-80.494450754723, 25.221042539043367], [-80.49497975462751, 25.220193538804768], [-80.49505375424737, 25.219344538329686], [-80.49467475413066, 25.218336538328362], [-80.49472475525769, 25.217946538791207], [-80.49497675515278, 25.217509537770372], [-80.49500075454391, 25.21629453821179], [-80.49487475414722, 25.216018537937316], [-80.49401675435473, 25.215607537711], [-80.49386575384368, 25.21542353791318], [-80.49371775460398, 25.21505453783788], [-80.49363175439025, 25.214841537701275], [-80.49356175407007, 25.21466653764198], [-80.49338075342177, 25.21450153788963], [-80.49295975347229, 25.214106537548908], [-80.49182075347241, 25.213475537245507], [-80.49150575382815, 25.213354537131583], [-80.49073675282581, 25.213061537573026], [-80.49023175321075, 25.21301753783913], [-80.48967675336695, 25.213315537425213], [-80.48919875261777, 25.21343153766131], [-80.4890457533552, 25.213315537425213], [-80.48903775206097, 25.21324653735143], [-80.48895975224316, 25.21276353736492], [-80.488744752158, 25.212490537019246], [-80.48834075282528, 25.212377537325107], [-80.48735775246101, 25.212560537999842], [-80.48721875164553, 25.212414537186167], [-80.48714175165263, 25.212311536534582], [-80.48703675207064, 25.212310536867125], [-80.48708675229938, 25.212238537219378], [-80.48746175131977, 25.211708536446963], [-80.4878357523119, 25.21104153693607], [-80.48816275344836, 25.210197536856878], [-80.48818475318966, 25.209571536678776], [-80.48818575211627, 25.209538536339853], [-80.48800875166594, 25.209149535118332], [-80.48799175284582, 25.208585536040815], [-80.4879487522898, 25.208253535863292], [-80.4872737509988, 25.207454535799908], [-80.4872177509223, 25.20713053590712], [-80.48740975233954, 25.20712853567432], [-80.4876667531558, 25.2069615360322], [-80.48755775157923, 25.206837535993966], [-80.48761575220385, 25.20675753621689], [-80.48770075169438, 25.206686535435995], [-80.4881657529231, 25.206713535829415], [-80.48875475310207, 25.207246536349146], [-80.48965575255225, 25.207323535866838], [-80.49053175278641, 25.2078265352755], [-80.49086875307029, 25.207823536162586], [-80.49148075281546, 25.20755453575319], [-80.49218375369557, 25.20750353607988], [-80.49234475335408, 25.207419536284508], [-80.49224375397003, 25.206708535636604], [-80.49214275458601, 25.206570536085845], [-80.49214175386278, 25.20597453566368], [-80.4923687536435, 25.205676535171072], [-80.49277175494794, 25.20558353498526], [-80.49360375390286, 25.20588153570554], [-80.49385675362284, 25.206065535300503], [-80.4938317544068, 25.20636353565358], [-80.49355475349905, 25.206522535958058], [-80.49355475439737, 25.207051536033273], [-80.49363075366703, 25.207189535851484], [-80.49400875395881, 25.207396536504596], [-80.4942617536788, 25.207600535248964], [-80.49458875391694, 25.20757853602235], [-80.49468975419929, 25.207486535371253], [-80.49479075358332, 25.20663753563991], [-80.49491575415509, 25.206453536096806], [-80.4952687543325, 25.206406535638838], [-80.49569775467792, 25.20663653592585], [-80.49579875496026, 25.206819535479767], [-80.49577375484589, 25.207117535612465], [-80.49552175495083, 25.20739453546339], [-80.49557275410612, 25.207852535711964], [-80.49569875450281, 25.208311536375763], [-80.4958507557371, 25.20854053580296], [-80.4962037550162, 25.208701536721698], [-80.4966327553616, 25.208700535399064], [-80.49678375497435, 25.208401536191392], [-80.49695975470144, 25.208356535885514], [-80.49704875528822, 25.208517536234876], [-80.49716175526612, 25.208722536048402], [-80.49733575534339, 25.20877053612137], [-80.49782175469187, 25.20892353592284], [-80.49791875567456, 25.209114536090336], [-80.49795375583466, 25.209630536252643], [-80.49834775512167, 25.2101185373482], [-80.49847475534327, 25.210741536484484], [-80.49887875467599, 25.211106537925282], [-80.49978575577059, 25.211310537766007], [-80.50045575614041, 25.211331536642554], [-80.50060675575315, 25.211195535997458], [-80.5012377548666, 25.210141535800993], [-80.50133975587217, 25.2096125361515], [-80.50060775647638, 25.20849453584968], [-80.50053375505992, 25.208395534742777], [-80.4997787560979, 25.20812153627553], [-80.49869675599943, 25.208132536246644], [-80.49860675468942, 25.208074536461645], [-80.49743675472742, 25.207324535575257], [-80.4968577554925, 25.206796535586477], [-80.49688175488363, 25.20631553544417], [-80.49672975454767, 25.20608453564481], [-80.49589675397122, 25.20571853486464], [-80.49557075445631, 25.205327534176703], [-80.49549275463849, 25.20489153470991], [-80.49602275436793, 25.203770534910927], [-80.49607175387341, 25.202850534692], [-80.49594475455012, 25.20259753388032], [-80.49569375447994, 25.20204853404705], [-80.49561675448706, 25.200900534028612], [-80.49571675494448, 25.200351533045737], [-80.49564075387819, 25.20005153469622], [-80.49544375513302, 25.199856534234712], [-80.49539675348072, 25.199812533791444], [-80.49531275561175, 25.199732534274833], [-80.49533775482779, 25.199503533722005], [-80.49567675476152, 25.19956353469647], [-80.49592275301217, 25.199599534616695], [-80.4979857547234, 25.199936534482667], [-80.49864175574785, 25.200212533837334], [-80.49929775587397, 25.20080853402028], [-80.49978575577059, 25.20149153450071], [-80.500214756116, 25.201836533660583], [-80.50049075630051, 25.20224753487523], [-80.50049075630051, 25.20270853503365], [-80.50006075702852, 25.203876534685612], [-80.500109756534, 25.204703534420695], [-80.50026075614676, 25.204818535008222], [-80.50079075587615, 25.204565535035282], [-80.5015737562239, 25.20367153565144], [-80.50225475646438, 25.20353453483571], [-80.50258175580421, 25.203397534678597], [-80.50280975720646, 25.20319053454032], [-80.50311175643195, 25.20314653448913], [-80.50323675700375, 25.204040534477198], [-80.50343875667009, 25.204384534809105], [-80.50363875758495, 25.20525653500007], [-80.50378975629938, 25.205645534033323], [-80.50487275801939, 25.206588535011313], [-80.50560475741518, 25.20695653422403], [-80.50615875833235, 25.20704853527572], [-80.50741975763266, 25.206888535946334], [-80.50779775792444, 25.20647653524212], [-80.50791675775011, 25.206435534713037], [-80.5079997575908, 25.206406535638838], [-80.5081337574851, 25.20650953559847], [-80.5081397582312, 25.20652953477564], [-80.5081187583148, 25.20672953530716], [-80.50809975804823, 25.20684153565633], [-80.50746975786137, 25.20734453624407], [-80.50688875718001, 25.208559534948165], [-80.50691175764454, 25.208683535670396], [-80.50718875765398, 25.210120535906366], [-80.5075917580601, 25.210830536449073], [-80.50847375814205, 25.211772536595298], [-80.50953175884938, 25.212277536458174], [-80.50965775834776, 25.212989536744143], [-80.51008575886824, 25.21351653702845], [-80.51031175882406, 25.214090536602768], [-80.5103357591135, 25.215558537443084], [-80.51063776013561, 25.216062538211474], [-80.5114187599352, 25.216706537374215], [-80.51290576008962, 25.217005538119775], [-80.51346075993341, 25.217350538004446], [-80.51401476085059, 25.217947538412353], [-80.51459476080872, 25.217833537662287], [-80.51472176013202, 25.21771853799508], [-80.51487276154138, 25.217328538914952], [-80.5151497606525, 25.21723953801402], [-80.5154027603725, 25.217398537925014], [-80.51547776071557, 25.21769653734673], [-80.51527576015089, 25.218063537483303], [-80.5145437607551, 25.218567537627198], [-80.51454375985679, 25.219186538134867], [-80.51464376031421, 25.21955253823212], [-80.51522376117067, 25.220173538622415], [-80.51565176079285, 25.22040353889557], [-80.51655976081403, 25.220474538987453], [-80.51713976167049, 25.220657538861538], [-80.51781976118774, 25.221230538471957], [-80.51791976164517, 25.221415538832073], [-80.51895176151493, 25.222311539502957], [-80.51917876219396, 25.222379538914367], [-80.52064176205894, 25.22228953968525], [-80.52180276269844, 25.221624539660397], [-80.52404676326132, 25.22128253930007], [-80.52429876315641, 25.2211685384245], [-80.52457676299075, 25.220891538232834], [-80.52472876332672, 25.21988253844162], [-80.52482976360905, 25.21958453787297], [-80.52657176403159, 25.217888537994728], [-80.52699976455209, 25.21768153812144], [-80.52805976311262, 25.217384536663356], [-80.52858876481376, 25.216948538129465], [-80.52871476431214, 25.216560536658903], [-80.52879076448014, 25.216536537348393], [-80.52896976458027, 25.21522953733914], [-80.5290137640629, 25.21514553718733], [-80.52910776467255, 25.214966538170046], [-80.52919676525931, 25.214794537231725], [-80.52919676436099, 25.214768536652922], [-80.52919776508422, 25.214083536594536], [-80.52897076350688, 25.213691537928934], [-80.5290717637892, 25.2135095369872], [-80.52942476396662, 25.21369353805387], [-80.53060876507067, 25.214679537130255], [-80.53091176412106, 25.214840536429165], [-80.53156676532058, 25.214702536346522], [-80.5321937660327, 25.214230537495606], [-80.53262676567773, 25.213903537173323], [-80.53289576529126, 25.213946537745567], [-80.53305576602312, 25.21397253768729], [-80.53322676572735, 25.21421653668212], [-80.53366076519733, 25.214239536798626], [-80.53615676655359, 25.213950537174306], [-80.53829976773245, 25.214295536781425], [-80.53930876713768, 25.213791536008415], [-80.53963676809906, 25.21351653702845], [-80.5399647672638, 25.212761536411964], [-80.54049476699322, 25.211889535534958], [-80.54062176721483, 25.211453536004278], [-80.54054676777007, 25.210970536216], [-80.54057276860766, 25.209525535489643], [-80.54067376799168, 25.208654534693483], [-80.54057376753424, 25.20837853497151], [-80.54032176763917, 25.20803453536065], [-80.53956476723071, 25.2077145350199], [-80.53931276733564, 25.207438534791923], [-80.53928876704617, 25.206864534728346], [-80.53893676759199, 25.206199534114905], [-80.53805376678685, 25.205808534159193], [-80.53805376678685, 25.205555534618252], [-80.5380997668176, 25.205496534694667], [-80.5386067678791, 25.20483953419204], [-80.53865176628833, 25.20410153376345], [-80.53831976782394, 25.203433534277988], [-80.53781076531597, 25.203184533647583], [-80.5372767662869, 25.20270253411716], [-80.53701976636894, 25.202036532961515], [-80.53681576525612, 25.201716533922323], [-80.53584876658202, 25.201239533061745], [-80.53571176631466, 25.201037532931515], [-80.5357637661932, 25.1996835333054], [-80.53575476597238, 25.1996145328192], [-80.5357357657058, 25.199438533852213], [-80.53569276604809, 25.199027532909273], [-80.53569076549995, 25.199014534187793], [-80.53583976636118, 25.198927531641367], [-80.5360507662484, 25.19907153201056], [-80.53608076638561, 25.199065532540455], [-80.53609576735253, 25.199077533106014], [-80.53624476641714, 25.199672533383655], [-80.53656876628224, 25.200725532619032], [-80.53699576697781, 25.20113853385133], [-80.53784976657234, 25.20143853358662], [-80.53817476716067, 25.202217534240226], [-80.53902876675518, 25.20318253253714], [-80.53945276707772, 25.203939535152067], [-80.54000576816999, 25.204605534025116], [-80.54116076716508, 25.205706535766453], [-80.54171276663581, 25.206030534572935], [-80.54223976778881, 25.20621353422514], [-80.54349976906083, 25.20619553443144], [-80.54415376863882, 25.206013534471364], [-80.54463376813953, 25.205764534241467], [-80.54531476838, 25.20507753362949], [-80.54535076926334, 25.205069534188706], [-80.5456437691663, 25.204987534607262], [-80.54649976930895, 25.205493533898782], [-80.54793677013298, 25.206182534849702], [-80.54808776974572, 25.206823535142725], [-80.54838976986952, 25.207190533935457], [-80.5492977698907, 25.207994535059274], [-80.5495997700145, 25.208636534447997], [-80.54957377007523, 25.209255535085518], [-80.54914477062815, 25.210057535387975], [-80.5490437703458, 25.210585535859863], [-80.5487907697275, 25.211205536014212], [-80.54821076887104, 25.21210053581133], [-80.54828577011243, 25.212649535821406], [-80.5484367706235, 25.2131555365818], [-80.54858777023624, 25.21343153684858], [-80.54919277120703, 25.214049536200502], [-80.54972177021322, 25.214188535863038], [-80.55060476922175, 25.214096535332363], [-80.55176477093465, 25.21363753698129], [-80.55221877049611, 25.213661536050875], [-80.55337877131069, 25.21400553682385], [-80.55383177194553, 25.21398453597055], [-80.55443677201804, 25.21380153662457], [-80.5545827716079, 25.213668536083386], [-80.55486577146512, 25.213409537050513], [-80.55509377286738, 25.212814536459565], [-80.55534577186415, 25.212539536084417], [-80.55708577263685, 25.212012535632688], [-80.55722377272915, 25.211955535741613], [-80.5579677727188, 25.21164653642355], [-80.55809977296327, 25.211662536065575], [-80.5585237732858, 25.211713535621623], [-80.55963277314846, 25.212060536033558], [-80.56119577347087, 25.212336536345667], [-80.5619517740544, 25.212198535861486], [-80.56210277366715, 25.212082536075506], [-80.56227977411747, 25.211946535456942], [-80.56234177404174, 25.211740535712597], [-80.56235577428545, 25.21169353485804], [-80.56235577428545, 25.211484535662724], [-80.56235577428545, 25.210937535443673], [-80.56233477257244, 25.21084753506511], [-80.56226477404886, 25.210540534736], [-80.56225577472632, 25.210501534940555], [-80.56214077420029, 25.210352535044304], [-80.56147477402844, 25.209492535138246], [-80.56132377441571, 25.20900853437483], [-80.56084477294327, 25.20816053439533], [-80.56079477361288, 25.207609534229494], [-80.56051777360344, 25.206967534300425], [-80.56013977331166, 25.206347533689392], [-80.56006477476522, 25.20584453385839], [-80.55943477368005, 25.204787533651956], [-80.55938477255303, 25.204489533504677], [-80.55930877418167, 25.20444453337813], [-80.55923377294029, 25.204168533863655], [-80.55920877282594, 25.20267853288664], [-80.55908277332756, 25.202195533227982], [-80.55895777185744, 25.200934533218955], [-80.55885677337174, 25.200521532107487], [-80.55856677294352, 25.19992353260695], [-80.55854877160353, 25.199307531795807], [-80.55864877295927, 25.199117532273235], [-80.55872277257912, 25.199099532243196], [-80.55948777338351, 25.198915532686684], [-80.5599677728842, 25.19852653328328], [-80.5603457740743, 25.198503532636064], [-80.56056577418232, 25.198459531703875], [-80.56097177316487, 25.198069531872154], [-80.56234877371443, 25.197773532737582], [-80.56392577517889, 25.197021532205596], [-80.56552377386475, 25.195112531961104], [-80.56523977418261, 25.193000530774935], [-80.56522277446417, 25.192937531151543], [-80.56517677443343, 25.1927775303487], [-80.56526877449492, 25.192717530907917], [-80.56538977397045, 25.19265553096701], [-80.56611477459185, 25.192748530460104], [-80.56772577459483, 25.192953530000967], [-80.56846677510977, 25.193047530717905], [-80.56879377624622, 25.193163529946087], [-80.56968477565069, 25.19407453021862], [-80.57083577624444, 25.19525153048831], [-80.57146477660636, 25.196007531401605], [-80.57275077781767, 25.197155531220112], [-80.57333077687748, 25.19745253164637], [-80.57456577713683, 25.197799531256944], [-80.57496877754295, 25.197981531303892], [-80.57522777711074, 25.19823153179135], [-80.57579977757126, 25.198785532284617], [-80.57617677713982, 25.199381532137114], [-80.57626677844982, 25.199483532577794], [-80.57690777850732, 25.200208532331537], [-80.57721077845602, 25.200756532571223], [-80.57721377793075, 25.200829531457334], [-80.57723577857038, 25.20222553305561], [-80.57705877901837, 25.203189533985153], [-80.57670477811773, 25.203625533858137], [-80.5764277781083, 25.203580533412207], [-80.57605977876058, 25.203192534025032], [-80.5759987777629, 25.203119533304537], [-80.57584677652862, 25.202343532793552], [-80.57558777785916, 25.201022532465856], [-80.57539677626681, 25.200046532604134], [-80.5751697764861, 25.19942653250941], [-80.57461577736555, 25.19867153309334], [-80.57378377751233, 25.198303531595947], [-80.5732537768846, 25.19818853135715], [-80.57189277622854, 25.198279531936755], [-80.5712627760417, 25.198530531593033], [-80.57042977546527, 25.199311532518387], [-80.57005177517348, 25.19979153211489], [-80.5695717765711, 25.20070853340227], [-80.56929477566334, 25.201466532462124], [-80.56921877549536, 25.202062532196262], [-80.56921777567044, 25.203875532510494], [-80.56901577600408, 25.20417253361372], [-80.56775577473206, 25.204263534597622], [-80.5669487740949, 25.20412653363531], [-80.5650827747221, 25.204147533751293], [-80.56460377414797, 25.20428653334393], [-80.56409877453291, 25.204697533602545], [-80.56402377508817, 25.204802533653723], [-80.56384477498801, 25.205055533134104], [-80.56382177452348, 25.205087534148905], [-80.56375777405107, 25.20528353327233], [-80.56369477430188, 25.2054775334458], [-80.56359477474275, 25.206418533855246], [-80.56351777295323, 25.20653353363535], [-80.56354277576254, 25.207175533415178], [-80.56404677465439, 25.207840534385838], [-80.5647027747805, 25.20827853488244], [-80.56548277565349, 25.209585534775655], [-80.56601277538292, 25.21013553525093], [-80.56744877548371, 25.211191535665428], [-80.56815477583855, 25.211512535478526], [-80.56832277606804, 25.211542535448174], [-80.56840677573364, 25.211558535916613], [-80.56926477552612, 25.211397535526345], [-80.56966777593225, 25.211168535785568], [-80.57037377628707, 25.210457534281062], [-80.57072777718773, 25.21029853505323], [-80.57128177630827, 25.210390535204265], [-80.57188677727908, 25.210687535040517], [-80.57229077661181, 25.21078153588304], [-80.5728457773539, 25.21064253557986], [-80.5734507774264, 25.21022953489431], [-80.57385477765743, 25.210047534464145], [-80.57456077711396, 25.210070535368608], [-80.57488777825041, 25.210231535076147], [-80.57549277742461, 25.210849535236793], [-80.57556877849092, 25.21101253489555], [-80.57639977762089, 25.211791535235957], [-80.57710577797573, 25.212088535716827], [-80.57801377889524, 25.212044535631122], [-80.579854779052, 25.211724534455346], [-80.5805097793532, 25.211403535201445], [-80.58098878082562, 25.211081534610535], [-80.58237678034753, 25.21055553484155], [-80.58285578002334, 25.209958534739698], [-80.58298178042004, 25.20961553522032], [-80.5828047799697, 25.20874353455873], [-80.5824017804619, 25.208329534231023], [-80.58245277961721, 25.208123534053723], [-80.58270477951227, 25.207984533965917], [-80.58315877997204, 25.208123534053723], [-80.58373877993019, 25.207939534318637], [-80.58414178033632, 25.20745853462923], [-80.58414278016122, 25.206746533683184], [-80.58373977975508, 25.2059445335088], [-80.58336077963841, 25.20543953337752], [-80.58328578019365, 25.20523453372425], [-80.58336178036161, 25.204155533252663], [-80.58368978042468, 25.20349053328325], [-80.58371477964072, 25.203325533009487], [-80.58374078047832, 25.203147532606256], [-80.58361478008162, 25.202044532601594], [-80.58351378069759, 25.201816532086806], [-80.58341378024018, 25.201195532305448], [-80.58371877983868, 25.200742531833416], [-80.5838387803876, 25.200561533238798], [-80.58429277905074, 25.20051653166034], [-80.58477178052316, 25.200698531710323], [-80.58525178092219, 25.200743532408698], [-80.58648778100645, 25.2005575333701], [-80.58762278170668, 25.200695532421797], [-80.58900978140367, 25.200005533160756], [-80.58952678161262, 25.19978853199121], [-80.58966578152979, 25.19972953171123], [-80.59080078223003, 25.199637530818084], [-80.59158278275284, 25.19924953187031], [-80.59259178215805, 25.19835353208998], [-80.59279278289783, 25.198056531422743], [-80.59284378205314, 25.197230531034858], [-80.59349778252945, 25.196516531640498], [-80.59387378317139, 25.195876529718333], [-80.59417578329517, 25.19516353032221], [-80.59419978268632, 25.194775530124808], [-80.59414978335592, 25.19459153135051], [-80.59434878264922, 25.19358152992045], [-80.59429778349391, 25.19266553088095], [-80.59409478310432, 25.192483530205287], [-80.59401878293635, 25.192252530175395], [-80.59401878293635, 25.191475529667862], [-80.59429478312087, 25.190855529832543], [-80.5946217824607, 25.190372530426387], [-80.5952497820994, 25.189821528612118], [-80.59580478284151, 25.189591529078157], [-80.59724078384063, 25.18935852954221], [-80.5980467846529, 25.189335529602225], [-80.59865078310385, 25.189220529024283], [-80.59993478466531, 25.188462528528397], [-80.60101778458869, 25.188208529662266], [-80.60189878574403, 25.18781552910249], [-80.6034597855183, 25.187585528219884], [-80.604643785724, 25.187033528557134], [-80.605600786149, 25.186734528169733], [-80.60640678606296, 25.186388527806056], [-80.60716078609836, 25.185654527286687], [-80.60781378585143, 25.18439152774452], [-80.60801378676628, 25.183634527185347], [-80.60844178549014, 25.183221527567135], [-80.60894478725204, 25.182900527147055], [-80.60924578665258, 25.182602527909683], [-80.60979878684655, 25.181546527506075], [-80.60999978668801, 25.18078852641841], [-80.61022478771721, 25.18030852672781], [-80.61067778745375, 25.179849527013378], [-80.61100678734171, 25.179609526368154], [-80.61105078772265, 25.179623525470323], [-80.61200678742442, 25.17892652594265], [-80.61215678811057, 25.17867852637042], [-80.6121107871815, 25.17789852643252], [-80.61238878791416, 25.177624526826733], [-80.6129687878723, 25.17732852516595], [-80.61334778798897, 25.176942525803856], [-80.61344978809623, 25.176734525459636], [-80.6135247884393, 25.176713525495057], [-80.61355178820348, 25.176553524523417], [-80.61413278888485, 25.175960525071048], [-80.61445078890218, 25.175783525293753], [-80.6144667887957, 25.17578052539177], [-80.61496178836501, 25.175799524769758], [-80.61606878857783, 25.176254526062223], [-80.61725078913373, 25.176341525290443], [-80.61830779001616, 25.176865525776435], [-80.61901379037101, 25.177364525966624], [-80.61909078946557, 25.177461525564418], [-80.6192027905169, 25.177608525151374], [-80.61926679009099, 25.177690525280838], [-80.61924079015172, 25.17801352631498], [-80.61845978855551, 25.1789975266484], [-80.61823278877478, 25.17968552716558], [-80.61821378940651, 25.17972052652208], [-80.61810078942861, 25.17992552603523], [-80.61783278964002, 25.180412525926968], [-80.61780378932768, 25.18046552623512], [-80.61785478938131, 25.180603526101052], [-80.61932978984018, 25.18177452694517], [-80.61959179067931, 25.181981526900802], [-80.61961879044348, 25.182003527499848], [-80.62045079029672, 25.18177552686333], [-80.62128279104824, 25.181154527330623], [-80.62143379066097, 25.180941526420366], [-80.62150979082895, 25.180835527820935], [-80.62161579203249, 25.180449526558668], [-80.6218437907398, 25.180316526169083], [-80.6221657909551, 25.18045652606171], [-80.62312279138007, 25.181200527043224], [-80.62407979090676, 25.181361526713534], [-80.6244067911449, 25.181591527151046], [-80.62473379228139, 25.18191752653971], [-80.62506279127103, 25.182232525998305], [-80.62518979059432, 25.182554527276924], [-80.62501279104232, 25.18278252645591], [-80.62481379264733, 25.18282352681923], [-80.62478679198482, 25.182829527089353], [-80.6234757915575, 25.18257752687116], [-80.622693791933, 25.18269052820769], [-80.62221579118379, 25.182874527073473], [-80.62173679060967, 25.183516527205], [-80.62145878987701, 25.18360852726839], [-80.62124779178644, 25.183528527676692], [-80.61995279035433, 25.183034527063086], [-80.61971978982751, 25.182945527104952], [-80.61695478975604, 25.182735526617275], [-80.6166697893507, 25.18271352696332], [-80.61588778792957, 25.18259852663827], [-80.61427478827675, 25.182553526552223], [-80.61296378874773, 25.18202652719808], [-80.61190478731717, 25.182048527789004], [-80.61150278763427, 25.182142527978097], [-80.6111237884159, 25.182231526896835], [-80.61095278781336, 25.18230052747529], [-80.61048378728499, 25.182489526491548], [-80.60978978662571, 25.182768527716625], [-80.60958578730953, 25.182850527625966], [-80.60928378718575, 25.183195527562052], [-80.6090567865067, 25.183653526964825], [-80.60908178662106, 25.184249527699446], [-80.60938878676772, 25.1846285274168], [-80.60951078786478, 25.18477852779438], [-80.60976978833087, 25.185261528243302], [-80.60981278709026, 25.185350528135626], [-80.60973678782058, 25.185924527998512], [-80.60920678719285, 25.18647552792889], [-80.60804778710148, 25.187278528577714], [-80.60746778624504, 25.187828528206342], [-80.60663578639182, 25.18819652802573], [-80.60492178645666, 25.188516529262404], [-80.60441778486988, 25.188677528207705], [-80.60408978570513, 25.188882529722562], [-80.60371178541338, 25.189387529425], [-80.60325778495361, 25.1905805294394], [-80.603332786195, 25.191291529159734], [-80.60348378580773, 25.191705529708926], [-80.60376178564208, 25.192094530578277], [-80.60411378509627, 25.19314952996101], [-80.60552578580594, 25.19445853014169], [-80.60557578603465, 25.194641530117227], [-80.6057267865457, 25.194801530909924], [-80.60587778615844, 25.19610953141711], [-80.6057267865457, 25.19672753092734], [-80.60527278698427, 25.19801353092674], [-80.60413778538573, 25.19977853184933], [-80.6039387860924, 25.200931531497808], [-80.60394678559001, 25.201045531824423], [-80.60400078511837, 25.20151453214506], [-80.60401178588734, 25.20161353234576], [-80.60433678647566, 25.202113532523494], [-80.60448978663653, 25.202348532352858], [-80.60491878608362, 25.202737532550383], [-80.60680978646909, 25.20310653176872], [-80.60786878700132, 25.203014532614546], [-80.60852478712746, 25.202738532296465], [-80.60900378770158, 25.202301531935593], [-80.60945778726301, 25.201729531542536], [-80.60960878867238, 25.20067353194734], [-80.6097097880564, 25.200468530771147], [-80.60993578801221, 25.200260530763366], [-80.61033978734494, 25.200352531998593], [-80.6107017877432, 25.200528531270077], [-80.61109578882682, 25.200720531367452], [-80.61207878919107, 25.200582531531268], [-80.61281078768855, 25.20065253123212], [-80.61417178834459, 25.200926531067502], [-80.61490278881378, 25.200721531130096], [-80.61606278873006, 25.199712531542595], [-80.61674378986885, 25.199414531978256], [-80.6182817900769, 25.198955531094292], [-80.61896278941906, 25.198473531078537], [-80.61913879004446, 25.19826653069693], [-80.61926479044116, 25.19769353188136], [-80.61946179008466, 25.197625530868393], [-80.61959279140254, 25.197579530854917], [-80.62007179197667, 25.197785530991965], [-80.62070179036687, 25.19849653173142], [-80.62090379093155, 25.198885531230662], [-80.62125679110898, 25.199206530169956], [-80.62160879146147, 25.199367531241204], [-80.62198779247649, 25.199368531014954], [-80.62254179069872, 25.199185530827354], [-80.62314779149445, 25.198793530512646], [-80.62357579111662, 25.198381530049232], [-80.624004791462, 25.19778453039238], [-80.62418179191233, 25.197143530465137], [-80.62415579197307, 25.19634053063435], [-80.62408079073168, 25.19622453036788], [-80.62420679202668, 25.19546852998881], [-80.6247857912616, 25.195284529822956], [-80.62531579188934, 25.19500852986578], [-80.62564479267563, 25.195140530665505], [-80.62571879229547, 25.19516952998455], [-80.62592079196185, 25.19551353018144], [-80.62700479260843, 25.196340529821505], [-80.6282407926927, 25.197485530384608], [-80.62866879321318, 25.197669530476276], [-80.62944979301278, 25.197717530030374], [-80.62994779295516, 25.197515530559883], [-80.63035779303397, 25.197349530526907], [-80.6307607934401, 25.19698253051754], [-80.63094479446144, 25.19654453002211], [-80.63096279400479, 25.19650152980504], [-80.63098779322083, 25.195515529792228], [-80.63111379361752, 25.19533052989048], [-80.63176979374363, 25.195031530360264], [-80.63320579474275, 25.19459752941531], [-80.63368479441857, 25.194160529100017], [-80.63403879442087, 25.193587529660725], [-80.63403879352258, 25.192556529173533], [-80.63423979516064, 25.19237152884146], [-80.63514779608018, 25.192348529470376], [-80.63567679418804, 25.19243752906247], [-80.63650879583788, 25.192577529659218], [-80.6369887944403, 25.192416528552645], [-80.63761879642377, 25.192004529275614], [-80.6378957955349, 25.19147752853206], [-80.63819779565868, 25.191177528643625], [-80.63885279595989, 25.19088152982872], [-80.63916879542907, 25.190870528299047], [-80.63942379659552, 25.19086152808133], [-80.64200779691701, 25.190771528306257], [-80.64419779705322, 25.190695528733436], [-80.64540879702314, 25.190420528791964], [-80.64603779828337, 25.190144528380195], [-80.64667479814294, 25.189723528432598], [-80.64669379840952, 25.189710527905177], [-80.64712179892999, 25.18952652798251], [-80.64732379769804, 25.18968752803165], [-80.64727379836764, 25.190833528393267], [-80.64750079814836, 25.19143052879615], [-80.6478277983865, 25.19184252838897], [-80.64828179884627, 25.192163528822377], [-80.64908879858513, 25.192393529190063], [-80.65128179909439, 25.19260052817419], [-80.65163579909671, 25.19248352939242], [-80.65218980001389, 25.192094528952534], [-80.65244179990897, 25.191451528663094], [-80.65249180013768, 25.190442527867184], [-80.65274379913444, 25.189616528677433], [-80.65314780026381, 25.189134526655014], [-80.65390380084735, 25.18865252760283], [-80.65433180046952, 25.188218526689685], [-80.65445780086623, 25.187620527746024], [-80.65450780019664, 25.186726527523977], [-80.65417980013358, 25.185603527383126], [-80.65428080131423, 25.184799527182168], [-80.65453280031099, 25.18454752697353], [-80.65518780061218, 25.184501526898554], [-80.65634780052847, 25.185005526984906], [-80.6585658020504, 25.184936526312367], [-80.65937280178926, 25.184775526487964], [-80.65990180169376, 25.184431526857164], [-80.66015380248717, 25.183881526526257], [-80.66032980311257, 25.182987526508718], [-80.66055680199499, 25.182412526716956], [-80.66085980194367, 25.18197752723488], [-80.66158980168964, 25.18128752436681], [-80.66292580223131, 25.180462526448373], [-80.66378280309722, 25.17979652481142], [-80.66398480276358, 25.179498525300176], [-80.66431180300174, 25.17798452453805], [-80.66426180277301, 25.17741052548379], [-80.664084803221, 25.17720452503658], [-80.66386680276281, 25.176844525021444], [-80.66310080213351, 25.175577524535747], [-80.66244580273062, 25.174979523717695], [-80.66191580210288, 25.174750523785914], [-80.66090780162425, 25.17447752439857], [-80.659848801092, 25.17442952381771], [-80.65919380079079, 25.174751524574692], [-80.65879080128298, 25.175142524234236], [-80.65826180137846, 25.17617352411782], [-80.65826180137846, 25.176701524352275], [-80.65831180160718, 25.177435524330434], [-80.65795780160485, 25.17750352360628], [-80.65717980038168, 25.17691052471088], [-80.65579080013654, 25.175853523798757], [-80.65538480025569, 25.17573052457553], [-80.65495980010824, 25.17560152378952], [-80.65360979932285, 25.175645524848132], [-80.65343779979372, 25.1756305245075], [-80.6516567981148, 25.175349524885284], [-80.6509517993815, 25.175395524349902], [-80.64727179871782, 25.176520524992995], [-80.64457479662177, 25.177209524814767], [-80.64379279699727, 25.17757552509362], [-80.6432887972071, 25.178011525603953], [-80.64306179652809, 25.17810452570677], [-80.6407177964061, 25.178127525327884], [-80.6399097950457, 25.17825952572044], [-80.6394297964433, 25.17833852557289], [-80.63806979561215, 25.178560525655936], [-80.63552379492549, 25.178401525428814], [-80.63519779451225, 25.178217526313148], [-80.63471879393813, 25.177507525857944], [-80.63404079407071, 25.176876525318775], [-80.63391779404706, 25.176762525135796], [-80.63360879425058, 25.176474525139948], [-80.63363479418983, 25.17633852540219], [-80.63371179418274, 25.176317524556406], [-80.63456679450049, 25.176039524787647], [-80.63547479542001, 25.175947525514125], [-80.63567479453822, 25.176084524840014], [-80.6365317945058, 25.176337525439425], [-80.63784379565635, 25.176221524824903], [-80.63935479430359, 25.17661052472597], [-80.64028779623578, 25.176659524408116], [-80.6416487959935, 25.175923525515486], [-80.6425817979257, 25.17555752515398], [-80.64434679701614, 25.175143524206803], [-80.64507679766042, 25.174708524795488], [-80.64586579695761, 25.173952525046566], [-80.64751979751662, 25.171507524203903], [-80.64924879931702, 25.168652522972522], [-80.64989979852194, 25.167353522366703], [-80.6512777979981, 25.163971521267943], [-80.65177779848862, 25.162123521162012], [-80.65175179944765, 25.16050152070846], [-80.65167579927967, 25.160456520596416], [-80.65142579903443, 25.159794519830104], [-80.65107279885702, 25.159338520432986], [-80.65099779761562, 25.159041519807328], [-80.65094679846032, 25.157444520345784], [-80.65132179837904, 25.15687452021962], [-80.65162179975133, 25.156756519544086], [-80.65167479855647, 25.156736519514748], [-80.65303379956268, 25.156531519228267], [-80.65411779931097, 25.156281520197595], [-80.65532779945597, 25.1557555188079], [-80.65598380048039, 25.155136518741546], [-80.65641279992748, 25.154291519077404], [-80.65643880076506, 25.152625518165483], [-80.65644879991248, 25.15249951861988], [-80.6563148000182, 25.151517519458324], [-80.6562378000253, 25.150231517561778], [-80.6559357999015, 25.149382518160913], [-80.65560879876504, 25.148990517855243], [-80.65529580056722, 25.148765517042577], [-80.6550558003677, 25.148682517603014], [-80.6546588007077, 25.14854851815355], [-80.6536417991099, 25.148191517069503], [-80.65245679907927, 25.147319517566043], [-80.65220479738757, 25.146973517565964], [-80.65227979862895, 25.146584517461594], [-80.65249079851614, 25.14638551682016], [-80.65281079818328, 25.14608151652967], [-80.65482679914052, 25.1456665169598], [-80.65497579910344, 25.145605517699632], [-80.65666579964747, 25.144932516879802], [-80.6571448011199, 25.145000516388052], [-80.65739680011666, 25.145254516631844], [-80.65706980077682, 25.145919516418704], [-80.65711980010724, 25.146285517086362], [-80.65754880045262, 25.146699515972188], [-80.65797680007479, 25.146605517735104], [-80.65850579997931, 25.145575516945833], [-80.658631800376, 25.145230516285658], [-80.65855580110635, 25.144703516642835], [-80.65830380031294, 25.14422051654896], [-80.6583288004273, 25.143418516367404], [-80.65860580043673, 25.143006514957552], [-80.65916080028052, 25.14263751593898], [-80.6597148002994, 25.142430515882175], [-80.66125180158083, 25.14231651603101], [-80.66404880233767, 25.141445515466238], [-80.66538480287937, 25.141626515644152], [-80.6660648023966, 25.14192551604665], [-80.6677528023925, 25.14229051543658], [-80.66906380371813, 25.142131515090124], [-80.66971880401935, 25.14187751566693], [-80.67022280380951, 25.141488515586722], [-80.67105380383782, 25.140410515391274], [-80.67128080361852, 25.140043515552538], [-80.67208680443079, 25.139469515225848], [-80.67241480449385, 25.138964514527522], [-80.6730948040111, 25.13859851468057], [-80.67369880605531, 25.13848151449808], [-80.67391280541723, 25.138538515414215], [-80.67404780513645, 25.13858151574532], [-80.67450580489584, 25.13882551444378], [-80.67498280582014, 25.13996351503131], [-80.67511080496836, 25.140270515882083], [-80.67505980491471, 25.1410965151384], [-80.67458280488876, 25.142245515114045], [-80.67407780527367, 25.142702516010107], [-80.67243780406007, 25.143323516183425], [-80.67137280457835, 25.143829516157442], [-80.67092680451451, 25.144149515113], [-80.67087380391274, 25.14420351595692], [-80.67037480414547, 25.144699516567407], [-80.66989680429458, 25.145549516232368], [-80.66969480372988, 25.146122517848838], [-80.66929180332377, 25.146581516841383], [-80.66856580377575, 25.147060517352763], [-80.66755380220087, 25.147729517034303], [-80.6671758028074, 25.14839451716028], [-80.66586580310329, 25.14965651779702], [-80.66575280312539, 25.149906517391255], [-80.66568980247789, 25.15004651804621], [-80.66563980314749, 25.150872517828073], [-80.66549580230914, 25.150959517274885], [-80.66526080303082, 25.151101517874377], [-80.66420280232347, 25.15137751805152], [-80.66354780202225, 25.15213551820792], [-80.66337180139685, 25.15233951840277], [-80.66214880173139, 25.153741518567166], [-80.6619098013568, 25.154015518986377], [-80.66122980094121, 25.15440451898463], [-80.6590878004856, 25.15507051946346], [-80.65888680064413, 25.155024519649814], [-80.65737380055045, 25.15575951933406], [-80.6566177999669, 25.156286520020608], [-80.65608880006238, 25.156953519291967], [-80.65550979903084, 25.15789352033312], [-80.65523279991972, 25.158949519904866], [-80.65495580080861, 25.159544520981544], [-80.6538467991493, 25.161036521130058], [-80.65316679873376, 25.162389521652], [-80.65306579934973, 25.162870521233167], [-80.65311679940335, 25.163834521339812], [-80.6535707989648, 25.16465952202807], [-80.6546547996114, 25.165738521894795], [-80.65568879913098, 25.166518522396853], [-80.65631880021614, 25.166930522470473], [-80.65674680073663, 25.167527522082608], [-80.65699880063171, 25.16839952268477], [-80.65732680069478, 25.168881522976374], [-80.65751980103862, 25.168982522912412], [-80.65780580126889, 25.169132522220288], [-80.65810480101962, 25.16916852300235], [-80.65818380156067, 25.16917852240468], [-80.65891480202986, 25.169018522925736], [-80.66027580178758, 25.168305522466603], [-80.66095580130484, 25.167778521674595], [-80.66191380065644, 25.167387522788626], [-80.66347680187715, 25.16750252283025], [-80.66451080229504, 25.16736452195425], [-80.66564480317037, 25.166791521719116], [-80.66619880318923, 25.16667552177799], [-80.66740880333423, 25.166928520764515], [-80.66869380382228, 25.166744521405814], [-80.66937480496108, 25.166835521892207], [-80.6698278046976, 25.16704252282608], [-80.66997980503358, 25.167248522558204], [-80.66990380306896, 25.16763852185576], [-80.6696518040722, 25.167983522571166], [-80.66899680377098, 25.16848752185462], [-80.6683918036985, 25.169222522529463], [-80.66801380430505, 25.169955522808575], [-80.66798980401559, 25.17082652311209], [-80.66814080362833, 25.171217523165335], [-80.66867080515439, 25.17179052373935], [-80.66965380462034, 25.17247852347269], [-80.67058680475589, 25.17351052392266], [-80.67093980403499, 25.174084523456493], [-80.67126780499638, 25.174380524052122], [-80.67169680534175, 25.174587524371177], [-80.67237680485901, 25.174496523979652], [-80.67277980526514, 25.17433452420448], [-80.67325880583927, 25.17389952353224], [-80.67348580561998, 25.173417524379715], [-80.67348480489676, 25.17238552314247], [-80.67338380551273, 25.17201952272746], [-80.67338480533765, 25.171973522801935], [-80.67339080518542, 25.171771522923517], [-80.67339680593152, 25.171563523511978], [-80.67340880472877, 25.17112352268066], [-80.67406380592828, 25.170023523004858], [-80.67401280497634, 25.16885352230312], [-80.6737608059796, 25.168577523452917], [-80.67257580594895, 25.168050521397394], [-80.67234880526993, 25.16779752148663], [-80.67232380425725, 25.16749952272449], [-80.67252580482193, 25.167339521855435], [-80.67373480604033, 25.167224521660092], [-80.67479380567426, 25.167017521035174], [-80.67522180619474, 25.166787522367812], [-80.67572580598491, 25.166305521929377], [-80.6771118067553, 25.164538520574368], [-80.67764080755813, 25.164149521182086], [-80.67806880628198, 25.163942521028932], [-80.67965680671875, 25.164034521230715], [-80.68025380729364, 25.164538521387428], [-80.68038880701286, 25.164652521618], [-80.68043880724157, 25.164789521440287], [-80.68036380779682, 25.16566152129531], [-80.68011180790174, 25.166143521027013], [-80.6800108076194, 25.166556521597567], [-80.67812180688375, 25.168966521728706], [-80.67799580648705, 25.16935652284864], [-80.67779480754392, 25.17080152291008], [-80.67751780663617, 25.172039523502672], [-80.67751780663617, 25.172866523132072], [-80.67771980630253, 25.173370523368586], [-80.67774580624179, 25.173644523593925], [-80.67784680652414, 25.17373852376079], [-80.67787180663849, 25.173943523579226], [-80.67845180659663, 25.174608523076053], [-80.67933380757688, 25.174493524045992], [-80.68024080777316, 25.17456352329178], [-80.68104780751203, 25.174377523302617], [-80.68119880802308, 25.174217523329645], [-80.68142480708057, 25.173484523471878], [-80.68200480793703, 25.172819523534518], [-80.68250880772717, 25.172612523465315], [-80.68379480804015, 25.172335522559703], [-80.68422280856063, 25.17201352355116], [-80.6842978080054, 25.171831522922346], [-80.68465080818281, 25.171028522930207], [-80.68505380948724, 25.170730522308435], [-80.68631380896265, 25.170453522004898], [-80.68679281043508, 25.170179522737957], [-80.68742280882529, 25.169329522304718], [-80.68810280924086, 25.16887052189962], [-80.68900980943715, 25.168571522481194], [-80.69026981070918, 25.168524521227926], [-80.69077380960101, 25.168365521732], [-80.69135380955915, 25.168021522128385], [-80.69316881247157, 25.16728652153144], [-80.69369681165286, 25.16687252095373], [-80.69402481171592, 25.166299521658896], [-80.69422581155737, 25.165724521198104], [-80.69465381117953, 25.16533452147057], [-80.69561181232778, 25.164738520936886], [-80.69614081313061, 25.16384352111429], [-80.6964928125848, 25.163523520142427], [-80.69785381234252, 25.16294852041516], [-80.69830681207904, 25.162465520175456], [-80.69851681303965, 25.16203751999918], [-80.69860981202775, 25.16184752008928], [-80.69860981292608, 25.161697519951336], [-80.69860781237793, 25.159048519726362], [-80.6983808116989, 25.158612518891818], [-80.69805281253414, 25.157466518867928], [-80.69792481248763, 25.155493519022574], [-80.69759681242455, 25.15491951817187], [-80.69759681242455, 25.1544385181375], [-80.6977478120373, 25.154300517116596], [-80.6991838121381, 25.15388651799615], [-80.70026781368304, 25.15335751802446], [-80.70240981413868, 25.153197517306143], [-80.70293881314485, 25.153083517753906], [-80.70351881489962, 25.152738517176193], [-80.70404781390583, 25.152048517160114], [-80.70467681336946, 25.150925517152633], [-80.70487781410921, 25.150488516388243], [-80.7051298149026, 25.14957251715487], [-80.70538181479769, 25.149021517143222], [-80.70532981402084, 25.148333516823993], [-80.70522981356342, 25.14819551621732], [-80.70485081344671, 25.146749516492907], [-80.7046728131715, 25.145121516077083], [-80.70421881361004, 25.144709515535943], [-80.70338781358174, 25.144226515465807], [-80.70321081223311, 25.14383851578122], [-80.70321981425057, 25.142914515163373], [-80.70322181300209, 25.142665514497587], [-80.70323381359596, 25.141451515332662], [-80.70371281417007, 25.140671514773725], [-80.70406481362427, 25.140419514453882], [-80.70629681449158, 25.139819513147778], [-80.70645781415006, 25.139781514565108], [-80.70697481435901, 25.140045514446722], [-80.70733981423199, 25.140554514951305], [-80.70799681418302, 25.14131151457757], [-80.70802281412227, 25.141793514550407], [-80.70784581457029, 25.142252515183372], [-80.70797281479189, 25.142894516118208], [-80.70860381570198, 25.143812515510955], [-80.70860781500163, 25.145696515251675], [-80.70860481552687, 25.14603651597829], [-80.70875581603794, 25.146839516240142], [-80.70903381497396, 25.14743551558387], [-80.7102188159029, 25.14892551706676], [-80.71052281567653, 25.14988951677805], [-80.71062481578377, 25.150784517333786], [-80.7109018157932, 25.151380516927528], [-80.71157381581286, 25.15195051669998], [-80.71185581494686, 25.152012516203683], [-80.71233881661725, 25.151838517936348], [-80.71236881585615, 25.15181651758631], [-80.71256481657305, 25.151677518313825], [-80.71261581572836, 25.151660517134196], [-80.71296981662901, 25.151540516775807], [-80.71359881699094, 25.151722516785245], [-80.71390081621642, 25.15190551668636], [-80.71432981656183, 25.15270851736269], [-80.71485981718955, 25.153373518003445], [-80.71609581817214, 25.154452517690267], [-80.71733181735807, 25.155391518351916], [-80.71788581827526, 25.155665518318177], [-80.71871681830356, 25.15555051849927], [-80.71957381827112, 25.15518351783609], [-80.72161581916765, 25.154860518122614], [-80.72279981937338, 25.15444651764981], [-80.72370682046797, 25.154010517444043], [-80.72488081972963, 25.153221517711863], [-80.72562082041965, 25.152724516613635], [-80.72617482043852, 25.152563517346966], [-80.72672982028232, 25.15260951646215], [-80.72689582086198, 25.152672517414118], [-80.72703282112933, 25.15272351727036], [-80.72720882085643, 25.152883517797093], [-80.72725882018682, 25.1531365169313], [-80.7273348203548, 25.153181517304084], [-80.72725982091005, 25.153732517234236], [-80.72657982049448, 25.154627517249615], [-80.72640382076739, 25.155200517711734], [-80.72632882042433, 25.155959517829082], [-80.72592682074142, 25.1566695177257], [-80.72476782065004, 25.157679518509802], [-80.72376081999633, 25.158828518478074], [-80.72300482031109, 25.159333519108877], [-80.72280381957133, 25.15995151811006], [-80.72295482008238, 25.16054751927003], [-80.72308281923058, 25.161557519656167], [-80.72361182003341, 25.162406519710387], [-80.72409181953412, 25.163414520826567], [-80.72442082121873, 25.164241519601596], [-80.72477382049783, 25.16485851969607], [-80.72494982022492, 25.165294520156294], [-80.72552982108138, 25.165776520525508], [-80.72648882025788, 25.16607452024608], [-80.72790082186587, 25.166738521156937], [-80.72875782093512, 25.167035520926714], [-80.73026982210223, 25.167103520312327], [-80.73170682292626, 25.16744752087965], [-80.73203482298932, 25.1673555200005], [-80.73198382203736, 25.167195520568576], [-80.73130282089856, 25.166530520476844], [-80.73102582178745, 25.16602652042214], [-80.73059682234037, 25.16552152067209], [-80.72999082154466, 25.16513252035004], [-80.72963782136723, 25.164603519549235], [-80.72925882214886, 25.163618519235463], [-80.72918282198088, 25.163137520165037], [-80.72940882103838, 25.162173519427714], [-80.72953382161015, 25.160200518468635], [-80.72991082207703, 25.159763518400556], [-80.73018882191137, 25.15962651781127], [-80.73069282170152, 25.15964951847884], [-80.73278482192843, 25.160565518490326], [-80.73419682353642, 25.160976519885], [-80.73517982390071, 25.16083851894205], [-80.73568382369085, 25.160586518796944], [-80.73699282446836, 25.15916251858356], [-80.73726982447779, 25.159069518667966], [-80.73752182347455, 25.15918551852552], [-80.73782482342325, 25.159459518914616], [-80.73792582280728, 25.160446519665832], [-80.73815382420955, 25.160997519307774], [-80.73883482355171, 25.161614520364893], [-80.73931382412582, 25.161843519762765], [-80.7398188246392, 25.161963518931163], [-80.74047382494042, 25.16211951921841], [-80.74107782428969, 25.162370519371258], [-80.74173482513902, 25.163288519414877], [-80.74196682584092, 25.163528519668606], [-80.74244082549386, 25.16402151958913], [-80.74279582621942, 25.1641275197999], [-80.74287182548908, 25.16413552030297], [-80.74296782574855, 25.16419151893143], [-80.74544182646521, 25.1653265202331], [-80.74592082614099, 25.165395519811167], [-80.74728182679705, 25.164819519909024], [-80.74727682587586, 25.164469519698365], [-80.74725482613455, 25.162893519662884], [-80.74747782661562, 25.16016451910457], [-80.74740182734597, 25.159200518449982], [-80.74719982678128, 25.158719517405856], [-80.74556482559053, 25.157023518849243], [-80.74452582604808, 25.155944516693005], [-80.7443238254834, 25.155555518352234], [-80.74427182560486, 25.155345516219946], [-80.74401982570978, 25.154340517970656], [-80.74374182587545, 25.15390451738611], [-80.74303682534551, 25.15339951705004], [-80.7414738241248, 25.152735516707295], [-80.73959282558171, 25.15121751555009], [-80.73942982447677, 25.151085516784345], [-80.73895082390266, 25.150879516589498], [-80.73847182512519, 25.1508115171041], [-80.73794282342404, 25.15099551610253], [-80.73691082355428, 25.151799516426053], [-80.73620582212602, 25.152121516763035], [-80.73406382256871, 25.152419516504704], [-80.73141782142461, 25.15301751736531], [-80.73098882287584, 25.15292651714057], [-80.7302828216227, 25.152469516308205], [-80.72962682149658, 25.151781516725578], [-80.72904682153845, 25.150791516100263], [-80.72901982177426, 25.15074651647239], [-80.7285738208121, 25.150279516282627], [-80.72802582064102, 25.150047516598253], [-80.72703882007879, 25.149960516501263], [-80.72637382063016, 25.149825517461714], [-80.72312282031187, 25.148046516565604], [-80.72236481918019, 25.147519516070542], [-80.72150781921263, 25.14676351530143], [-80.72144981858798, 25.146529515837507], [-80.72125181822126, 25.14621851606417], [-80.72129081857932, 25.145996515654957], [-80.7213308187623, 25.145754515452197], [-80.7214008181842, 25.14567651584912], [-80.72155781854303, 25.14550051543568], [-80.72195681785286, 25.145341516017552], [-80.7220618192315, 25.14529351535467], [-80.72620381985253, 25.14518151536091], [-80.72639581947315, 25.145176515082884], [-80.72773082108824, 25.1449015149269], [-80.7283608212751, 25.144511515314058], [-80.72979582155098, 25.14338551519052], [-80.73062782140418, 25.143064513996634], [-80.73193782200661, 25.14303951461049], [-80.73413082251588, 25.143404513922466], [-80.73491282303868, 25.143656514586258], [-80.73680282359925, 25.143495515554918], [-80.73716782257391, 25.14342051439313], [-80.73814182361566, 25.143212514616494], [-80.7390528231116, 25.14306851412564], [-80.73981082424326, 25.142671515117257], [-80.74040082424715, 25.1425245140815], [-80.74057082502479, 25.14248251456626], [-80.74153282547267, 25.142430513442566], [-80.74231282544733, 25.14252951446816], [-80.74293282469013, 25.142658514451934], [-80.74355482537938, 25.14298451382863], [-80.7441608261751, 25.14365051482821], [-80.74464082567582, 25.144497514620884], [-80.74574982643678, 25.146056516135044], [-80.74615382487117, 25.14642351497358], [-80.7476668267615, 25.14704351471676], [-80.74875082650982, 25.14809651490817], [-80.74905482628341, 25.14880851621079], [-80.74978682747583, 25.149496516291737], [-80.74990982749948, 25.149636516603888], [-80.75145582720513, 25.151396517165736], [-80.75233582853555, 25.15183551663218], [-80.75271082845427, 25.151903516360107], [-80.7535638282239, 25.151724516301314], [-80.75456082793356, 25.15135551680523], [-80.75495682866699, 25.15156051603059], [-80.75528582855496, 25.15195251621232], [-80.75581382953288, 25.152411516859498], [-80.75631782932302, 25.1527105168626], [-80.75631782932302, 25.152986516653012], [-80.75566082937199, 25.154131517957605], [-80.75510482880499, 25.155736517119955], [-80.75495283026567, 25.156516517349413], [-80.75507782904081, 25.15848751750727], [-80.75538682973561, 25.159161517666835], [-80.75638782964323, 25.159898517827717], [-80.75746582954373, 25.160405518281124], [-80.75937182999783, 25.160895517547534], [-80.7610258296585, 25.161588518190534], [-80.7619038313391, 25.161819518614], [-80.76198283188015, 25.161821518777668], [-80.76369383234055, 25.161846518381516], [-80.76373583127503, 25.161854519034215], [-80.76490983233332, 25.162080518555502], [-80.76596183229456, 25.162283518304548], [-80.76600183247753, 25.162276517758087], [-80.76699483288755, 25.162099518442204], [-80.76835683247019, 25.16152851803009], [-80.77032283319873, 25.16127651849744], [-80.77055283425081, 25.161189518276547], [-80.77110483372154, 25.16097951852506], [-80.77120683382878, 25.160890518726504], [-80.77165383371754, 25.160497517898555], [-80.77188683334604, 25.160292518240684], [-80.77218883436814, 25.159809517240415], [-80.77221483430742, 25.159534518350007], [-80.77229083537371, 25.159489517881216], [-80.7724678340274, 25.15857051678218], [-80.7723688342932, 25.156506516908927], [-80.77219283366779, 25.156048517159665], [-80.77139183467503, 25.15528751732521], [-80.77103383357644, 25.154947517165418], [-80.77053083361119, 25.15393751653185], [-80.770355833709, 25.152171516688643], [-80.77015483296924, 25.15152751624201], [-80.76912283220115, 25.150654515193832], [-80.76900583292361, 25.150513515875012], [-80.76889583331875, 25.150380515359], [-80.76879583286133, 25.15008251551688], [-80.76887083320442, 25.148880515124496], [-80.76899983307582, 25.146825514187633], [-80.76907883182022, 25.14656351474494], [-80.76960683369647, 25.14480551486258], [-80.77059083388565, 25.143041514268816], [-80.77107083338635, 25.141596513099234], [-80.77106983266314, 25.141388513467636], [-80.77117083294546, 25.141229514386037], [-80.77124683311344, 25.140771513414045], [-80.7714748336174, 25.140448512964962], [-80.77263483353367, 25.139876513439273], [-80.77369383406592, 25.138914512444526], [-80.77579883471164, 25.1379095122631], [-80.77666783437478, 25.137494512562686], [-80.77709583489526, 25.13742451237622], [-80.77766783445747, 25.13759351189819], [-80.7780208346349, 25.1377085123727], [-80.77827083488015, 25.13800551205759], [-80.7784068353226, 25.138160512608412], [-80.77840583549768, 25.13864151255085], [-80.77805283442194, 25.13919251306435], [-80.77732483612243, 25.13989451245577], [-80.7755308340247, 25.14162251384148], [-80.77416883444208, 25.143365513782932], [-80.7735378344303, 25.144305513781273], [-80.77290583369532, 25.1463685149033], [-80.77257683380734, 25.148295515199386], [-80.77262583241453, 25.14983151528993], [-80.77275183370953, 25.15059051546554], [-80.77290283422059, 25.15086551581365], [-80.7729528344493, 25.151369515898573], [-80.77330783517486, 25.15240151608255], [-80.77335483413222, 25.152539515998683], [-80.77410983399253, 25.1542385171492], [-80.77447883406347, 25.15471851539261], [-80.77564483472584, 25.156234517460465], [-80.77584683529052, 25.15664751743363], [-80.77657483538667, 25.15976651788353], [-80.77692683573918, 25.16073151740821], [-80.77805983589127, 25.16254351880338], [-80.78022583663635, 25.164723518441253], [-80.78200583759205, 25.165219519384408], [-80.78221583675601, 25.16527751924821], [-80.78514083755937, 25.165049519035925], [-80.78723283958294, 25.16443151903429], [-80.78841683889033, 25.16445351873552], [-80.79018183977742, 25.164708520009057], [-80.79149184037983, 25.16461551863069], [-80.79242483961708, 25.16445651810315], [-80.7936098396477, 25.163929518564476], [-80.79464384006559, 25.163172518580897], [-80.7958038408802, 25.162117517433483], [-80.79688884135169, 25.16055951793744], [-80.79729284158275, 25.159803516650342], [-80.79804984109289, 25.15796851829201], [-80.79840384199353, 25.156361515714973], [-80.7985428419107, 25.15280751655664], [-80.79858284209368, 25.151774515576456], [-80.79840684146828, 25.150742514968716], [-80.79813184110867, 25.148220514547482], [-80.79805584094068, 25.148172514203655], [-80.79790484132793, 25.147461514269235], [-80.79793584039176, 25.147012514113204], [-80.79795584138157, 25.146727514412273], [-80.79824984110944, 25.146099513818125], [-80.79888984134203, 25.14473251332311], [-80.79973684126387, 25.143558513079785], [-80.79989084214796, 25.143334513058445], [-80.8000838415935, 25.143186513399694], [-80.80027684103904, 25.143058514209482], [-80.80052884183242, 25.14298951338324], [-80.80105784263526, 25.143563513424084], [-80.80098084264235, 25.144825513594654], [-80.80067784179533, 25.146132514261264], [-80.80055084157372, 25.147324514503584], [-80.80066084207691, 25.14829351481396], [-80.80070184208478, 25.148657513675353], [-80.8007668423821, 25.14886351436836], [-80.80115484092299, 25.150102515010612], [-80.80145184282055, 25.150625515041586], [-80.80190984257995, 25.151433515218315], [-80.80254984281254, 25.15227651565259], [-80.8025898429955, 25.152328516647135], [-80.80256384305625, 25.152875515742902], [-80.80254884298763, 25.152911515631583], [-80.80157984196876, 25.155100516256866], [-80.8011258424073, 25.156615516706033], [-80.80089684297677, 25.158886517315583], [-80.80063884233559, 25.160491518155407], [-80.80053684222834, 25.160783517238286], [-80.80029084218104, 25.161455517551147], [-80.80028584215816, 25.161513517578825], [-80.80013784202016, 25.163198518791436], [-80.80009184288772, 25.163309517626537], [-80.79991084313775, 25.163748518131204], [-80.79940684155098, 25.164414518818955], [-80.79927984222769, 25.16487251967913], [-80.79829684276172, 25.1657225186593], [-80.797766842134, 25.16659251907496], [-80.79758984168366, 25.16716651947016], [-80.79741284213166, 25.16824551910652], [-80.797134841399, 25.169046520309], [-80.79574784170201, 25.171523519363063], [-80.79534284074774, 25.17266952063269], [-80.79514084108138, 25.174001521732222], [-80.79481284101831, 25.175010520466053], [-80.79430784050494, 25.175858522006394], [-80.7939038411722, 25.176248521403494], [-80.79400484145455, 25.1765695222724], [-80.79428184056566, 25.176912522188086], [-80.79528784049614, 25.17946052200373], [-80.79594284169566, 25.180218522408975], [-80.7962208406317, 25.180424522639584], [-80.7978588430938, 25.1812275233319], [-80.7992448429659, 25.18157252298534], [-80.80168984337023, 25.18171152314228], [-80.80292484362958, 25.182008523016464], [-80.80378184449546, 25.18240052288361], [-80.80554584376102, 25.183547523408045], [-80.80670484475068, 25.184007523726255], [-80.80763784488626, 25.18403152375881], [-80.80819184490512, 25.184214523140305], [-80.8085708450218, 25.18405552297372], [-80.80859584513615, 25.18380252295068], [-80.80814284539963, 25.1830675240168], [-80.80816884444057, 25.182013523410514], [-80.80837084500526, 25.18155352288139], [-80.80859684585938, 25.181278522628208], [-80.81147184553572, 25.179904522555685], [-80.81149284545211, 25.179909522223113], [-80.8116868465192, 25.179954522472563], [-80.81194984628492, 25.1800175223061], [-80.81204984584403, 25.18059152208951], [-80.81182384588823, 25.180889522992867], [-80.8110408455405, 25.181486522533973], [-80.81056184496639, 25.181967523191858], [-80.81006684539706, 25.18269652441968], [-80.8098878452969, 25.182963523018795], [-80.80983484559346, 25.18304852333301], [-80.80981284585216, 25.18305752250206], [-80.80939684592555, 25.183353523255118], [-80.80937684673238, 25.183366523647965], [-80.80938984535456, 25.183539524178876], [-80.80940884562112, 25.183695523685767], [-80.80957884550043, 25.183870523551512], [-80.8100058452977, 25.18384852328955], [-80.81048184639707, 25.183734523937755], [-80.81154884642693, 25.18347952262696], [-80.8117708470831, 25.183434523679185], [-80.8123008459142, 25.183299523484447], [-80.81260384676122, 25.18313952302986], [-80.81284384696073, 25.182825522573655], [-80.8129338464741, 25.182696522793808], [-80.81300784699225, 25.182587523547678], [-80.81323484677297, 25.182519523856726], [-80.81330984711605, 25.18250252291189], [-80.81335684697171, 25.182553523300477], [-80.81348584594483, 25.182678522775856], [-80.8135248463029, 25.182816523387473], [-80.81356284683604, 25.182977523361544], [-80.8144188460804, 25.1827475231012], [-80.8145248472839, 25.18260852250013], [-80.81438684629335, 25.182465522903527], [-80.8142198476854, 25.182299522683813], [-80.8136878456112, 25.181739522487973], [-80.81363684645588, 25.18113452398631], [-80.81360084647088, 25.1807375228523], [-80.81358784784871, 25.180568522933395], [-80.81351984628002, 25.18042352108444], [-80.813335846157, 25.180042522243927], [-80.81333684598191, 25.179148522515778], [-80.8132358465979, 25.178735521514394], [-80.81303484675642, 25.178344521999016], [-80.81288384624537, 25.17708152148584], [-80.81308584591174, 25.17648652142722], [-80.81307384621618, 25.176352520815183], [-80.81303684730459, 25.176071521231414], [-80.81227384704833, 25.175745521651926], [-80.81173984622265, 25.175553521212322], [-80.81139684609096, 25.175428521745932], [-80.81043984566595, 25.174580521279125], [-80.81042784507208, 25.17449452077193], [-80.8104148455516, 25.174443521075865], [-80.81021984555792, 25.17426652072178], [-80.81008784531346, 25.17414452069096], [-80.81000684602093, 25.173989521135425], [-80.80965984569129, 25.173318521588758], [-80.80925784421174, 25.172196519839993], [-80.80925784421174, 25.170405519839637], [-80.80956184488369, 25.169052519631286], [-80.8099648452898, 25.16829451889878], [-80.8103938456352, 25.16785951862753], [-80.81200684528801, 25.166738518717807], [-80.81416584636038, 25.165422518787036], [-80.81619584756135, 25.16451151815057], [-80.81627384648084, 25.16449051851975], [-80.8163688469154, 25.164452517862216], [-80.81685284661407, 25.16428451819395], [-80.82135984800641, 25.16286451835447], [-80.82448584954953, 25.16112151721957], [-80.82574184882695, 25.160552516478948], [-80.82652884937265, 25.16050451773404], [-80.82700784994677, 25.16073251668589], [-80.82716684995543, 25.16091051726172], [-80.82718385057218, 25.162040517800087], [-80.8273348492866, 25.1624075173482], [-80.82756085014073, 25.162636518509487], [-80.82824985077713, 25.16370051739176], [-80.82874385052153, 25.16612451851813], [-80.82927385114927, 25.167040518682843], [-80.8300278511847, 25.168118519403965], [-80.83111885060568, 25.169184519281394], [-80.83174285184305, 25.169794519454676], [-80.83207885140372, 25.17026951902222], [-80.83264985203934, 25.171078520796954], [-80.83271685108818, 25.17115951880978], [-80.83335485256926, 25.17190552044121], [-80.83392785285471, 25.172427519681207], [-80.83421185343515, 25.172686519697134], [-80.8347528512386, 25.17294751995699], [-80.8365878533442, 25.173832520603188], [-80.83683285266827, 25.173948520239197], [-80.83821885433699, 25.17479652022462], [-80.83975685364672, 25.175554521181517], [-80.84029685432019, 25.17574352009069], [-80.84179785471832, 25.176266520745187], [-80.84530085583, 25.176358520590924], [-80.84593285656499, 25.176611520621616], [-80.84623085559251, 25.176901521023048], [-80.84640985569264, 25.177070521149027], [-80.85035985669307, 25.177345521141774], [-80.85146085795644, 25.17732752114644], [-80.85167885661801, 25.17732452128246], [-80.85354385796252, 25.17688851994053], [-80.85480485816113, 25.17672652171839], [-80.85772785931466, 25.176617520384607], [-80.85816986007886, 25.17661152143459], [-80.85819986021609, 25.185624523377058], [-80.85822285978232, 25.19215152432401], [-80.85822285978232, 25.19230552452032], [-80.85816885935564, 25.201266527347983], [-80.85810985980442, 25.21114252874278], [-80.85810686032966, 25.21211452955362], [-80.85810286013171, 25.213086529915433], [-80.85799186070194, 25.243004537488805], [-80.86098786254873, 25.243003538073626], [-80.86145386180573, 25.243002537845914], [-80.8618938620218, 25.243001538430715], [-80.86199386247922, 25.242902537783536], [-80.86197286256282, 25.24594753821099], [-80.8619508628215, 25.2493705389338], [-80.8619498629966, 25.249521539310827], [-80.8619438622505, 25.250402539151466], [-80.86194586190034, 25.2510735395395], [-80.86194786334678, 25.251799539900514], [-80.86194886227338, 25.251930539862794], [-80.8619508628215, 25.25267253991022], [-80.86195086192319, 25.252715539771835], [-80.86195686177099, 25.25481853982071], [-80.8619568626693, 25.25490254099963], [-80.86196886146655, 25.256152539955806], [-80.86196686271505, 25.25738654054783], [-80.86196186269217, 25.258506541619038], [-80.8619718627379, 25.259616541200877], [-80.86197586203755, 25.26101354158509], [-80.86197986313384, 25.262410542144842], [-80.86197986313384, 25.26249054267776], [-80.86200186287515, 25.26989354437119], [-80.86200186197682, 25.269978544062663], [-80.8620268629895, 25.278479546368352], [-80.86202786371273, 25.278908547193378], [-80.86203486248709, 25.281036547077726], [-80.8620348633854, 25.281143546811933], [-80.86204386270794, 25.284188548394162], [-80.86204386270794, 25.284451548017977], [-80.86209286311174, 25.301100552375612], [-80.8621938651907, 25.364197567965732], [-80.87191886835309, 25.36401856803666], [-80.87195386671657, 25.364017567995504], [-80.87319286717388, 25.36399756798226], [-80.87321586853672, 25.368951568918686], [-80.87321586943504, 25.369039568916214], [-80.87324286830089, 25.37539857115542], [-80.87321286906199, 25.37982857156129], [-80.87319386879541, 25.382698573017926], [-80.87319886881829, 25.383530573143844], [-80.87319986864321, 25.383689572570102], [-80.87322186928282, 25.38734157457808], [-80.87329386925285, 25.399097577116322], [-80.87339386971026, 25.417897582294835], [-80.87339387060858, 25.425313584056674], [-80.87339387060858, 25.425377584196298], [-80.87339286988536, 25.433363585659038], [-80.87339287078369, 25.43342058526049], [-80.87339287078369, 25.435896586353866], [-80.87341087032702, 25.44003158781029], [-80.87345687035777, 25.45122859011753], [-80.87346087055573, 25.452171590954624], [-80.87349187141619, 25.459670591832708], [-80.87349287034279, 25.459799592124423], [-80.8734928712411, 25.459815592245278], [-80.87349287213941, 25.465444594225023], [-80.87349287034279, 25.46554259367983], [-80.87349287213941, 25.484094599207484], [-80.87324687209211, 25.496325602003857], [-80.87316487207636, 25.500385602379502], [-80.87316487207636, 25.500439602694826], [-80.87320387243442, 25.512472605935557], [-80.87330887291472, 25.541629613262437], [-80.87331787313555, 25.544084613087996], [-80.87332687245807, 25.54654061465976], [-80.87337487393528, 25.55975161767965], [-80.873236873843, 25.584300623900717], [-80.87321187462696, 25.604368629101074], [-80.87314787505287, 25.615050630757093], [-80.87311287489277, 25.620768632750025], [-80.87309687410092, 25.623465633850913], [-80.87320887515223, 25.624688634251335], [-80.87327287472634, 25.625389634588018], [-80.87324687568538, 25.648198640241585], [-80.87317187624063, 25.662513643970197], [-80.87315787599692, 25.665232644459312], [-80.8731558763471, 25.66618464450144], [-80.87206187565475, 25.66617264421821], [-80.86769687455264, 25.66617864476481], [-80.85691786998255, 25.666196644783454], [-80.85573987142125, 25.666199644651346], [-80.76665684535516, 25.666343646318367], [-80.7614448434329, 25.666352647530086], [-80.7061118280184, 25.66644264827444], [-80.70607682785828, 25.666478648229287], [-80.70450882751301, 25.667557648353075], [-80.70374982745471, 25.667993648485204], [-80.70316782784677, 25.668062649245794], [-80.70306282646816, 25.668062649245794], [-80.7025098262742, 25.668062649245794], [-80.70230682678292, 25.66781064944287], [-80.70233182599895, 25.666755648013087]]]}}, {"type": "Feature", "properties": {"OBJECTID": 13, "ID": 8, "COMMNAME": "Danielle Cohen Higgins", "GlobalID": "e7ba73e6-b7df-4edd-b56c-9894944da3cf", "Shape__Are": 600949684.2324219, "Shape__Len": 194344.34008811816}, "geometry": {"type": "Polygon", "coordinates": [[[-80.3289037164759, 25.655159653930536], [-80.33063371720289, 25.651378652666924], [-80.33155171726985, 25.64945265186717], [-80.33238971786913, 25.64765765246052], [-80.33260271740616, 25.647133650429843], [-80.33272271795508, 25.64688465210938], [-80.33288171796374, 25.64657565091493], [-80.3333207183549, 25.64561165073737], [-80.33337671843138, 25.645487650928867], [-80.33411371874836, 25.643855650168078], [-80.33207071802693, 25.643921650697354], [-80.33046371732358, 25.643998649514074], [-80.33002971695531, 25.644033650432217], [-80.32963371712019, 25.643971650534134], [-80.32900271621011, 25.64399765018183], [-80.32879971761717, 25.643992651091], [-80.32796371666767, 25.644024650775556], [-80.32695671601395, 25.644047651606435], [-80.32593571511653, 25.644073651237576], [-80.32440571440608, 25.644108650514067], [-80.32390871518693, 25.644124649532035], [-80.32335971519095, 25.644146650202817], [-80.3223797143014, 25.64416565044757], [-80.3218577149679, 25.644175650234192], [-80.32132171449238, 25.644196649945332], [-80.32032171440967, 25.64422165021365], [-80.31864671393427, 25.644274651963716], [-80.31860171372844, 25.644276650623556], [-80.31776771422538, 25.644311650650344], [-80.31574171322241, 25.644350650413582], [-80.31523171268616, 25.64438265081198], [-80.31473271291888, 25.64438065053426], [-80.31372071224227, 25.644411650786015], [-80.31271671196161, 25.644438650476246], [-80.31173671197041, 25.644485650492335], [-80.31067171159036, 25.644503650545285], [-80.30967371115749, 25.64453565090266], [-80.30824571145259, 25.64458165074337], [-80.30812271142895, 25.644585650482213], [-80.30766671042106, 25.644600651728698], [-80.30725671034224, 25.644610650669048], [-80.30665071044484, 25.64462765137618], [-80.30536870943149, 25.644661650353694], [-80.30413070969743, 25.64469465161477], [-80.30306070929451, 25.64472865138303], [-80.30156570874416, 25.64477165155244], [-80.29918070771598, 25.64484065117041], [-80.29841370816008, 25.644862651709204], [-80.29617770709481, 25.644919650472776], [-80.29551770766905, 25.644936651945713], [-80.29362170546408, 25.644982651631867], [-80.29337570721341, 25.64499065189236], [-80.29110670653618, 25.645051651127847], [-80.29063370580984, 25.645064652049502], [-80.2906027058477, 25.644017651402052], [-80.29060070529957, 25.64395965044564], [-80.29058870560401, 25.643561652226012], [-80.2901037051821, 25.643281650774636], [-80.29004570455747, 25.64324265066208], [-80.28919270478785, 25.64274065204175], [-80.29194570606208, 25.638666649953834], [-80.29631870666181, 25.638630650514326], [-80.29634470749939, 25.6386316498915], [-80.29639470682979, 25.638630649704464], [-80.29645070780461, 25.638527649830866], [-80.29672070724303, 25.63802864977483], [-80.29698170735894, 25.63744064875873], [-80.29699170740467, 25.637440649568603], [-80.29714070736759, 25.637435649393286], [-80.30130270897844, 25.63736064916798], [-80.30126970846815, 25.63634564828836], [-80.30123470830806, 25.635542649281497], [-80.30120470906915, 25.63453464826426], [-80.30119570884831, 25.634226648528283], [-80.30106270877893, 25.634227648752223], [-80.2980277074724, 25.6343276484267], [-80.29802170852292, 25.634166648844865], [-80.29801170757888, 25.633776648143048], [-80.29785270757023, 25.63377964882615], [-80.29702970703951, 25.633805649073896], [-80.294698706438, 25.63387064845364], [-80.29343570569124, 25.633911649651544], [-80.29304270533086, 25.6339246493568], [-80.29303570565816, 25.63375364776284], [-80.29303270618342, 25.63367864846419], [-80.29293070607616, 25.631474647631958], [-80.29289070679154, 25.630606647143], [-80.29288870624337, 25.630427648470775], [-80.29288670569524, 25.63020064770095], [-80.29274270575519, 25.63018264792115], [-80.29250270555568, 25.630197647737834], [-80.29177970548241, 25.630217648030435], [-80.29174070602268, 25.6302136478102], [-80.2916787060984, 25.630219647735547], [-80.2916097056031, 25.630219648545467], [-80.29158270583892, 25.630214648067753], [-80.29109270629247, 25.63022464740313], [-80.28910470492431, 25.63026664849018], [-80.2890477041246, 25.630265648233063], [-80.28798070409472, 25.630283648000354], [-80.28787870398749, 25.63028364881028], [-80.28387670400684, 25.630318647270123], [-80.28298370405425, 25.63033764809587], [-80.28297570365834, 25.63028664796131], [-80.28287570230258, 25.625186646016243], [-80.2824897025132, 25.625192647004084], [-80.28295270229549, 25.624520647077052], [-80.2831857028223, 25.62252364612204], [-80.27851270174861, 25.621441646014315], [-80.27210169955201, 25.61995864567207], [-80.249775693726, 25.615795645165267], [-80.24864969234827, 25.615585645732843], [-80.22634668608848, 25.611330644227998], [-80.21899668390854, 25.61132664418539], [-80.21725668223749, 25.618202646913893], [-80.21643668387647, 25.625386648273345], [-80.21544768366441, 25.625386648273345], [-80.21349368352976, 25.634400650112337], [-80.21177968269632, 25.6423106528611], [-80.20862268208934, 25.65687565602327], [-80.2085426817234, 25.657201656179573], [-80.20597368147052, 25.65718465645425], [-80.20478968126478, 25.657188656580363], [-80.15576866741436, 25.65733565707337], [-80.15560066628656, 25.657336657103645], [-80.13947066167367, 25.65738465773727], [-80.12476965748888, 25.65733465866257], [-80.10014765122145, 25.65731865898663], [-80.10045264992165, 25.656214658349246], [-80.1011226511898, 25.654424658109477], [-80.1023326522331, 25.651604657625544], [-80.10310265126371, 25.650044657237054], [-80.10373265055226, 25.64885465671856], [-80.10400265178733, 25.6461346560877], [-80.10777265106606, 25.606634647044018], [-80.10706265051326, 25.604734644838143], [-80.10622265116243, 25.60206464425812], [-80.10565264945342, 25.599854643713794], [-80.10513265066805, 25.59724464316029], [-80.10476264897557, 25.594614643403496], [-80.10456264985733, 25.592154641748362], [-80.10449264953715, 25.590064641993987], [-80.10451264962862, 25.58798464100609], [-80.10461264918774, 25.58627464052182], [-80.10478264996536, 25.58438463970045], [-80.10498264998189, 25.58288463933146], [-80.10527265041013, 25.581194639284455], [-80.10478264996536, 25.579364638937104], [-80.10430265046465, 25.577124637971576], [-80.10381264912156, 25.57394463771845], [-80.10354264968315, 25.57074463594875], [-80.10351264954592, 25.567524635935374], [-80.103652649288, 25.56488463543255], [-80.10400264819404, 25.561874635168625], [-80.10450264958288, 25.559084633573846], [-80.10507264949527, 25.556694633026815], [-80.10602264934927, 25.553614633195853], [-80.10733264995169, 25.550244631970354], [-80.10859264942708, 25.5472646304262], [-80.10954265017938, 25.544794630082308], [-80.11055265030784, 25.542534629038506], [-80.11080265055308, 25.54201462901694], [-80.11167565131248, 25.540305628845307], [-80.11591665166775, 25.54131062912266], [-80.11955665304676, 25.541279628888386], [-80.12059565258922, 25.534069627379786], [-80.13520465850912, 25.537504627645742], [-80.15245866215496, 25.541824627838594], [-80.16353566575256, 25.54462562943566], [-80.16837466830424, 25.545849628738004], [-80.17499466804327, 25.547609629058293], [-80.17546466929487, 25.547734629210318], [-80.23657968744234, 25.53152562449054], [-80.24973969104605, 25.53154762398911], [-80.31526171012842, 25.532613622123435], [-80.31552470989418, 25.532617622364732], [-80.31668470981045, 25.53263762275864], [-80.32332471233589, 25.53412062232939], [-80.32396671311665, 25.53426162270101], [-80.32515171314726, 25.534525623364992], [-80.32528471321665, 25.53461962385412], [-80.32576971274024, 25.534963622963694], [-80.32602171353362, 25.535090623005303], [-80.32608771365588, 25.535102623480963], [-80.33109271499058, 25.53744562343768], [-80.33129171518222, 25.53749162313537], [-80.3313127150986, 25.537543623336244], [-80.33189971562776, 25.537536623404044], [-80.33325771501242, 25.537521623316362], [-80.33544571639713, 25.53749762284795], [-80.33809771738903, 25.537503624181333], [-80.33898571731874, 25.53749562321397], [-80.34751071948357, 25.53741962331881], [-80.34750971965865, 25.537284623140977], [-80.34750871983374, 25.537179622267164], [-80.34740571900326, 25.530472621149563], [-80.34730371979433, 25.529744621191227], [-80.34841072000717, 25.529738621090818], [-80.3495187200449, 25.529733621277117], [-80.35152472005808, 25.529799620746655], [-80.3530237217047, 25.529853620801468], [-80.35565472098357, 25.52982262084803], [-80.35774072226101, 25.52982462060993], [-80.35979572357634, 25.52980162050894], [-80.36394372494347, 25.529865620179876], [-80.3638847235956, 25.525329618844644], [-80.36389972276591, 25.522228619009994], [-80.36396172448681, 25.52031561841114], [-80.36391872393081, 25.51961161762363], [-80.36391572445606, 25.51955261920677], [-80.36391072353487, 25.519470617868876], [-80.3639037238622, 25.519360618180908], [-80.36391272318468, 25.51897761720575], [-80.3639187248291, 25.518708616914125], [-80.37194072702869, 25.51848461776027], [-80.3748417266443, 25.518376617932006], [-80.38001672875663, 25.51834461787415], [-80.38288372983368, 25.518348617780514], [-80.38408672940766, 25.51832461671897], [-80.38464973054566, 25.518331616961525], [-80.38546673033028, 25.5183326165329], [-80.38774873052797, 25.51830061727399], [-80.38788573079533, 25.518295617794358], [-80.38810573090336, 25.518292617457934], [-80.3881157309491, 25.519056616941793], [-80.38814173088838, 25.520093617316594], [-80.38816173097985, 25.52203961845486], [-80.38896473141908, 25.522034618320323], [-80.38977673118082, 25.52203761775254], [-80.39089273161447, 25.522033618779783], [-80.3916207317106, 25.522024618050626], [-80.39210073210963, 25.522018618374805], [-80.3931687319644, 25.522016616861478], [-80.39391473340052, 25.52202361851001], [-80.39622173371258, 25.522004617508728], [-80.40023073336593, 25.521973617148603], [-80.40027773411991, 25.521960617439753], [-80.40031573465305, 25.52193861780454], [-80.40069073457178, 25.521932618124417], [-80.40110973487145, 25.521923618198343], [-80.40032673452372, 25.522748618074754], [-80.39757973309727, 25.525647619226916], [-80.39753073449009, 25.525698619378048], [-80.39808373468406, 25.525690619244514], [-80.39878073481806, 25.525680618468872], [-80.40007473462865, 25.52567561929668], [-80.40047873485968, 25.52577161925465], [-80.40065473458677, 25.525853618718834], [-80.40072173363559, 25.525885620016936], [-80.40095873525871, 25.526059619478325], [-80.4011207347421, 25.52622061862941], [-80.40124173511593, 25.52637561891711], [-80.40133773447708, 25.52660061905688], [-80.40173673558357, 25.528084619796193], [-80.40239573518441, 25.529213619249145], [-80.40245073453768, 25.529213620059753], [-80.40293673478449, 25.52921261976841], [-80.40452773559431, 25.529188619258537], [-80.40454973623393, 25.52995262070373], [-80.40456573612744, 25.53068262076859], [-80.40456873560218, 25.53161162029675], [-80.40548173564626, 25.531605621100322], [-80.40660573647583, 25.531596620278627], [-80.40710473714144, 25.531602620286108], [-80.40726173750028, 25.531589619999327], [-80.40742573663348, 25.531564620503886], [-80.40755073720527, 25.531530620176586], [-80.40770773666578, 25.531482620890156], [-80.40795873763427, 25.531385620365274], [-80.40806273739135, 25.53136962085612], [-80.40818773706481, 25.531354619997135], [-80.40843273638889, 25.531338620483854], [-80.40862473870445, 25.531333619926244], [-80.40863173747883, 25.53105061996323], [-80.41003673761749, 25.530999620466034], [-80.41079173747781, 25.53095162015653], [-80.41148573813707, 25.530945619305896], [-80.41264573805336, 25.530927619994575], [-80.41277773829785, 25.530925620251065], [-80.41279273836645, 25.531690620631462], [-80.41278773924189, 25.531737620374965], [-80.41279273746812, 25.532539620472402], [-80.41277473882309, 25.532760620163266], [-80.41275073853366, 25.532846620758168], [-80.41281873920403, 25.53461262050896], [-80.41461774042631, 25.532763620137928], [-80.41505973939387, 25.53228861970246], [-80.41618173967531, 25.531159620007994], [-80.41678974012086, 25.530548619772613], [-80.41799474024296, 25.529337619644334], [-80.41864473962298, 25.52864361962769], [-80.41988974082639, 25.527397617919227], [-80.42061874074746, 25.52658261909365], [-80.42087974086336, 25.526291618367665], [-80.42179674110538, 25.525454617902437], [-80.42233174085767, 25.524852617501633], [-80.42308874126614, 25.523990618084163], [-80.42330174170147, 25.524061617520687], [-80.42557774294971, 25.521672617105747], [-80.42592774185576, 25.521345617569047], [-80.42679174239437, 25.52041061661784], [-80.42806074298889, 25.5191416164458], [-80.42806574301176, 25.518995615877724], [-80.4283147425338, 25.519215615821906], [-80.42924474319463, 25.518232616388445], [-80.43060774350047, 25.516811615976582], [-80.43065574318106, 25.51677861591719], [-80.43069274388928, 25.51675261618336], [-80.43327974368553, 25.51409461530035], [-80.43411874410977, 25.513268614696273], [-80.43618874369706, 25.511144615769787], [-80.43802374490433, 25.509375614631338], [-80.43962974578277, 25.507750613070616], [-80.44059374588046, 25.506679613020093], [-80.44152974638908, 25.50567361323437], [-80.44422574686357, 25.502907611976987], [-80.44497274722629, 25.502183611477243], [-80.44554074748885, 25.501633612292906], [-80.44598574682946, 25.50122061200311], [-80.44666874761808, 25.500499611034652], [-80.44777074780804, 25.499335611242916], [-80.44624974731842, 25.499342610970967], [-80.44495774715767, 25.499364611503598], [-80.44308574614047, 25.499384611763173], [-80.44283574679352, 25.499382610683313], [-80.44203974602699, 25.499386611221382], [-80.44192774677232, 25.49937961068508], [-80.44143974597738, 25.49938261149412], [-80.44093274581418, 25.49938261149412], [-80.43993774575434, 25.49939961094216], [-80.43891274465896, 25.499422611193143], [-80.43695374450142, 25.499452611972185], [-80.43576474337452, 25.499455611968596], [-80.43482274301813, 25.499452611972185], [-80.43396374340074, 25.49946461195738], [-80.43291274236609, 25.49948161220462], [-80.4312647425532, 25.499478610587236], [-80.43088874280956, 25.499477610858907], [-80.43044474239555, 25.499495611643304], [-80.42964774270241, 25.49950261217285], [-80.42886074305505, 25.499509611891174], [-80.42801774153455, 25.499506611896116], [-80.42676474083353, 25.499527611859975], [-80.42470474129199, 25.49953361184898], [-80.42393974048763, 25.499540611565497], [-80.42262574058554, 25.499562612061858], [-80.42154974033487, 25.49957161123181], [-80.42046374003843, 25.499580612022715], [-80.41901373969394, 25.49957461203606], [-80.41895173976965, 25.499574611225256], [-80.41888273927437, 25.49957461203606], [-80.41888173944945, 25.49980961182985], [-80.41879773978387, 25.49980661265308], [-80.41877373949443, 25.49979761106831], [-80.41849373911194, 25.499785611927194], [-80.41833173873023, 25.49976861253378], [-80.41810173947478, 25.499756611768145], [-80.4179997384692, 25.49975061179028], [-80.41757873941803, 25.499728611328354], [-80.41758173889278, 25.49952661213205], [-80.41745973869403, 25.499522611598643], [-80.41725173828158, 25.499527611859975], [-80.41719373855526, 25.49952961212661], [-80.4168647386673, 25.49953861129904], [-80.4164567391366, 25.499541612104114], [-80.41558273855229, 25.499547612092417], [-80.41541673887093, 25.499548611820167], [-80.41516473807754, 25.49955161262499], [-80.41477073789224, 25.499556612074308], [-80.41509573937888, 25.499347612050606], [-80.41509473775733, 25.499253610691603], [-80.41509373793242, 25.49917661198188], [-80.41420273762967, 25.499219612562612], [-80.41418173771326, 25.499563612600294], [-80.4141277381849, 25.499563611789483], [-80.41323673698383, 25.49957461203606], [-80.41275573765822, 25.499581612561002], [-80.4123327371606, 25.49958661200907], [-80.41232473676467, 25.49898361188218], [-80.41230573739641, 25.49772661242703], [-80.41230373684827, 25.497607611339763], [-80.41225673789093, 25.494390610509818], [-80.41224373747214, 25.49235261139376], [-80.41224273764723, 25.492189611033126], [-80.41221673680964, 25.48779360929072], [-80.41221373643658, 25.487121609492647], [-80.41220573693899, 25.486765609882394], [-80.41219173669529, 25.48610960906894], [-80.4121787371748, 25.485461608300565], [-80.41217773645158, 25.485408608397275], [-80.41217173660378, 25.485128607571728], [-80.41209573733414, 25.481467607355782], [-80.41209273606277, 25.481295607102602], [-80.41207573724263, 25.48048360724256], [-80.41206973649655, 25.480296607263874], [-80.41198473790436, 25.47781060638811], [-80.41196173654151, 25.475886605494697], [-80.41194973684594, 25.47398860552022], [-80.41195373794221, 25.473758605229143], [-80.41195673651865, 25.473605605042227], [-80.41195873706678, 25.47350760566833], [-80.41197773733336, 25.472474605176444], [-80.41195173649577, 25.470404605269344], [-80.41194973684594, 25.470206603714708], [-80.41194773719613, 25.469738604642732], [-80.41192073653363, 25.462977602458135], [-80.41192073563532, 25.462931602604026], [-80.41192173635854, 25.462866602921252], [-80.41192173635854, 25.46281560285858], [-80.41216573675601, 25.462814602014276], [-80.41228873588133, 25.462816602891827], [-80.41339073696962, 25.46282960251217], [-80.41353373708475, 25.46282560237958], [-80.41453373716746, 25.462831602578415], [-80.41485173718478, 25.462838602810006], [-80.41512273734642, 25.462824603157472], [-80.4155437372959, 25.46282760163483], [-80.41569073671067, 25.462833602644626], [-80.4158737370088, 25.46282560237958], [-80.41594073785424, 25.462816602891827], [-80.4160077378014, 25.462819602180442], [-80.41607573757346, 25.46282960251217], [-80.41611373810662, 25.462828602479032], [-80.41653973807898, 25.462822602280053], [-80.41684973859869, 25.46282560237958], [-80.41701573828003, 25.462819602180442], [-80.4179577377381, 25.46281360279207], [-80.41829073872235, 25.462818602147227], [-80.41850373825936, 25.462812602758806], [-80.4188667384825, 25.462814602825333], [-80.41908373821751, 25.462806602559024], [-80.41935873857712, 25.462810602692244], [-80.41955773876875, 25.462802602425672], [-80.41985473886967, 25.462809602658954], [-80.42000573938073, 25.462804602492362], [-80.42000573938073, 25.46282960251217], [-80.42000573848242, 25.462900602410325], [-80.42016173901632, 25.462895602247517], [-80.42034973933731, 25.462899602377778], [-80.420414737838, 25.46289660309115], [-80.42088973911247, 25.46290260247539], [-80.42217073940257, 25.462892602960792], [-80.42246974005162, 25.462899603188834], [-80.42266373932208, 25.462896602280097], [-80.42273273981736, 25.46288560273234], [-80.42325374022427, 25.462882601823246], [-80.42391074107361, 25.462890602084506], [-80.42406773963583, 25.462892602149736], [-80.42406773963583, 25.462833601833566], [-80.42406574088432, 25.462795603003038], [-80.42456174027855, 25.46278360260148], [-80.42524374124224, 25.462785601857433], [-80.4253667412659, 25.462780602500906], [-80.42636374097555, 25.462782602567962], [-80.42756274035158, 25.462767601253155], [-80.42792674129797, 25.462782602567962], [-80.42817274134525, 25.462782602567962], [-80.4281757417183, 25.462832602611524], [-80.42817874029471, 25.462870602241427], [-80.4286767402371, 25.462864602855596], [-80.42941774165035, 25.46287360233976], [-80.42954174149891, 25.46286360201169], [-80.42997774151699, 25.46285460171572], [-80.43001474222523, 25.462848602329093], [-80.43134074182285, 25.46285160161692], [-80.43143974245538, 25.462844601386077], [-80.43152674249401, 25.462857601814456], [-80.43164374266988, 25.4628556025597], [-80.43165774201526, 25.46285260164986], [-80.43199174282442, 25.4628556025597], [-80.43219374249078, 25.46284560223014], [-80.43311674258061, 25.46286360201169], [-80.43316574298441, 25.462858601847348], [-80.43351674261368, 25.462856601781553], [-80.43364674320833, 25.462847602296115], [-80.43520574333279, 25.462865602077372], [-80.43572574391479, 25.462858601847348], [-80.43587974300226, 25.462864602044537], [-80.43619674409297, 25.462860601913107], [-80.43619874374279, 25.462806601747964], [-80.43619974356771, 25.462753601592354], [-80.43620474269227, 25.462628602173485], [-80.43933474533168, 25.46255560204403], [-80.44433174537215, 25.462546601725027], [-80.4513167476791, 25.462542602394084], [-80.45214374750945, 25.462542601583028], [-80.45235074899531, 25.462712601823227], [-80.45434574913784, 25.46270660161846], [-80.45632374956196, 25.462668601936766], [-80.45640174937976, 25.462666601867813], [-80.45735974962967, 25.462648601245732], [-80.45774875069041, 25.46264160181414], [-80.45896975160437, 25.46260460214692], [-80.45919775031169, 25.462589601620977], [-80.45980975095519, 25.462549601831437], [-80.4608017515403, 25.462575600317347], [-80.46178475100625, 25.4625786012341], [-80.4618467500322, 25.4625786012341], [-80.46234975089578, 25.462565602397692], [-80.46297475285637, 25.462546601725027], [-80.4690157533605, 25.462458601814607], [-80.4700947530859, 25.462462601148335], [-80.47118675412845, 25.462463601184513], [-80.47180975374428, 25.462472601509727], [-80.47201175430897, 25.46247060143752], [-80.47244175358097, 25.462467601329134], [-80.47309875443031, 25.46247060143752], [-80.47515375574561, 25.462484600320185], [-80.47610875472417, 25.46248360028418], [-80.47728975635346, 25.462491601383025], [-80.47729675512785, 25.46343360235276], [-80.47730275587395, 25.464282601324875], [-80.47730575534868, 25.465299602217716], [-80.47728875563025, 25.46617260194067], [-80.47731875486917, 25.466770602028465], [-80.47731575539441, 25.467398601435164], [-80.4773137557446, 25.467858601570484], [-80.47734375588183, 25.46841760272428], [-80.47735475575247, 25.468850602666876], [-80.47735975577535, 25.46905060317239], [-80.47738175551667, 25.4691986035757], [-80.47734375588183, 25.469278602775354], [-80.4773487559047, 25.46983660222155], [-80.4773477560798, 25.470236603676298], [-80.47735275610265, 25.470740603696452], [-80.4773787551436, 25.471655603612067], [-80.47738175641499, 25.47257760353069], [-80.47738875608766, 25.47349960449116], [-80.47739975595832, 25.47438760458333], [-80.47942275658828, 25.474394604953453], [-80.4793827564053, 25.473944604081105], [-80.47942675678624, 25.473466604698373], [-80.47943075608588, 25.472571603817947], [-80.47941675584218, 25.47164960385333], [-80.48145575726396, 25.47163460364418], [-80.48146575641138, 25.472555603771514], [-80.48149175814729, 25.473457604384684], [-80.48249975682927, 25.47345460373932], [-80.48352275737652, 25.473450603960018], [-80.48454475809886, 25.47344160445612], [-80.4855757581437, 25.47343760386541], [-80.4865757582264, 25.47344160364514], [-80.48757575920742, 25.47343860381035], [-80.48857075926726, 25.47343860381035], [-80.48876975766225, 25.473410603726794], [-80.4890517594912, 25.47341660420867], [-80.4893697595085, 25.47337460407321], [-80.48941175934131, 25.47336860358924], [-80.48960675843666, 25.473378603044047], [-80.49233576121807, 25.473384603527517], [-80.49363676070135, 25.47338760336364], [-80.49365076094504, 25.472691603692862], [-80.49362075990949, 25.471995602427327], [-80.49364976112012, 25.47158760227388], [-80.49363376032828, 25.471233602820266], [-80.494098761557, 25.4712286030038], [-80.49485976126512, 25.471224602339475], [-80.49558876118616, 25.471226603077156], [-80.49558976101109, 25.470961602770526], [-80.495590760836, 25.470503603085913], [-80.49559276138412, 25.469838602982314], [-80.49563876051656, 25.46970760214795], [-80.49598276137147, 25.469699603151017], [-80.49633076152602, 25.469690601744432], [-80.49704876157641, 25.469690602555442], [-80.49761976131371, 25.46968960257934], [-80.49765676202198, 25.46968960257934], [-80.49902076215274, 25.46968860260322], [-80.49965676218737, 25.469673602960533], [-80.49969276217239, 25.469672602173276], [-80.50088176240098, 25.46963360228219], [-80.5016297625886, 25.469623602516034], [-80.50364576354585, 25.469617602655937], [-80.50370676364521, 25.469617602655937], [-80.50570376343757, 25.469645602811493], [-80.50772876371735, 25.469659601670312], [-80.50872376377718, 25.469627602422594], [-80.50970376646335, 25.469608602865232], [-80.51385676695504, 25.46962260335038], [-80.51484276679405, 25.469582602655077], [-80.5164147673373, 25.469566602211028], [-80.51791076681424, 25.469592602424644], [-80.51951676769266, 25.46957660279294], [-80.52204976885885, 25.469570602119486], [-80.5230387681726, 25.469568602165275], [-80.52344277020026, 25.46956860297628], [-80.5241017698011, 25.469570602119486], [-80.5249097693649, 25.46957360286175], [-80.5250587693278, 25.46957360205074], [-80.52604576989005, 25.469577601958967], [-80.52819477001836, 25.469541601969134], [-80.52854677037087, 25.46954260194647], [-80.53014177137862, 25.4695266014971], [-80.53221877153695, 25.46951660172205], [-80.53417077202177, 25.46950360201323], [-80.53419977233409, 25.471420602294906], [-80.5342427719918, 25.47635560408244], [-80.53426277208327, 25.476776602392817], [-80.53428677147441, 25.477604603957936], [-80.5343277723806, 25.479558604192476], [-80.53432277235774, 25.48070160497715], [-80.53432177343113, 25.481127605316495], [-80.53430377298949, 25.48124660488267], [-80.53429377294376, 25.481312605054683], [-80.53430977283726, 25.481369605468952], [-80.53432377308096, 25.481489604673595], [-80.53433777332468, 25.481610605257313], [-80.53429277222051, 25.48217260536005], [-80.53432477290588, 25.48401860523731], [-80.5343757729595, 25.484140604753325], [-80.53440977239637, 25.48598860652651], [-80.53434877229701, 25.487787606282794], [-80.53435577286801, 25.48841860648602], [-80.53439177195472, 25.491439607216023], [-80.5343747731346, 25.493342607889296], [-80.53449777315824, 25.493545608341627], [-80.53447077339405, 25.495092609638117], [-80.53445677315035, 25.49870560891237], [-80.53444977347766, 25.500522609453412], [-80.53455177268661, 25.502418610220758], [-80.5345297738436, 25.505997611037344], [-80.53448977366064, 25.509611612728317], [-80.53453077366852, 25.5132926135259], [-80.53459577396585, 25.51600661331468], [-80.53457377332622, 25.517040613731332], [-80.53455477305964, 25.517091614297573], [-80.53755877530236, 25.51706961458054], [-80.53863077535509, 25.517054613555114], [-80.53865077454824, 25.51705861431516], [-80.54251577605818, 25.517015613636598], [-80.5426377753586, 25.5170316142491], [-80.54265677562518, 25.517038612945683], [-80.54276777595325, 25.517036613781382], [-80.54283877609836, 25.517035613388526], [-80.54292177593905, 25.517020613980236], [-80.54464777646807, 25.51701361366122], [-80.5463387777353, 25.51701461324357], [-80.54648877662483, 25.517010614103437], [-80.54766677788106, 25.51701961358725], [-80.5480977778763, 25.517012614078865], [-80.55029877878147, 25.517009613710368], [-80.55150577855342, 25.517007612924203], [-80.55411877918723, 25.517016614029615], [-80.55787578074214, 25.517015613636598], [-80.55813078101025, 25.51701661321893], [-80.55890678168528, 25.51701961358725], [-80.55914378061343, 25.51700961289968], [-80.5592817807057, 25.516993613094932], [-80.55942878101881, 25.51695361357375], [-80.5595287796796, 25.516910613668262], [-80.55960178127116, 25.516863612980966], [-80.55962378101246, 25.51683961324386], [-80.559639780906, 25.51679761288169], [-80.559787781044, 25.516777613900796], [-80.55984678149353, 25.51678561381783], [-80.55986378031365, 25.516757612484493], [-80.55988278058024, 25.51676361323401], [-80.55988378220178, 25.51679061336036], [-80.56000978080185, 25.516806613192163], [-80.5600277812435, 25.520463614048683], [-80.56012178095483, 25.526465615619014], [-80.56015478056679, 25.527960616484645], [-80.5600617815787, 25.52800961667108], [-80.56010978125927, 25.531078617150815], [-80.5601467819675, 25.53278361726515], [-80.56017678210473, 25.534876617968628], [-80.56019178127504, 25.536592618498418], [-80.56019278109994, 25.54145461998732], [-80.56019778202112, 25.541618620112025], [-80.56019178217335, 25.542307619519427], [-80.56020178132077, 25.542976619543172], [-80.56018978162521, 25.543418620576098], [-80.56020078149588, 25.543606620506818], [-80.56018478160233, 25.54409361945649], [-80.56020578151873, 25.54493261985395], [-80.5601947816481, 25.545539620750574], [-80.56019678219623, 25.545660620823615], [-80.56018478070402, 25.546287621014272], [-80.56019178307166, 25.547149621475985], [-80.56020078149588, 25.547220620981964], [-80.56019778202112, 25.548015621950427], [-80.56020578151873, 25.5499696216616], [-80.55899678119866, 25.54989262226055], [-80.55683578047645, 25.54992862086044], [-80.55479978032604, 25.549961621526148], [-80.55090077937923, 25.54998162145855], [-80.54971877882333, 25.54997562237069], [-80.54924877847004, 25.549973622134367], [-80.54845977827453, 25.5499696216616], [-80.54717377796158, 25.549973622134367], [-80.54684777665003, 25.549974621442065], [-80.54289277742336, 25.549985622741378], [-80.53993377628481, 25.55000362243394], [-80.53899177682673, 25.549985621930905], [-80.53892777545599, 25.549985621930905], [-80.53841477454671, 25.549984622623295], [-80.53499077487437, 25.549995621490286], [-80.53493477479788, 25.54999562230076], [-80.53494977396817, 25.55023362259015], [-80.53495777436409, 25.55181562303795], [-80.5349637751102, 25.553666623972074], [-80.53497577390745, 25.55722762441065], [-80.53504077420477, 25.560972625310097], [-80.53504477440273, 25.561088625071772], [-80.53509277498162, 25.562400625287022], [-80.53509577535468, 25.56465962529013], [-80.53303777456462, 25.56466962605602], [-80.53096177333292, 25.564671626047026], [-80.53079477472498, 25.564671626047026], [-80.5289757734112, 25.56468862596921], [-80.52893677395146, 25.56468862596921], [-80.52700077246185, 25.56469562674684], [-80.52697877272053, 25.5683286274788], [-80.52494077202196, 25.56831862701844], [-80.52494177184688, 25.568399627400908], [-80.52494277167179, 25.569216627915214], [-80.52502577241079, 25.571936628214992], [-80.52306677135496, 25.571966628687107], [-80.52199277075408, 25.571972628294432], [-80.52092777127235, 25.571972628294432], [-80.51895277032298, 25.57204562916509], [-80.51681977008819, 25.572055627693558], [-80.51679776944856, 25.572055628503875], [-80.51487076997641, 25.57206562865214], [-80.5128037680672, 25.572059628239156], [-80.5108657687244, 25.57207862860055], [-80.50672176575858, 25.572133627369325], [-80.50466576641499, 25.572205629019557], [-80.5025837653355, 25.572226628412295], [-80.49791476445976, 25.572279628059494], [-80.49450176375979, 25.5722676288753], [-80.49449376336385, 25.57404362875522], [-80.49453676391988, 25.57590962993572], [-80.49455376363831, 25.57768563007787], [-80.49458376377554, 25.579527631055125], [-80.49462676433157, 25.583043630528746], [-80.49435976346955, 25.583047631517392], [-80.49418476356738, 25.58306163173561], [-80.49364976291677, 25.583066630945034], [-80.4935477619112, 25.583078631477516], [-80.49280576336798, 25.58308163100277], [-80.49157976153283, 25.583087631673532], [-80.49154376244613, 25.583092631692118], [-80.49066876203689, 25.583095631217017], [-80.4905397630638, 25.58310863158811], [-80.49047576259137, 25.58310863077787], [-80.48965276206067, 25.583102631728643], [-80.48878476222244, 25.583110632081365], [-80.48825276194489, 25.583120631306144], [-80.48822676200561, 25.583121631147552], [-80.48762176103479, 25.58312363164059], [-80.48740276165002, 25.583133631674524], [-80.4869857618985, 25.583134631515826], [-80.48649876182678, 25.58313763184992], [-80.48559676165335, 25.583140631373688], [-80.48505976045462, 25.583143631707628], [-80.48501876134503, 25.583143631707628], [-80.48429776002328, 25.58315263108851], [-80.48346675999497, 25.58316363177133], [-80.483191761432, 25.583161632089208], [-80.4830317607001, 25.583169631627744], [-80.48252075944063, 25.583169632437986], [-80.48190375967258, 25.583169631627744], [-80.48184476012133, 25.583169631627744], [-80.48122275943209, 25.58317763116574], [-80.48071275979414, 25.583185632323687], [-80.47995575938569, 25.58319063233817], [-80.47935175913811, 25.583195632352446], [-80.47873175899699, 25.58320163220725], [-80.47864875915631, 25.58318563151344], [-80.47850875851593, 25.583183631831687], [-80.47851075906406, 25.583253631206375], [-80.47834475938271, 25.583270631731256], [-80.4783447584844, 25.583346631712836], [-80.47835875872809, 25.58517463229296], [-80.4784297588732, 25.58697963283663], [-80.47844175946709, 25.59020463427225], [-80.47843875999234, 25.590734634343402], [-80.47846875923126, 25.594293633972182], [-80.47648175858633, 25.594283634060783], [-80.47440675807785, 25.5943376350307], [-80.47031775626192, 25.594473635475033], [-80.46828875668253, 25.594537634629834], [-80.46647075609198, 25.59457763499563], [-80.46635875593898, 25.594579635297126], [-80.4622917538644, 25.594832635494082], [-80.45835475418107, 25.594957634967987], [-80.45622575234762, 25.595023635778222], [-80.4541337521207, 25.59509963639605], [-80.45212575245768, 25.595154635928267], [-80.45002675076142, 25.59523863600464], [-80.44602175040774, 25.595376635712707], [-80.44469874938652, 25.595404635692756], [-80.44370375022501, 25.59542663561461], [-80.44356874870917, 25.595428635901904], [-80.44197574914784, 25.595464636206607], [-80.4419167486983, 25.59546763623151], [-80.43936674781366, 25.59559463532633], [-80.4385927485851, 25.595633636411964], [-80.43770974688161, 25.59567863671402], [-80.43441974710358, 25.5957416362983], [-80.43409474651526, 25.595747636334128], [-80.43390974656732, 25.595751636087797], [-80.42968774647868, 25.5959586363227], [-80.42708174461922, 25.596052636408935], [-80.42566274423685, 25.596109636589], [-80.42363474268572, 25.596232636885006], [-80.4215137430448, 25.596234636348672], [-80.41936274236832, 25.5963266367559], [-80.41842074201195, 25.596366636523424], [-80.41784174187872, 25.59640463762693], [-80.41739874128962, 25.596428636015116], [-80.41643674174006, 25.59644763655853], [-80.4159207395594, 25.59647763655761], [-80.41344974011412, 25.596535636264445], [-80.41314274086577, 25.59655763759858], [-80.41303774038546, 25.59656563705161], [-80.41292574023247, 25.596575636772222], [-80.41276374074909, 25.596589637027797], [-80.41158873986588, 25.596591635675342], [-80.4108307396325, 25.596618635642344], [-80.40930573894494, 25.596689636606698], [-80.40708873904454, 25.596766636703467], [-80.40626273724247, 25.5967956368954], [-80.40583673906676, 25.596811637389393], [-80.40521973750207, 25.5968336362423], [-80.40462573730022, 25.596788636374797], [-80.40425973760233, 25.596804636059577], [-80.40318573789978, 25.596874637187042], [-80.40216673665219, 25.596912636508844], [-80.401702737045, 25.59691063705651], [-80.40122373647088, 25.596936636415403], [-80.39897673643326, 25.596990636997702], [-80.39724073585852, 25.597032636803625], [-80.39706773560613, 25.597087637067283], [-80.39707173580409, 25.59634563731552], [-80.39707473617715, 25.595631636938254], [-80.39707873637511, 25.594902636965518], [-80.39708173584984, 25.594230636055748], [-80.39708473532458, 25.593752636187563], [-80.3970857351495, 25.593473636841015], [-80.39705573591058, 25.593277636109452], [-80.39704273459347, 25.592759635523613], [-80.39706273468495, 25.59217263591328], [-80.397065735058, 25.591395635523053], [-80.39705073498938, 25.590478635051618], [-80.3970227354003, 25.589768635257098], [-80.39702773542317, 25.58913163547291], [-80.39703073489791, 25.58841763497785], [-80.39703573581907, 25.587450634393246], [-80.39704173476855, 25.58629863446041], [-80.39704873533957, 25.584893633544922], [-80.3970507358877, 25.584478634296637], [-80.39699273436476, 25.58083963262667], [-80.39698173539242, 25.57856763233541], [-80.39697873412105, 25.578036632780044], [-80.39693273498861, 25.57713763169867], [-80.39693673518659, 25.576352632543475], [-80.39694073538455, 25.5756166316544], [-80.39691973546815, 25.575206632189087], [-80.39689773482851, 25.57474863153317], [-80.39689273390732, 25.574636631686452], [-80.39688973443259, 25.57457663207274], [-80.39688973443259, 25.574545630720966], [-80.39690573522442, 25.573440630957304], [-80.39687773473705, 25.571565631560155], [-80.39686473521655, 25.57072463056876], [-80.3968697352394, 25.569814630205833], [-80.396852735521, 25.568885630165816], [-80.39683973420388, 25.56813063020143], [-80.39682873343492, 25.567526630206256], [-80.39683173470628, 25.567298629158493], [-80.39684673477488, 25.56611962940729], [-80.39684373440184, 25.56425562882002], [-80.39688973533092, 25.563618628594774], [-80.3970167346542, 25.56309062841016], [-80.39700873515659, 25.562261628059673], [-80.39697873501936, 25.562022628141513], [-80.39694173431113, 25.56184762817368], [-80.39687273561248, 25.561557628775514], [-80.39680973406665, 25.561280627364663], [-80.39678873415026, 25.561163627764135], [-80.39677373408163, 25.561009627901015], [-80.39675773418813, 25.560833628046584], [-80.39676273421098, 25.560612628240747], [-80.39676373493421, 25.56014462816416], [-80.3967487348656, 25.559575627322676], [-80.39674173429458, 25.559463627872727], [-80.39672373385292, 25.558755627363954], [-80.39671073433244, 25.558622626993873], [-80.39668173491845, 25.557874625915794], [-80.39666773377644, 25.555921627116106], [-80.39666573412661, 25.555123626497704], [-80.39662473411872, 25.554672626584463], [-80.39661873427094, 25.554407626438525], [-80.39662073392076, 25.554172626583398], [-80.39663773363921, 25.55403262620923], [-80.39666973432458, 25.55393362592697], [-80.39667473524575, 25.553875625838213], [-80.39667173487271, 25.55381362618738], [-80.3966517347812, 25.553717625985016], [-80.39659373415658, 25.553472626318744], [-80.39653473460535, 25.55330062629017], [-80.39650773394285, 25.55316462607395], [-80.39650773394285, 25.553020626582587], [-80.39654273410295, 25.552848625905252], [-80.39657773426308, 25.55268862612786], [-80.39659873417946, 25.552509625105603], [-80.39658173446102, 25.552131625930524], [-80.39683073488136, 25.551882625044254], [-80.39726773472437, 25.55144562576312], [-80.39701373428116, 25.551313625490714], [-80.39693573356503, 25.551272625149338], [-80.39678273430246, 25.55143762572619], [-80.39660273437742, 25.551630625759007], [-80.3964547342394, 25.55150962603933], [-80.39644573401857, 25.551495626184444], [-80.39632073434511, 25.551387625280665], [-80.39629773298226, 25.551411625399865], [-80.39625373439796, 25.551453625799514], [-80.39620473489246, 25.551412625506032], [-80.39597473384038, 25.55141462490789], [-80.3949197335061, 25.551421625650725], [-80.3943497335937, 25.55142562607502], [-80.39347373335956, 25.55143762572619], [-80.3930757329763, 25.55144062523356], [-80.39253173300317, 25.55144562495266], [-80.39163773232735, 25.551453625799514], [-80.39059373186372, 25.551466625553594], [-80.38981573243717, 25.551475625694234], [-80.38892273158629, 25.551486626855766], [-80.38843473258798, 25.55148862625639], [-80.3864097314099, 25.55151462575555], [-80.3842787308249, 25.55152662620826], [-80.3821457296918, 25.551538625849314], [-80.38085472935595, 25.551546625879503], [-80.38020873017388, 25.551588625421385], [-80.3793737290493, 25.55162562523717], [-80.37816172835618, 25.551630626569462], [-80.37716072844856, 25.551636626384933], [-80.37718072854005, 25.55205362619677], [-80.37706772856215, 25.552026625903046], [-80.37625072787922, 25.551639625887326], [-80.3760087280299, 25.551633626072007], [-80.37553472837698, 25.55163062737992], [-80.3749747285103, 25.551633626882467], [-80.37428472715068, 25.551633626072007], [-80.37409172770515, 25.551633626072007], [-80.37207372709808, 25.551633626072007], [-80.37209972703735, 25.55313162710066], [-80.37212272660358, 25.55440062668056], [-80.37213172682439, 25.556579626642453], [-80.37213272754764, 25.556813627388888], [-80.37213472719745, 25.557262628043595], [-80.37213572702235, 25.557530627713714], [-80.37214272759337, 25.559057628381137], [-80.3713077264688, 25.559053627401227], [-80.37050772640262, 25.559058629233903], [-80.36970072666377, 25.55906362782474], [-80.36888872690204, 25.559068628036187], [-80.36810372600617, 25.55907462828964], [-80.36780072605747, 25.55908262781671], [-80.36725672608434, 25.55909762763763], [-80.36627272499685, 25.559090628964064], [-80.36433572547894, 25.559120628602017], [-80.36411172517296, 25.559131628251283], [-80.36411972556887, 25.55929362842072], [-80.36411772502075, 25.559667628355445], [-80.36309272482367, 25.559502628575835], [-80.36271572525513, 25.559441628634154], [-80.36152072428045, 25.559260627893718], [-80.36121272430886, 25.559266628137554], [-80.36104172460463, 25.559270628299952], [-80.36050072410626, 25.559280627894946], [-80.35979272410158, 25.559289629069497], [-80.35957772311814, 25.55929262756992], [-80.3594567236426, 25.559293627610312], [-80.35930572313156, 25.559295627691075], [-80.35912872357956, 25.559297627771805], [-80.35906172453072, 25.559300629513647], [-80.35824072275152, 25.559402628721593], [-80.35785772333519, 25.55949062811149], [-80.35766872318929, 25.559598628195292], [-80.35754472244243, 25.55966962842996], [-80.35707572281237, 25.559962629261427], [-80.35687672262075, 25.56020862865658], [-80.35666172253558, 25.560473628128342], [-80.356245722609, 25.561194628528295], [-80.35610472304198, 25.5613606292422], [-80.35593872246231, 25.56173162833658], [-80.35597272279752, 25.562104628746987], [-80.35598872269104, 25.56282562905493], [-80.35599672398527, 25.563554629924194], [-80.35599972256169, 25.564661630143515], [-80.35602372285112, 25.565769629842343], [-80.35603272307196, 25.56649163075943], [-80.35603472272179, 25.56662763043381], [-80.35753172292196, 25.566624630496282], [-80.3576957229535, 25.566624629685926], [-80.3578937233202, 25.56662962958176], [-80.35801772316876, 25.566630630371257], [-80.35873672394237, 25.566632630329515], [-80.35884372317419, 25.566629630392114], [-80.35891172384457, 25.56662862960261], [-80.35931072315444, 25.566628630412964], [-80.35986972409447, 25.56660063018302], [-80.36018672428689, 25.566606629248845], [-80.36053672409128, 25.566562630149896], [-80.36091472438302, 25.56649163075943], [-80.36116272318183, 25.566474629472445], [-80.36122672455257, 25.56648063016529], [-80.36186572406193, 25.566446630016852], [-80.36204372433716, 25.566444630055493], [-80.362200724696, 25.56643563022894], [-80.36244772456821, 25.566439630151933], [-80.3627927243497, 25.566448629978186], [-80.36310472451925, 25.56643563022894], [-80.36314672525036, 25.56830562990321], [-80.36314972472508, 25.56843863086691], [-80.36347872461305, 25.568440630794978], [-80.3637627251935, 25.568427630451612], [-80.3644597253275, 25.568634630141286], [-80.36478072571786, 25.568702630806833], [-80.36592672449214, 25.56894463186118], [-80.36777372629328, 25.569334630140368], [-80.36857272653455, 25.56950363078297], [-80.37106472679456, 25.569826629635838], [-80.37189372807134, 25.56992563055987], [-80.37228672753342, 25.56998163026872], [-80.37228772735833, 25.5700516316912], [-80.3722927282795, 25.57117163105837], [-80.37235972732836, 25.573411630777034], [-80.37242972764855, 25.575691632541055], [-80.37071972791135, 25.57745063294764], [-80.36938572701949, 25.57882163385648], [-80.36851272715839, 25.57972163269379], [-80.36682872646217, 25.581443633523016], [-80.36629872583443, 25.582031633764142], [-80.36639972521844, 25.582292634164943], [-80.36646272586596, 25.582454633792157], [-80.3662127256207, 25.582716634735764], [-80.36614372602374, 25.58258163373669], [-80.36603372641888, 25.582353634620492], [-80.36574672546537, 25.582614634319075], [-80.3652047260404, 25.58325063411617], [-80.36312972463361, 25.585345636147366], [-80.36124872429387, 25.587311635458146], [-80.35959372390997, 25.5890406358056], [-80.35875772385877, 25.590021635906723], [-80.35873572411748, 25.59005063611353], [-80.35797872370902, 25.591081636132646], [-80.35774172298424, 25.591431636231334], [-80.35729372416888, 25.592183636577012], [-80.35727472390232, 25.59221463660078], [-80.35725572453406, 25.592247636957012], [-80.35674872347255, 25.593147636902103], [-80.35623972365953, 25.594187637137317], [-80.35534572298371, 25.596093637621408], [-80.35418372251928, 25.598595638537237], [-80.35332172342717, 25.60046664016403], [-80.35318372423322, 25.600669639130114], [-80.35317372328917, 25.600874638757922], [-80.35253172340676, 25.60230164020536], [-80.35198972218512, 25.603569639043332], [-80.3515707236821, 25.604417640161888], [-80.35118272244627, 25.605225640905324], [-80.35079172263401, 25.606092639820552], [-80.3504037213982, 25.606912641156722], [-80.35003172275083, 25.60774264051566], [-80.34963772256552, 25.60858364055775], [-80.34835672227544, 25.61138264152948], [-80.34805172088026, 25.612048642416717], [-80.34749972230784, 25.613224642883132], [-80.34717572244276, 25.613927642416776], [-80.34676272109256, 25.614883641757654], [-80.34637672130317, 25.61646064295839], [-80.3463287216226, 25.61669264334217], [-80.34611772173541, 25.617712643763987], [-80.34610672006812, 25.617771643251206], [-80.34574172109346, 25.618741644331887], [-80.34559572060527, 25.61913264425838], [-80.34593572126221, 25.61926364391238], [-80.34642872118171, 25.619453644509434], [-80.34664672163993, 25.619537643713613], [-80.34795672224234, 25.62008564467101], [-80.34877372202693, 25.62033664367311], [-80.34850372169021, 25.621055643975655], [-80.34854772207113, 25.621255645049146], [-80.34775472167767, 25.621334644566897], [-80.3478757220515, 25.623031644980973], [-80.34795172132115, 25.623279644946642], [-80.34843172172017, 25.623552644943878], [-80.34980772244484, 25.62392464510184], [-80.35074272312852, 25.624081645106116], [-80.35169072153606, 25.624191645017135], [-80.35177072369865, 25.6253966447731], [-80.35190572251953, 25.627862646034497], [-80.35198272341076, 25.627965645388738], [-80.35214972381533, 25.62799564638706], [-80.35373672352887, 25.62791164584059], [-80.35384472258559, 25.62779764500446], [-80.35388372384195, 25.62857564638821], [-80.3536127236803, 25.628584646399553], [-80.35172972189413, 25.62864564510864], [-80.34982972308447, 25.62870764486669], [-80.34817872200018, 25.628745645407914], [-80.34810472148203, 25.6287466464877], [-80.34811772190082, 25.629131646895445], [-80.34814172219026, 25.62960564598313], [-80.34831172206958, 25.63002364650873], [-80.34851272191102, 25.63033264600325], [-80.34853372182742, 25.630363646663284], [-80.34894372190625, 25.630955647090243], [-80.34916872203716, 25.631109646821546], [-80.34941772335581, 25.631186646612726], [-80.34981872231549, 25.6311746468589], [-80.34984772262781, 25.631263646354252], [-80.34990772200395, 25.63144564775482], [-80.34996272225553, 25.632393647547584], [-80.35000572281156, 25.633308647563183], [-80.35004472227129, 25.63421464827005], [-80.35007972153308, 25.635130647506124], [-80.35011372276658, 25.636082648032396], [-80.35011972351268, 25.63699264874031], [-80.35016772319327, 25.63811664882932], [-80.35020372317827, 25.638926648822938], [-80.35025272358207, 25.639744648791865], [-80.35027772279811, 25.641579649807976], [-80.35034672239509, 25.643439649771267], [-80.35042672276103, 25.645186650413656], [-80.35046072309622, 25.646430650364266], [-80.35046972331706, 25.64666465188612], [-80.35049172305835, 25.64722365109992], [-80.35051472352289, 25.64808665170373], [-80.35051172314985, 25.648884651657998], [-80.35053672326421, 25.649477651844194], [-80.35053972363725, 25.649537651119847], [-80.35054272401031, 25.649612651791575], [-80.35059172351579, 25.65075165173921], [-80.35003272437235, 25.65074865229254], [-80.34908372254665, 25.650802651228723], [-80.34821172251047, 25.65085865192922], [-80.34774372270533, 25.650815650714044], [-80.34696472165724, 25.650834651516544], [-80.34603472189472, 25.65087765191508], [-80.3445327216717, 25.65091465179364], [-80.34352272154325, 25.65095465191207], [-80.34251472106463, 25.65098565207561], [-80.34194172077918, 25.651025652170247], [-80.34150672148431, 25.651030651776235], [-80.34048172038894, 25.65104265196346], [-80.33847072035286, 25.651144651481715], [-80.33640472006522, 25.651191652905524], [-80.33440671865131, 25.65127665253894], [-80.33441771852198, 25.651765652311806], [-80.33441571887214, 25.652027651946774], [-80.33445171885715, 25.652706652201942], [-80.3344477177609, 25.653433653245493], [-80.3344697184005, 25.654172652970257], [-80.33454071854561, 25.65494265292083], [-80.33632371897606, 25.654885654086524], [-80.33738271950831, 25.654868653221378], [-80.33854171959965, 25.654842653513047], [-80.33953072071003, 25.654803653130163], [-80.34060172003954, 25.654789652408237], [-80.3416137198178, 25.654743652453927], [-80.34263972073808, 25.654722652979384], [-80.34266972087532, 25.65589165400317], [-80.34273572099757, 25.65845265408579], [-80.34277772083036, 25.659747653086978], [-80.34279772002353, 25.66030965417589], [-80.34283372090685, 25.6608416542132], [-80.34280472149284, 25.66140565499746], [-80.3427957203737, 25.6615826558049], [-80.34282672123415, 25.66276565496827], [-80.34289872120418, 25.66392765506819], [-80.34293172261276, 25.665816656048335], [-80.3417257208691, 25.665825655680475], [-80.34092472097804, 25.66587865592947], [-80.33789072039474, 25.665974655969116], [-80.3368557192536, 25.6660016556374], [-80.33600771950687, 25.66602465708933], [-80.33555671942015, 25.666036656577766], [-80.334897718921, 25.666054655808157], [-80.33118271809722, 25.666166656626203], [-80.33082871809488, 25.666176656188075], [-80.32875571723622, 25.666249656203064], [-80.32823971775049, 25.6662656563002], [-80.32673071695646, 25.66631365738841], [-80.32473771556542, 25.666387656464217], [-80.32470371612855, 25.666388656418587], [-80.3239817158802, 25.66640765635973], [-80.32362971552767, 25.6664056564513], [-80.32517271665691, 25.66309465516525], [-80.32707171653999, 25.658982654276247], [-80.32839771703594, 25.65624165374926], [-80.3289037164759, 25.655159653930536]]]}}]}