{"type":"FeatureCollection","crs":{"type":"name","properties":{"name":"EPSG:4326"}},"features":[{"type":"Feature","geometry":{"type":"Polygon","coordinates":[[[-80.3204,25.8298],[-80.3208,25.8298],[-80.3208,25.8307],[-80.3205,25.8307],[-80.3204,25.8298]]]},"properties":{"ZIPCODE":"33195"}},{"type":"Feature","geometry":{"type":"Polygon","coordinates":[[[-80.3862,25.6298],[-80.3849,25.6288],[-80.3843,25.6285],[-80.3823,25.6285],[-80.3822,25.6273],[-80.3822,25.6264],[-80.3808,25.6264],[-80.3808,25.6247],[-80.3803,25.6239],[-80.3796,25.6226],[-80.3794,25.6208],[-80.3793,25.6188],[-80.3792,25.6159],[-80.379,25.6126],[-80.3817,25.6125],[-80.3817,25.6117],[-80.3817,25.611],[-80.3816,25.6103],[-80.3815,25.6091],[-80.3815,25.6085],[-80.3815,25.6071],[-80.3815,25.6068],[-80.3814,25.6062],[-80.3804,25.6062],[-80.3803,25.6051],[-80.3794,25.6051],[-80.3793,25.6033],[-80.3812,25.6032],[-80.3814,25.6034],[-80.3813,25.6028],[-80.3811,25.602],[-80.3811,25.6013],[-80.381,25.5998],[-80.381,25.5991],[-80.3809,25.5984],[-80.3809,25.5976],[-80.3809,25.5969],[-80.3809,25.5965],[-80.3805,25.5966],[-80.3805,25.5963],[-80.3809,25.5962],[-80.3809,25.5962],[-80.3809,25.5947],[-80.3809,25.5933],[-80.3809,25.5926],[-80.3809,25.5921],[-80.3808,25.5918],[-80.3807,25.591],[-80.3806,25.5898],[-80.3806,25.5891],[-80.3806,25.5884],[-80.3802,25.5884],[-80.3802,25.5867],[-80.3802,25.5852],[-80.3802,25.5848],[-80.3802,25.5845],[-80.3801,25.5826],[-80.3801,25.5809],[-80.3801,25.5805],[-80.3801,25.5784],[-80.38,25.5776],[-80.38,25.5764],[-80.3799,25.576],[-80.3799,25.5758],[-80.3798,25.5756],[-80.3796,25.5753],[-80.3795,25.5751],[-80.3792,25.5748],[-80.3788,25.5744],[-80.3784,25.5741],[-80.3779,25.5736],[-80.3776,25.5734],[-80.3772,25.5731],[-80.377,25.5731],[-80.377,25.5729],[-80.3768,25.5729],[-80.3765,25.5727],[-80.3765,25.5723],[-80.3806,25.5681],[-80.3823,25.5664],[-80.3823,25.5664],[-80.3826,25.5664],[-80.3826,25.568],[-80.3831,25.568],[-80.3831,25.5663],[-80.3836,25.5663],[-80.3836,25.5672],[-80.3845,25.5672],[-80.3845,25.5667],[-80.3866,25.5667],[-80.3866,25.5663],[-80.3874,25.5663],[-80.3874,25.5666],[-80.3881,25.5666],[-80.3881,25.5663],[-80.3884,25.5663],[-80.3884,25.5666],[-80.3886,25.5666],[-80.3886,25.5663],[-80.3888,25.5663],[-80.3907,25.5663],[-80.3907,25.5671],[-80.3912,25.5671],[-80.3912,25.5663],[-80.3917,25.5663],[-80.3918,25.5674],[-80.3928,25.5674],[-80.3928,25.5662],[-80.3938,25.5661],[-80.3941,25.5661],[-80.3942,25.5671],[-80.3948,25.5671],[-80.3948,25.5661],[-80.3956,25.5661],[-80.3956,25.5674],[-80.3967,25.5674],[-80.3968,25.567],[-80.3968,25.5662],[-80.3989,25.5661],[-80.3989,25.5679],[-80.3999,25.5679],[-80.3999,25.5661],[-80.403,25.5661],[-80.407,25.5661],[-80.411,25.566],[-80.411,25.5669],[-80.4131,25.5669],[-80.4131,25.566],[-80.4141,25.566],[-80.4142,25.5697],[-80.4152,25.5697],[-80.4152,25.566],[-80.4192,25.566],[-80.4234,25.5659],[-80.4234,25.5673],[-80.4234,25.5683],[-80.4235,25.5687],[-80.4237,25.5691],[-80.4241,25.5694],[-80.4246,25.5696],[-80.4254,25.5696],[-80.4274,25.5695],[-80.4274,25.5695],[-80.4294,25.5695],[-80.4293,25.5737],[-80.4293,25.576],[-80.4293,25.5769],[-80.4294,25.5806],[-80.4281,25.5806],[-80.4281,25.5818],[-80.4266,25.5818],[-80.4266,25.5843],[-80.4294,25.5843],[-80.4294,25.588],[-80.4275,25.588],[-80.4276,25.5911],[-80.4286,25.5911],[-80.4286,25.592],[-80.4295,25.592],[-80.4295,25.596],[-80.4296,25.5998],[-80.4296,25.6004],[-80.429,25.6009],[-80.4291,25.601],[-80.4297,25.6007],[-80.4297,25.601],[-80.4298,25.6013],[-80.4299,25.6037],[-80.4281,25.6037],[-80.4281,25.6048],[-80.4299,25.6047],[-80.4299,25.6074],[-80.43,25.6099],[-80.43,25.6111],[-80.4296,25.6111],[-80.4296,25.6116],[-80.4296,25.612],[-80.4301,25.612],[-80.4301,25.6128],[-80.4302,25.6152],[-80.4304,25.6183],[-80.4304,25.6187],[-80.4299,25.6187],[-80.43,25.6197],[-80.43,25.6219],[-80.4301,25.6232],[-80.4301,25.6236],[-80.4302,25.6236],[-80.4302,25.6236],[-80.4302,25.624],[-80.4302,25.6243],[-80.4301,25.6243],[-80.4302,25.6246],[-80.4302,25.6256],[-80.4302,25.6257],[-80.427,25.6259],[-80.4228,25.6261],[-80.4202,25.6261],[-80.4169,25.6262],[-80.417,25.6272],[-80.4172,25.6275],[-80.4175,25.6278],[-80.4165,25.6279],[-80.4163,25.6279],[-80.4147,25.6279],[-80.4147,25.6268],[-80.4143,25.6268],[-80.4136,25.6268],[-80.4134,25.6266],[-80.4134,25.6263],[-80.4119,25.6263],[-80.4095,25.6264],[-80.4074,25.6265],[-80.404,25.6266],[-80.4,25.6267],[-80.398,25.6267],[-80.3949,25.6268],[-80.3902,25.627],[-80.3902,25.6276],[-80.3896,25.6276],[-80.3897,25.6282],[-80.3891,25.6282],[-80.3891,25.6289],[-80.3895,25.6289],[-80.3896,25.6297],[-80.3879,25.6297],[-80.3862,25.6298]]]},"properties":{"ZIPCODE":"33177"}},{"type":"Feature","geometry":{"type":"Polygon","coordinates":[[[-80.1209,25.8445],[-80.1206,25.8444],[-80.1195,25.8444],[-80.1195,25.8444],[-80.1194,25.8444],[-80.1196,25.8419],[-80.1197,25.8385],[-80.1195,25.8371],[-80.1193,25.834],[-80.1198,25.8302],[-80.1199,25.8284],[-80.1206,25.8183],[-80.1222,25.8076],[-80.1255,25.7993],[-80.1279,25.8001],[-80.1298,25.7992],[-80.1299,25.7992],[-80.1301,25.7998],[-80.1303,25.7999],[-80.1307,25.7995],[-80.131,25.7994],[-80.1312,25.7998],[-80.132,25.8001],[-80.1322,25.8003],[-80.132,25.8018],[-80.1332,25.8019],[-80.1335,25.8],[-80.1357,25.8004],[-80.137,25.798],[-80.1395,25.7963],[-80.1399,25.7966],[-80.1403,25.7962],[-80.1405,25.796],[-80.1407,25.7959],[-80.1413,25.7957],[-80.1418,25.7967],[-80.1419,25.7966],[-80.1423,25.7966],[-80.1428,25.7966],[-80.1434,25.7965],[-80.145,25.7965],[-80.1451,25.7965],[-80.1452,25.7965],[-80.145,25.7969],[-80.1807,25.7959],[-80.1802,25.7997],[-80.1776,25.8049],[-80.1733,25.8107],[-80.1722,25.8142],[-80.1714,25.8202],[-80.171,25.8288],[-80.1714,25.8332],[-80.1644,25.8333],[-80.1582,25.8341],[-80.153,25.8355],[-80.1486,25.8374],[-80.144,25.8394],[-80.1378,25.841],[-80.1348,25.8423],[-80.1302,25.843],[-80.1304,25.8432],[-80.1297,25.8438],[-80.1292,25.8434],[-80.1295,25.8431],[-80.1279,25.8433],[-80.1274,25.8434],[-80.1272,25.8431],[-80.1269,25.8431],[-80.1271,25.8435],[-80.1243,25.8439],[-80.1241,25.8431],[-80.1237,25.8419],[-80.1236,25.8418],[-80.1235,25.8417],[-80.1234,25.8417],[-80.1233,25.8416],[-80.1232,25.8416],[-80.1231,25.8417],[-80.123,25.8417],[-80.1229,25.8418],[-80.1228,25.8419],[-80.1226,25.8427],[-80.1226,25.8433],[-80.1228,25.8441],[-80.1219,25.8443],[-80.1212,25.8444],[-80.1213,25.8443],[-80.1213,25.8443],[-80.1214,25.8442],[-80.1214,25.8441],[-80.1214,25.844],[-80.1214,25.844],[-80.1211,25.844],[-80.1211,25.8444],[-80.1211,25.8444],[-80.1209,25.8445]]]},"properties":{"ZIPCODE":"33140"}},{"type":"Feature","geometry":{"type":"Polygon","coordinates":[[[-80.1867,25.9144],[-80.1867,25.9135],[-80.1862,25.9135],[-80.1862,25.914],[-80.1855,25.914],[-80.1851,25.914],[-80.1836,25.914],[-80.1805,25.9141],[-80.1805,25.9136],[-80.18,25.9137],[-80.18,25.9137],[-80.1796,25.9137],[-80.1796,25.9138],[-80.1785,25.9139],[-80.1785,25.9138],[-80.1774,25.9138],[-80.1775,25.9142],[-80.1765,25.9143],[-80.176,25.9143],[-80.176,25.9137],[-80.1755,25.9137],[-80.1755,25.9139],[-80.1751,25.9139],[-80.1751,25.9139],[-80.1732,25.914],[-80.1719,25.914],[-80.1719,25.9141],[-80.1715,25.9141],[-80.1715,25.9142],[-80.1711,25.9142],[-80.1711,25.914],[-80.1707,25.9141],[-80.1691,25.9141],[-80.1678,25.9142],[-80.1675,25.9142],[-80.1671,25.9142],[-80.1671,25.9138],[-80.1674,25.9138],[-80.1674,25.9137],[-80.1674,25.9135],[-80.167,25.9135],[-80.167,25.9131],[-80.1674,25.9131],[-80.1673,25.9111],[-80.1665,25.9111],[-80.1664,25.9103],[-80.1673,25.9102],[-80.1672,25.9099],[-80.1668,25.9099],[-80.1668,25.9096],[-80.1672,25.9096],[-80.1672,25.9089],[-80.1668,25.9089],[-80.1667,25.9087],[-80.1672,25.9087],[-80.1672,25.9084],[-80.1672,25.9083],[-80.1667,25.9083],[-80.1667,25.9075],[-80.1671,25.9075],[-80.1671,25.9072],[-80.1666,25.9072],[-80.1666,25.9071],[-80.1671,25.9071],[-80.1671,25.9065],[-80.1666,25.9065],[-80.1666,25.9059],[-80.167,25.9059],[-80.167,25.9056],[-80.1666,25.9056],[-80.1665,25.904],[-80.1665,25.9038],[-80.1665,25.903],[-80.1666,25.903],[-80.1666,25.9026],[-80.1669,25.9026],[-80.1669,25.9021],[-80.1668,25.9003],[-80.1667,25.8994],[-80.1659,25.8994],[-80.1659,25.8991],[-80.1661,25.8989],[-80.1664,25.8989],[-80.1664,25.8985],[-80.1662,25.8984],[-80.1664,25.8981],[-80.1663,25.8979],[-80.1664,25.8978],[-80.1661,25.8975],[-80.1665,25.8971],[-80.1663,25.897],[-80.1648,25.8985],[-80.1647,25.8984],[-80.1648,25.8977],[-80.1661,25.8965],[-80.1666,25.8963],[-80.1664,25.8932],[-80.1659,25.8933],[-80.1658,25.892],[-80.1649,25.8921],[-80.1649,25.8918],[-80.1649,25.8917],[-80.165,25.8917],[-80.1659,25.8917],[-80.1658,25.8907],[-80.1663,25.8907],[-80.1663,25.8893],[-80.1662,25.8889],[-80.1657,25.889],[-80.1657,25.8884],[-80.1662,25.8884],[-80.1661,25.8877],[-80.1661,25.8876],[-80.1661,25.8875],[-80.1661,25.8857],[-80.166,25.8837],[-80.166,25.8834],[-80.166,25.8834],[-80.1662,25.8828],[-80.166,25.8828],[-80.166,25.8826],[-80.1671,25.8826],[-80.1671,25.8821],[-80.1672,25.8819],[-80.1665,25.8819],[-80.1666,25.8818],[-80.1699,25.8817],[-80.1698,25.8789],[-80.1686,25.8789],[-80.1686,25.8785],[-80.1686,25.8784],[-80.1666,25.8784],[-80.1666,25.8781],[-80.1653,25.8781],[-80.1641,25.8782],[-80.1636,25.8782],[-80.1636,25.8785],[-80.1636,25.8786],[-80.1633,25.879],[-80.1627,25.879],[-80.1625,25.8791],[-80.1621,25.8797],[-80.1617,25.8792],[-80.1616,25.8784],[-80.1618,25.8782],[-80.1624,25.8746],[-80.1642,25.8745],[-80.1689,25.8743],[-80.169,25.8747],[-80.1695,25.8747],[-80.1699,25.8738],[-80.1713,25.8738],[-80.1722,25.8728],[-80.1731,25.8728],[-80.1731,25.8726],[-80.1736,25.8725],[-80.1737,25.8747],[-80.174,25.8746],[-80.1742,25.8746],[-80.1745,25.8746],[-80.1747,25.8745],[-80.1747,25.8742],[-80.1751,25.8742],[-80.1753,25.874],[-80.1757,25.874],[-80.1757,25.8739],[-80.1762,25.8739],[-80.1762,25.8738],[-80.1767,25.8738],[-80.1767,25.8737],[-80.1772,25.8736],[-80.1772,25.874],[-80.1774,25.874],[-80.1786,25.8739],[-80.1798,25.8739],[-80.1807,25.8739],[-80.1857,25.8737],[-80.186,25.8736],[-80.186,25.8732],[-80.1877,25.8731],[-80.1877,25.8736],[-80.1897,25.8735],[-80.1898,25.8727],[-80.1904,25.8727],[-80.1906,25.8727],[-80.1909,25.8726],[-80.1909,25.8727],[-80.1913,25.8727],[-80.1914,25.8726],[-80.1934,25.8725],[-80.1934,25.8726],[-80.1937,25.8726],[-80.1938,25.8729],[-80.1943,25.8729],[-80.1979,25.8728],[-80.198,25.8742],[-80.198,25.8751],[-80.1981,25.8758],[-80.1981,25.8768],[-80.1983,25.8806],[-80.1983,25.8815],[-80.198,25.8815],[-80.1981,25.882],[-80.1983,25.882],[-80.1984,25.8829],[-80.1981,25.8829],[-80.1981,25.8833],[-80.1984,25.8833],[-80.1984,25.8843],[-80.1964,25.8844],[-80.1964,25.8854],[-80.1964,25.886],[-80.1968,25.886],[-80.1977,25.886],[-80.198,25.886],[-80.1981,25.8867],[-80.1981,25.8884],[-80.1986,25.8884],[-80.1987,25.8897],[-80.1982,25.8897],[-80.1983,25.8922],[-80.1984,25.8945],[-80.1989,25.8945],[-80.1989,25.8952],[-80.1988,25.8952],[-80.1988,25.8954],[-80.1983,25.8955],[-80.1983,25.8957],[-80.1989,25.8956],[-80.1989,25.896],[-80.1985,25.8961],[-80.1986,25.8981],[-80.199,25.8981],[-80.1991,25.8992],[-80.1985,25.8992],[-80.1986,25.8998],[-80.1985,25.8998],[-80.1985,25.9004],[-80.1986,25.9004],[-80.1987,25.9023],[-80.1992,25.9022],[-80.1993,25.9026],[-80.1987,25.9026],[-80.1987,25.9031],[-80.1983,25.9032],[-80.1983,25.9035],[-80.1983,25.9042],[-80.1983,25.9047],[-80.1983,25.905],[-80.1983,25.9053],[-80.1984,25.9053],[-80.1985,25.9056],[-80.1986,25.9056],[-80.1986,25.9059],[-80.1987,25.9059],[-80.1988,25.9062],[-80.1988,25.9063],[-80.1989,25.9063],[-80.1989,25.9067],[-80.1985,25.9067],[-80.1994,25.9079],[-80.1995,25.9083],[-80.1989,25.9087],[-80.1993,25.9092],[-80.1997,25.91],[-80.1987,25.91],[-80.1987,25.9104],[-80.1991,25.9104],[-80.1991,25.9108],[-80.1991,25.9113],[-80.1988,25.9113],[-80.1988,25.9117],[-80.1984,25.9117],[-80.1984,25.912],[-80.1988,25.9119],[-80.1988,25.9122],[-80.199,25.9121],[-80.1991,25.9126],[-80.1996,25.9126],[-80.1997,25.9129],[-80.1991,25.9129],[-80.1991,25.9131],[-80.1991,25.9131],[-80.1957,25.9132],[-80.1957,25.9136],[-80.1952,25.9136],[-80.1952,25.9132],[-80.192,25.9133],[-80.192,25.9137],[-80.1905,25.9137],[-80.1906,25.9136],[-80.1902,25.9133],[-80.1898,25.9137],[-80.1896,25.9137],[-80.1896,25.9133],[-80.1883,25.9133],[-80.1883,25.9141],[-80.1876,25.9141],[-80.1876,25.9144],[-80.1867,25.9144]]]},"properties":{"ZIPCODE":"33161"}},{"type":"Feature","geometry":{"type":"Polygon","coordinates":[[[-80.2859,25.7187],[-80.2859,25.7182],[-80.2859,25.7175],[-80.2858,25.7167],[-80.2858,25.7167],[-80.2858,25.716],[-80.2858,25.7158],[-80.2854,25.7159],[-80.2854,25.7157],[-80.2858,25.7157],[-80.2858,25.7156],[-80.2858,25.7153],[-80.2858,25.7146],[-80.2857,25.7139],[-80.2857,25.7132],[-80.2857,25.7117],[-80.2856,25.7099],[-80.2856,25.7096],[-80.2849,25.7097],[-80.2847,25.7095],[-80.2851,25.7092],[-80.2848,25.709],[-80.2855,25.7084],[-80.2855,25.7081],[-80.2855,25.7075],[-80.2852,25.7076],[-80.2848,25.7071],[-80.2853,25.7067],[-80.2853,25.7066],[-80.2844,25.7066],[-80.2844,25.706],[-80.2842,25.7059],[-80.2841,25.7056],[-80.2849,25.7056],[-80.2849,25.7052],[-80.285,25.7052],[-80.285,25.7049],[-80.2847,25.7049],[-80.2847,25.7052],[-80.2834,25.7052],[-80.2834,25.7049],[-80.2821,25.705],[-80.2817,25.705],[-80.2817,25.705],[-80.2811,25.705],[-80.2811,25.7054],[-80.2793,25.7055],[-80.2784,25.7055],[-80.2784,25.7051],[-80.2778,25.7052],[-80.2778,25.7055],[-80.2772,25.7055],[-80.2772,25.7052],[-80.2764,25.7052],[-80.2764,25.7053],[-80.2756,25.7053],[-80.2755,25.7053],[-80.2755,25.7053],[-80.2752,25.7053],[-80.2752,25.7052],[-80.2748,25.7052],[-80.2748,25.7053],[-80.2744,25.7053],[-80.2744,25.7053],[-80.274,25.7053],[-80.2736,25.7054],[-80.2736,25.7053],[-80.2733,25.7053],[-80.2731,25.7053],[-80.2731,25.7053],[-80.2726,25.7053],[-80.2726,25.7054],[-80.2722,25.7054],[-80.2714,25.7055],[-80.2714,25.7054],[-80.2706,25.7054],[-80.2698,25.7055],[-80.2687,25.7055],[-80.2687,25.7051],[-80.2682,25.7051],[-80.2682,25.7055],[-80.2679,25.7056],[-80.2679,25.7055],[-80.2675,25.7055],[-80.2675,25.7056],[-80.2671,25.7057],[-80.2671,25.7056],[-80.2659,25.7056],[-80.2659,25.7058],[-80.2651,25.7058],[-80.2651,25.7053],[-80.2647,25.7053],[-80.2647,25.7056],[-80.2645,25.7057],[-80.2645,25.7058],[-80.264,25.7058],[-80.2637,25.7053],[-80.2626,25.7053],[-80.2608,25.7054],[-80.2608,25.7056],[-80.2608,25.7057],[-80.2609,25.7061],[-80.2606,25.7061],[-80.2605,25.7061],[-80.2604,25.7059],[-80.2602,25.7057],[-80.2597,25.7054],[-80.2595,25.7053],[-80.2591,25.7052],[-80.2586,25.7052],[-80.258,25.7052],[-80.2561,25.7052],[-80.254,25.7052],[-80.2527,25.7053],[-80.2523,25.7054],[-80.2516,25.7054],[-80.2505,25.7052],[-80.2495,25.705],[-80.2487,25.7046],[-80.2478,25.704],[-80.2469,25.7037],[-80.246,25.7033],[-80.2446,25.7023],[-80.2444,25.6988],[-80.2453,25.6966],[-80.2488,25.6906],[-80.2518,25.6906],[-80.2506,25.6937],[-80.2514,25.6937],[-80.2525,25.6937],[-80.2537,25.6935],[-80.2545,25.6934],[-80.2558,25.6935],[-80.256,25.6939],[-80.2569,25.6939],[-80.2573,25.6932],[-80.2582,25.6932],[-80.2595,25.6931],[-80.261,25.6931],[-80.2619,25.6933],[-80.262,25.6939],[-80.2629,25.6939],[-80.2631,25.6934],[-80.2637,25.6929],[-80.2655,25.6929],[-80.2657,25.6932],[-80.266,25.6932],[-80.2663,25.6928],[-80.2667,25.6928],[-80.2666,25.6923],[-80.267,25.6917],[-80.2668,25.6914],[-80.2668,25.691],[-80.267,25.6907],[-80.2672,25.6906],[-80.2674,25.6905],[-80.2675,25.6904],[-80.2676,25.6903],[-80.2677,25.6902],[-80.2679,25.6903],[-80.2684,25.6904],[-80.2698,25.6902],[-80.2702,25.6907],[-80.2719,25.6907],[-80.2726,25.6906],[-80.2726,25.6901],[-80.2735,25.69],[-80.2735,25.6911],[-80.2738,25.6911],[-80.2739,25.6914],[-80.2747,25.6914],[-80.2747,25.691],[-80.2753,25.6909],[-80.2753,25.6912],[-80.2759,25.6911],[-80.2759,25.6905],[-80.276,25.6905],[-80.276,25.69],[-80.2767,25.6899],[-80.2782,25.6899],[-80.2782,25.6914],[-80.2787,25.6914],[-80.2787,25.691],[-80.2793,25.6909],[-80.2792,25.6898],[-80.2797,25.6898],[-80.2798,25.6906],[-80.2809,25.6905],[-80.2809,25.6898],[-80.2814,25.6898],[-80.2814,25.6903],[-80.2849,25.6902],[-80.2848,25.6892],[-80.2852,25.6896],[-80.2859,25.6898],[-80.2869,25.6899],[-80.2885,25.6901],[-80.2898,25.6902],[-80.2917,25.6904],[-80.2929,25.6905],[-80.3029,25.6915],[-80.305,25.6917],[-80.3053,25.6917],[-80.3067,25.6904],[-80.3082,25.6892],[-80.3088,25.6894],[-80.3091,25.6895],[-80.3092,25.6919],[-80.311,25.692],[-80.3165,25.6919],[-80.3165,25.6902],[-80.3202,25.6901],[-80.3202,25.6895],[-80.3223,25.6894],[-80.3222,25.6884],[-80.3277,25.6882],[-80.3315,25.6881],[-80.3335,25.6881],[-80.3335,25.6881],[-80.3337,25.6936],[-80.3338,25.6954],[-80.3339,25.697],[-80.3325,25.6971],[-80.3326,25.6979],[-80.3319,25.6979],[-80.332,25.6988],[-80.334,25.6987],[-80.3341,25.7005],[-80.3334,25.7005],[-80.3335,25.7017],[-80.3341,25.7016],[-80.3341,25.7023],[-80.3342,25.7034],[-80.3336,25.7034],[-80.3337,25.7041],[-80.3337,25.7042],[-80.3338,25.7056],[-80.3343,25.7056],[-80.3343,25.706],[-80.3344,25.7079],[-80.333,25.7095],[-80.3345,25.7095],[-80.3346,25.71],[-80.3335,25.7101],[-80.3337,25.714],[-80.334,25.714],[-80.334,25.7149],[-80.3348,25.7149],[-80.3349,25.7158],[-80.3348,25.7158],[-80.3308,25.7161],[-80.3308,25.7169],[-80.3304,25.7169],[-80.3303,25.7161],[-80.3265,25.7164],[-80.3258,25.7164],[-80.3252,25.7164],[-80.3248,25.7169],[-80.3248,25.7172],[-80.3231,25.7173],[-80.3234,25.717],[-80.3234,25.7165],[-80.3226,25.7166],[-80.3199,25.7168],[-80.3199,25.7164],[-80.3193,25.7164],[-80.3194,25.7167],[-80.319,25.7167],[-80.3193,25.7176],[-80.3178,25.7177],[-80.3177,25.7169],[-80.3169,25.7169],[-80.3169,25.7177],[-80.3145,25.7178],[-80.3139,25.7173],[-80.313,25.7174],[-80.3129,25.7172],[-80.3111,25.7172],[-80.3105,25.7176],[-80.3077,25.7176],[-80.3078,25.7181],[-80.3064,25.7181],[-80.3059,25.7182],[-80.3059,25.7175],[-80.3055,25.7175],[-80.3055,25.7181],[-80.3051,25.7182],[-80.3047,25.7182],[-80.3047,25.7175],[-80.3032,25.7176],[-80.3032,25.7179],[-80.3024,25.718],[-80.3022,25.718],[-80.3022,25.7179],[-80.3016,25.7179],[-80.3016,25.7175],[-80.3012,25.7175],[-80.3013,25.7183],[-80.3005,25.7183],[-80.3005,25.7178],[-80.2999,25.7178],[-80.3,25.7183],[-80.2997,25.7183],[-80.2997,25.718],[-80.2992,25.718],[-80.2992,25.718],[-80.2982,25.718],[-80.2982,25.7185],[-80.2976,25.7185],[-80.2976,25.7181],[-80.2972,25.7181],[-80.2972,25.7185],[-80.2961,25.7186],[-80.2961,25.7181],[-80.2941,25.7182],[-80.293,25.7182],[-80.2929,25.7182],[-80.2925,25.7183],[-80.2924,25.7177],[-80.292,25.7177],[-80.2921,25.7187],[-80.2901,25.7188],[-80.2879,25.7189],[-80.2879,25.7184],[-80.2861,25.7185],[-80.2859,25.7189],[-80.2859,25.7187]]]},"properties":{"ZIPCODE":"33143"}},{"type":"Feature","geometry":{"type":"Polygon","coordinates":[[[-80.4338,25.7138],[-80.4337,25.7124],[-80.431,25.7125],[-80.4309,25.7108],[-80.4308,25.7087],[-80.4308,25.706],[-80.4306,25.7033],[-80.4306,25.7032],[-80.4293,25.7032],[-80.4289,25.7023],[-80.4282,25.7017],[-80.4285,25.7005],[-80.4292,25.7005],[-80.4293,25.7003],[-80.4294,25.6998],[-80.43,25.6998],[-80.4302,25.6996],[-80.4305,25.6996],[-80.4305,25.6994],[-80.4303,25.6952],[-80.4302,25.6921],[-80.4302,25.691],[-80.4301,25.6885],[-80.43,25.6871],[-80.43,25.6866],[-80.43,25.6866],[-80.4299,25.685],[-80.4331,25.6849],[-80.4331,25.6857],[-80.4345,25.6859],[-80.436,25.6859],[-80.4359,25.6865],[-80.4366,25.6865],[-80.4367,25.6865],[-80.4386,25.6864],[-80.4383,25.6858],[-80.4399,25.6853],[-80.4399,25.6848],[-80.4411,25.6846],[-80.4412,25.6857],[-80.442,25.6857],[-80.4421,25.6846],[-80.444,25.6845],[-80.4441,25.6863],[-80.4454,25.6862],[-80.4454,25.6851],[-80.446,25.6851],[-80.4461,25.6862],[-80.4495,25.6861],[-80.4494,25.6844],[-80.4541,25.6843],[-80.4541,25.6864],[-80.4561,25.6859],[-80.4581,25.6858],[-80.458,25.6842],[-80.462,25.6841],[-80.4664,25.6839],[-80.4669,25.684],[-80.4675,25.6841],[-80.4681,25.6842],[-80.4687,25.6845],[-80.4691,25.6847],[-80.4697,25.685],[-80.4702,25.6854],[-80.4705,25.6858],[-80.471,25.6862],[-80.4715,25.6867],[-80.4717,25.6869],[-80.472,25.6872],[-80.4723,25.6874],[-80.4726,25.6876],[-80.4729,25.6879],[-80.4733,25.6881],[-80.4736,25.6882],[-80.4739,25.6883],[-80.4743,25.6885],[-80.4745,25.6885],[-80.4749,25.6886],[-80.4753,25.6887],[-80.4757,25.6888],[-80.4763,25.6888],[-80.478,25.6888],[-80.4839,25.6889],[-80.4855,25.6892],[-80.4961,25.6894],[-80.5459,25.6883],[-80.8727,25.688],[-80.8731,25.7114],[-80.5315,25.7108],[-80.4967,25.7118],[-80.4794,25.7121],[-80.4692,25.7127],[-80.4672,25.7128],[-80.4652,25.7128],[-80.4632,25.7129],[-80.4615,25.713],[-80.4608,25.7131],[-80.4596,25.7131],[-80.4591,25.7131],[-80.4576,25.7132],[-80.4562,25.7132],[-80.4552,25.7132],[-80.4551,25.7117],[-80.4551,25.7105],[-80.455,25.7095],[-80.453,25.7096],[-80.4514,25.7096],[-80.4506,25.7097],[-80.449,25.7098],[-80.4491,25.7115],[-80.4479,25.7116],[-80.4479,25.7125],[-80.4471,25.7125],[-80.4471,25.7134],[-80.4435,25.7135],[-80.4391,25.7136],[-80.4391,25.7125],[-80.439,25.7121],[-80.438,25.7122],[-80.438,25.7129],[-80.4369,25.713],[-80.4368,25.7133],[-80.4368,25.7137],[-80.4338,25.7138]]]},"properties":{"ZIPCODE":"33193"}},{"type":"Feature","geometry":{"type":"Polygon","coordinates":[[[-80.3507,25.605],[-80.3509,25.6045],[-80.3511,25.6046],[-80.3509,25.6051],[-80.3507,25.605]]]},"properties":{"ZIPCODE":"33257"}},{"type":"Feature","geometry":{"type":"Polygon","coordinates":[[[-80.3508,25.7853],[-80.3508,25.7852],[-80.3514,25.7852],[-80.3514,25.7853],[-80.3508,25.7853]]]},"properties":{"ZIPCODE":"33192"}},{"type":"Feature","geometry":{"type":"Polygon","coordinates":[[[-80.1838,25.8333],[-80.1838,25.833],[-80.1815,25.833],[-80.1815,25.8328],[-80.1808,25.8328],[-80.1808,25.8334],[-80.1714,25.8332],[-80.171,25.8288],[-80.1714,25.8202],[-80.1722,25.8142],[-80.1733,25.8107],[-80.1776,25.8049],[-80.1802,25.7997],[-80.1807,25.7959],[-80.1872,25.7956],[-80.1872,25.7962],[-80.1878,25.7962],[-80.1878,25.7958],[-80.188,25.7958],[-80.188,25.795],[-80.1889,25.795],[-80.1889,25.7955],[-80.1894,25.7954],[-80.1894,25.7952],[-80.19,25.7952],[-80.1904,25.7952],[-80.1904,25.7956],[-80.1904,25.7956],[-80.1906,25.7955],[-80.1907,25.7955],[-80.1907,25.7958],[-80.1908,25.7958],[-80.1913,25.7957],[-80.1913,25.7957],[-80.1914,25.7957],[-80.1918,25.7957],[-80.1917,25.7954],[-80.1921,25.7954],[-80.1921,25.7957],[-80.1924,25.7956],[-80.1924,25.7952],[-80.193,25.7952],[-80.193,25.7956],[-80.1931,25.7956],[-80.1931,25.7952],[-80.194,25.7952],[-80.1939,25.7956],[-80.1947,25.7956],[-80.1944,25.7968],[-80.194,25.7988],[-80.1943,25.7988],[-80.1942,25.7993],[-80.1944,25.7993],[-80.1945,25.7998],[-80.1947,25.7998],[-80.1947,25.8001],[-80.1945,25.8002],[-80.1945,25.8008],[-80.1943,25.8008],[-80.1944,25.8012],[-80.1945,25.8012],[-80.1945,25.8016],[-80.1946,25.8016],[-80.1946,25.8017],[-80.1947,25.8021],[-80.1945,25.8021],[-80.1946,25.8023],[-80.1946,25.8026],[-80.1946,25.803],[-80.1946,25.803],[-80.1948,25.803],[-80.1948,25.8033],[-80.1948,25.8035],[-80.1947,25.8035],[-80.1947,25.8037],[-80.1949,25.8037],[-80.1949,25.8039],[-80.195,25.8042],[-80.195,25.8045],[-80.1938,25.8045],[-80.1935,25.8058],[-80.1935,25.8059],[-80.1946,25.8059],[-80.1947,25.8067],[-80.1941,25.8068],[-80.1938,25.8081],[-80.1936,25.8088],[-80.1936,25.809],[-80.1935,25.809],[-80.1931,25.8105],[-80.1946,25.8105],[-80.1946,25.8112],[-80.195,25.8113],[-80.195,25.8118],[-80.195,25.8124],[-80.1953,25.8124],[-80.1953,25.8128],[-80.195,25.8128],[-80.1951,25.8132],[-80.1953,25.8132],[-80.1954,25.8138],[-80.1952,25.8138],[-80.1952,25.8142],[-80.1954,25.8142],[-80.1954,25.8143],[-80.1951,25.8143],[-80.1951,25.8147],[-80.1955,25.8147],[-80.1955,25.8151],[-80.1955,25.8155],[-80.1955,25.8159],[-80.1951,25.8159],[-80.1951,25.816],[-80.1955,25.816],[-80.1955,25.8163],[-80.1953,25.8163],[-80.1953,25.8166],[-80.1952,25.8166],[-80.1952,25.8167],[-80.1955,25.8167],[-80.1955,25.8169],[-80.1952,25.8169],[-80.1952,25.817],[-80.1952,25.8177],[-80.1952,25.8183],[-80.1955,25.8183],[-80.1956,25.8187],[-80.1952,25.8188],[-80.1953,25.8196],[-80.1956,25.8196],[-80.1956,25.8202],[-80.1953,25.8202],[-80.1953,25.8203],[-80.1955,25.8203],[-80.1955,25.8206],[-80.1957,25.8207],[-80.1957,25.8217],[-80.1955,25.8217],[-80.1955,25.822],[-80.1957,25.822],[-80.1957,25.8229],[-80.1954,25.8229],[-80.1954,25.8231],[-80.1957,25.8231],[-80.1958,25.824],[-80.1958,25.8246],[-80.1957,25.8246],[-80.1957,25.825],[-80.1955,25.825],[-80.1955,25.8253],[-80.1959,25.8253],[-80.196,25.8262],[-80.196,25.8262],[-80.1958,25.8262],[-80.1958,25.8265],[-80.1956,25.8265],[-80.1956,25.8267],[-80.1958,25.8267],[-80.1958,25.8268],[-80.1961,25.8268],[-80.196,25.8271],[-80.1958,25.8271],[-80.1958,25.8275],[-80.1959,25.8278],[-80.1959,25.828],[-80.1959,25.8284],[-80.1959,25.8285],[-80.196,25.8288],[-80.1957,25.8288],[-80.1958,25.8292],[-80.196,25.8291],[-80.196,25.8295],[-80.1961,25.8297],[-80.1962,25.83],[-80.1963,25.83],[-80.1963,25.8306],[-80.1962,25.8306],[-80.1962,25.8309],[-80.1964,25.8309],[-80.1965,25.8314],[-80.1963,25.8321],[-80.1962,25.8321],[-80.196,25.8321],[-80.196,25.8323],[-80.1954,25.8324],[-80.1953,25.8324],[-80.1952,25.8318],[-80.1952,25.8312],[-80.1922,25.8313],[-80.1923,25.8327],[-80.1921,25.8326],[-80.1914,25.8325],[-80.1914,25.8327],[-80.191,25.8327],[-80.191,25.8329],[-80.1907,25.8329],[-80.1907,25.8328],[-80.1901,25.8328],[-80.1897,25.8328],[-80.1897,25.8332],[-80.189,25.8332],[-80.189,25.8329],[-80.1888,25.8329],[-80.1888,25.8332],[-80.1882,25.8332],[-80.1875,25.8332],[-80.1875,25.8329],[-80.1871,25.8329],[-80.1868,25.8329],[-80.1865,25.833],[-80.1862,25.833],[-80.1857,25.833],[-80.1845,25.833],[-80.1846,25.8334],[-80.1842,25.8334],[-80.1839,25.8333],[-80.1838,25.8333]]]},"properties":{"ZIPCODE":"33137"}},{"type":"Feature","geometry":{"type":"Polygon","coordinates":[[[-80.3392,25.7617],[-80.3391,25.7613],[-80.3382,25.7613],[-80.3382,25.7609],[-80.34,25.7608],[-80.3401,25.7617],[-80.3392,25.7617]]]},"properties":{"ZIPCODE":"33144"}},{"type":"Feature","geometry":{"type":"Polygon","coordinates":[[[-80.471,25.5073],[-80.471,25.5065],[-80.471,25.5065],[-80.4696,25.5065],[-80.4674,25.5065],[-80.4666,25.5067],[-80.4666,25.5067],[-80.4668,25.5071],[-80.4663,25.5071],[-80.4656,25.5069],[-80.4651,25.5067],[-80.4648,25.5065],[-80.4646,25.5065],[-80.4644,25.5064],[-80.4637,25.5064],[-80.4637,25.5057],[-80.4637,25.5057],[-80.4615,25.5058],[-80.4613,25.5058],[-80.4613,25.5058],[-80.4614,25.5065],[-80.461,25.5065],[-80.4609,25.5065],[-80.4609,25.5046],[-80.4573,25.5046],[-80.4573,25.4994],[-80.4612,25.4993],[-80.4612,25.4974],[-80.4611,25.4974],[-80.4611,25.498],[-80.4604,25.498],[-80.4604,25.4974],[-80.4591,25.4974],[-80.4591,25.4957],[-80.4606,25.4957],[-80.4606,25.4954],[-80.4606,25.4946],[-80.4611,25.4946],[-80.4611,25.4919],[-80.461,25.4873],[-80.4641,25.4873],[-80.4641,25.4846],[-80.4589,25.4845],[-80.4589,25.4836],[-80.4589,25.4829],[-80.4599,25.4829],[-80.4599,25.4819],[-80.4604,25.4819],[-80.4604,25.4792],[-80.4606,25.4792],[-80.4605,25.4783],[-80.4609,25.4783],[-80.4609,25.4773],[-80.4609,25.4753],[-80.4608,25.4753],[-80.4601,25.4753],[-80.4601,25.4749],[-80.4608,25.4748],[-80.4608,25.4748],[-80.4608,25.4745],[-80.4568,25.4746],[-80.4568,25.4737],[-80.4598,25.4737],[-80.4598,25.4734],[-80.4608,25.4734],[-80.4608,25.4728],[-80.4595,25.4728],[-80.4594,25.4702],[-80.4594,25.4701],[-80.4589,25.47],[-80.4588,25.4689],[-80.459,25.4684],[-80.4593,25.4682],[-80.4596,25.4681],[-80.4608,25.468],[-80.4608,25.4645],[-80.4608,25.4626],[-80.4608,25.4626],[-80.466,25.4624],[-80.467,25.4624],[-80.4669,25.4607],[-80.469,25.4607],[-80.469,25.4624],[-80.4732,25.4624],[-80.4766,25.4624],[-80.4895,25.4624],[-80.4935,25.4623],[-80.4943,25.4623],[-80.4965,25.4624],[-80.4965,25.462],[-80.4975,25.4619],[-80.4975,25.4624],[-80.5016,25.4624],[-80.5019,25.4622],[-80.5097,25.4622],[-80.5219,25.4621],[-80.5219,25.4612],[-80.5229,25.4612],[-80.523,25.4622],[-80.526,25.4621],[-80.5301,25.4621],[-80.53,25.4611],[-80.532,25.4611],[-80.5341,25.4611],[-80.5341,25.4622],[-80.6375,25.4618],[-80.6375,25.4618],[-80.8735,25.4622],[-80.8732,25.5054],[-80.68,25.5051],[-80.6374,25.5051],[-80.6374,25.5051],[-80.6374,25.5051],[-80.5867,25.5054],[-80.5746,25.5057],[-80.5714,25.5057],[-80.5636,25.5057],[-80.5636,25.5057],[-80.5636,25.5057],[-80.5601,25.5057],[-80.5586,25.5058],[-80.5586,25.5058],[-80.5586,25.5058],[-80.5586,25.5058],[-80.5574,25.5057],[-80.5574,25.5057],[-80.5574,25.5057],[-80.5546,25.5058],[-80.5506,25.5058],[-80.5466,25.5058],[-80.5426,25.5058],[-80.5424,25.5024],[-80.5385,25.5024],[-80.5385,25.5058],[-80.5345,25.5059],[-80.5315,25.5059],[-80.5295,25.5059],[-80.5295,25.5024],[-80.5285,25.5024],[-80.5285,25.5059],[-80.5244,25.506],[-80.5244,25.5024],[-80.5224,25.5024],[-80.5225,25.506],[-80.5214,25.5061],[-80.5214,25.5024],[-80.5194,25.5025],[-80.5194,25.5043],[-80.5185,25.5043],[-80.5185,25.5052],[-80.5184,25.5052],[-80.5184,25.5052],[-80.5184,25.5052],[-80.5174,25.5052],[-80.5173,25.5043],[-80.5173,25.5043],[-80.5173,25.5043],[-80.5143,25.5043],[-80.5113,25.5043],[-80.5102,25.5043],[-80.5102,25.506],[-80.5081,25.506],[-80.5081,25.506],[-80.5081,25.5054],[-80.5081,25.5054],[-80.5077,25.5054],[-80.5077,25.5061],[-80.5062,25.5062],[-80.5062,25.5062],[-80.5062,25.5052],[-80.5052,25.5052],[-80.5052,25.5052],[-80.5042,25.5053],[-80.5042,25.5062],[-80.5042,25.5062],[-80.5042,25.5062],[-80.5042,25.5062],[-80.5042,25.5062],[-80.5031,25.5062],[-80.5031,25.5057],[-80.5031,25.5026],[-80.5,25.5026],[-80.5,25.5044],[-80.494,25.5044],[-80.494,25.5053],[-80.493,25.5051],[-80.492,25.5051],[-80.492,25.5045],[-80.492,25.5045],[-80.49,25.5045],[-80.49,25.5063],[-80.489,25.5063],[-80.4889,25.5045],[-80.4889,25.5045],[-80.4879,25.5045],[-80.4879,25.5062],[-80.4869,25.5062],[-80.4848,25.5062],[-80.4848,25.5062],[-80.4848,25.5045],[-80.4848,25.5045],[-80.4818,25.5045],[-80.4798,25.5045],[-80.4777,25.5046],[-80.4778,25.5062],[-80.4778,25.5062],[-80.4778,25.5062],[-80.4776,25.5062],[-80.4772,25.5062],[-80.4767,25.5061],[-80.4762,25.506],[-80.4758,25.506],[-80.4756,25.506],[-80.4745,25.5061],[-80.4739,25.5062],[-80.4735,25.5063],[-80.4731,25.5064],[-80.4731,25.5064],[-80.4727,25.5061],[-80.4727,25.5061],[-80.4723,25.5063],[-80.4727,25.5068],[-80.472,25.5071],[-80.4716,25.5072],[-80.471,25.5073],[-80.471,25.5073]]]},"properties":{"ZIPCODE":"33030"}},{"type":"Feature","geometry":{"type":"Polygon","coordinates":[[[-80.1189,25.9489],[-80.1193,25.9454],[-80.1199,25.9369],[-80.1203,25.9347],[-80.1206,25.931],[-80.121,25.9288],[-80.1208,25.9283],[-80.1207,25.927],[-80.1211,25.9264],[-80.121,25.9223],[-80.1211,25.9214],[-80.1237,25.9213],[-80.1248,25.9212],[-80.1276,25.9211],[-80.1284,25.921],[-80.1283,25.9206],[-80.1274,25.9194],[-80.1262,25.9179],[-80.1261,25.9159],[-80.1274,25.9159],[-80.1274,25.9159],[-80.1275,25.9159],[-80.131,25.9159],[-80.1352,25.9157],[-80.1393,25.9156],[-80.145,25.9154],[-80.1474,25.9153],[-80.1513,25.9151],[-80.1538,25.915],[-80.1579,25.9149],[-80.1563,25.9201],[-80.156,25.922],[-80.1559,25.9223],[-80.1558,25.9224],[-80.1555,25.9225],[-80.1553,25.9233],[-80.1556,25.9233],[-80.1558,25.9233],[-80.1558,25.9234],[-80.1574,25.9234],[-80.1574,25.9242],[-80.1567,25.9242],[-80.1567,25.9251],[-80.1559,25.9251],[-80.1559,25.9252],[-80.1559,25.9261],[-80.1559,25.9264],[-80.1567,25.9264],[-80.1567,25.9267],[-80.1565,25.9267],[-80.1565,25.9271],[-80.1567,25.9271],[-80.1567,25.9272],[-80.1567,25.9273],[-80.1568,25.9279],[-80.1561,25.9279],[-80.1562,25.9281],[-80.1562,25.9288],[-80.1567,25.9288],[-80.1568,25.9294],[-80.1566,25.9294],[-80.1566,25.9295],[-80.1562,25.9295],[-80.1563,25.9298],[-80.1562,25.9299],[-80.1563,25.9299],[-80.1564,25.9299],[-80.1564,25.9303],[-80.1564,25.9304],[-80.1565,25.9307],[-80.1562,25.9307],[-80.1563,25.9341],[-80.1567,25.9341],[-80.1567,25.9344],[-80.1564,25.9344],[-80.1563,25.9344],[-80.1564,25.9351],[-80.1566,25.935],[-80.1566,25.9354],[-80.1565,25.9354],[-80.1564,25.9354],[-80.1566,25.9409],[-80.1566,25.9417],[-80.1567,25.9426],[-80.1567,25.9435],[-80.1566,25.944],[-80.1566,25.9447],[-80.157,25.9447],[-80.1571,25.946],[-80.1568,25.946],[-80.1568,25.9461],[-80.1568,25.9461],[-80.1545,25.9464],[-80.1539,25.9465],[-80.1538,25.9464],[-80.1535,25.9465],[-80.1535,25.9462],[-80.1529,25.9462],[-80.1529,25.9465],[-80.1528,25.9465],[-80.1527,25.9465],[-80.1527,25.9468],[-80.152,25.9468],[-80.1515,25.9468],[-80.1513,25.9468],[-80.1513,25.9472],[-80.1509,25.9472],[-80.1508,25.9468],[-80.1502,25.9469],[-80.1493,25.9469],[-80.1493,25.9466],[-80.1486,25.9466],[-80.1474,25.9465],[-80.147,25.9465],[-80.1469,25.947],[-80.1458,25.947],[-80.1455,25.947],[-80.1454,25.9465],[-80.1446,25.9466],[-80.1446,25.9468],[-80.1448,25.9468],[-80.1449,25.9472],[-80.1442,25.947],[-80.1439,25.9469],[-80.1434,25.9469],[-80.1392,25.9471],[-80.1393,25.9482],[-80.1363,25.9483],[-80.1364,25.9482],[-80.1355,25.9482],[-80.1354,25.947],[-80.1326,25.9471],[-80.1319,25.9471],[-80.1316,25.9475],[-80.1311,25.9481],[-80.1309,25.9484],[-80.1308,25.9485],[-80.1307,25.9485],[-80.1305,25.9485],[-80.1304,25.9485],[-80.1303,25.9485],[-80.1301,25.9484],[-80.1301,25.9483],[-80.13,25.9482],[-80.13,25.948],[-80.1301,25.9475],[-80.1301,25.9471],[-80.1281,25.9471],[-80.1263,25.953],[-80.1242,25.9605],[-80.1238,25.9694],[-80.1233,25.9744],[-80.1232,25.9747],[-80.1232,25.9751],[-80.1225,25.9751],[-80.1181,25.9752],[-80.1183,25.9704],[-80.1188,25.9616],[-80.1186,25.9589],[-80.1189,25.9489]]]},"properties":{"ZIPCODE":"33160"}},{"type":"Feature","geometry":{"type":"Polygon","coordinates":[[[-80.3375,25.808],[-80.3375,25.8072],[-80.3373,25.8072],[-80.3371,25.8072],[-80.3371,25.8055],[-80.3363,25.8055],[-80.3363,25.8054],[-80.3363,25.8042],[-80.3352,25.8042],[-80.3351,25.8035],[-80.3363,25.8035],[-80.3364,25.8023],[-80.3356,25.8023],[-80.3356,25.8013],[-80.3363,25.8013],[-80.3363,25.8009],[-80.336,25.8009],[-80.336,25.8003],[-80.3371,25.8003],[-80.3371,25.7997],[-80.3371,25.7985],[-80.3349,25.7985],[-80.3346,25.7982],[-80.3346,25.7972],[-80.3363,25.7972],[-80.3362,25.7963],[-80.3357,25.7963],[-80.3357,25.7947],[-80.3369,25.7947],[-80.3369,25.7939],[-80.3368,25.7939],[-80.3368,25.7939],[-80.3367,25.7939],[-80.3367,25.7939],[-80.3361,25.7938],[-80.3361,25.7938],[-80.3359,25.7938],[-80.3359,25.7938],[-80.3359,25.7938],[-80.3359,25.7938],[-80.3358,25.7938],[-80.3358,25.7938],[-80.3358,25.7938],[-80.3358,25.7938],[-80.3358,25.7938],[-80.3358,25.7938],[-80.3358,25.7938],[-80.3356,25.7938],[-80.3355,25.7938],[-80.3355,25.7938],[-80.3354,25.7937],[-80.3346,25.7937],[-80.3346,25.7934],[-80.3346,25.7929],[-80.3346,25.7928],[-80.3345,25.7899],[-80.3361,25.7899],[-80.3361,25.7881],[-80.3367,25.7881],[-80.3367,25.7835],[-80.3367,25.7823],[-80.3367,25.7818],[-80.3367,25.7808],[-80.3367,25.7782],[-80.3367,25.7766],[-80.3364,25.7696],[-80.3382,25.7696],[-80.3382,25.7695],[-80.3382,25.7702],[-80.3391,25.7701],[-80.339,25.7697],[-80.3402,25.7696],[-80.3402,25.7709],[-80.3408,25.7709],[-80.3407,25.7707],[-80.3413,25.7707],[-80.3413,25.7708],[-80.3418,25.7708],[-80.3417,25.7716],[-80.3436,25.7719],[-80.3442,25.771],[-80.3459,25.7704],[-80.3468,25.7708],[-80.348,25.7707],[-80.3492,25.7714],[-80.3498,25.7704],[-80.3506,25.7708],[-80.351,25.7705],[-80.3533,25.7712],[-80.3532,25.769],[-80.3553,25.7689],[-80.3554,25.7705],[-80.3572,25.7705],[-80.3573,25.7724],[-80.3613,25.7723],[-80.3613,25.7704],[-80.3622,25.7709],[-80.3622,25.7702],[-80.3637,25.7705],[-80.3652,25.7714],[-80.3653,25.7722],[-80.3691,25.7721],[-80.3689,25.77],[-80.3692,25.77],[-80.3697,25.77],[-80.3697,25.7703],[-80.3711,25.7703],[-80.371,25.7684],[-80.3725,25.7684],[-80.3726,25.7687],[-80.3726,25.7687],[-80.3726,25.7686],[-80.3731,25.7686],[-80.3731,25.7693],[-80.3739,25.7693],[-80.3738,25.7684],[-80.377,25.7684],[-80.379,25.7683],[-80.38,25.7683],[-80.38,25.769],[-80.3801,25.7701],[-80.3812,25.7701],[-80.3811,25.7692],[-80.3826,25.7692],[-80.3827,25.77],[-80.3839,25.7699],[-80.3838,25.7682],[-80.3848,25.7682],[-80.3847,25.7684],[-80.3848,25.7699],[-80.3848,25.7709],[-80.3848,25.7731],[-80.3849,25.7752],[-80.3848,25.7819],[-80.3848,25.782],[-80.3847,25.7825],[-80.3847,25.7877],[-80.3849,25.7966],[-80.385,25.7971],[-80.3853,25.8043],[-80.3837,25.8043],[-80.3808,25.8043],[-80.379,25.8043],[-80.379,25.805],[-80.379,25.8052],[-80.379,25.8052],[-80.3778,25.8052],[-80.3777,25.8052],[-80.3777,25.8052],[-80.3776,25.8051],[-80.3776,25.8051],[-80.3775,25.805],[-80.3775,25.805],[-80.3775,25.8049],[-80.3775,25.8047],[-80.3695,25.8048],[-80.3692,25.8048],[-80.3693,25.8044],[-80.3672,25.8044],[-80.3672,25.8052],[-80.3654,25.8052],[-80.3654,25.8044],[-80.3534,25.8044],[-80.3534,25.8044],[-80.3534,25.8061],[-80.3534,25.808],[-80.3534,25.808],[-80.3512,25.808],[-80.3497,25.808],[-80.3494,25.8077],[-80.3453,25.8077],[-80.3412,25.8078],[-80.3412,25.8078],[-80.3412,25.808],[-80.3412,25.808],[-80.3375,25.808]],[[-80.3818,25.7941],[-80.3818,25.7937],[-80.3807,25.7937],[-80.3807,25.7941],[-80.3818,25.7941]],[[-80.3522,25.8055],[-80.3522,25.8053],[-80.3512,25.8054],[-80.3512,25.8055],[-80.3522,25.8055]],[[-80.3508,25.7853],[-80.3514,25.7853],[-80.3514,25.7852],[-80.3508,25.7852],[-80.3508,25.7853]]]},"properties":{"ZIPCODE":"33172"}},{"type":"Feature","geometry":{"type":"Polygon","coordinates":[[[-80.3512,25.8054],[-80.3522,25.8053],[-80.3522,25.8055],[-80.3512,25.8055],[-80.3512,25.8054]]]},"properties":{"ZIPCODE":"33192"}},{"type":"Feature","geometry":{"type":"Polygon","coordinates":[[[-80.3043,25.8656],[-80.3045,25.8656],[-80.3044,25.866],[-80.3043,25.866],[-80.3043,25.8656]]]},"properties":{"ZIPCODE":"33002"}},{"type":"Feature","geometry":{"type":"Polygon","coordinates":[[[-80.132,25.8001],[-80.1312,25.7998],[-80.131,25.7994],[-80.1307,25.7995],[-80.1303,25.7999],[-80.1301,25.7998],[-80.1299,25.7992],[-80.1298,25.7992],[-80.1279,25.8001],[-80.1255,25.7993],[-80.1266,25.7962],[-80.1274,25.7934],[-80.1282,25.7878],[-80.1287,25.7831],[-80.1309,25.7642],[-80.1325,25.7633],[-80.1403,25.7664],[-80.1702,25.7791],[-80.1707,25.7894],[-80.1805,25.7889],[-80.1807,25.7959],[-80.145,25.7969],[-80.1452,25.7965],[-80.1451,25.7965],[-80.145,25.7965],[-80.1434,25.7965],[-80.1428,25.7966],[-80.1423,25.7966],[-80.1419,25.7966],[-80.1418,25.7967],[-80.1413,25.7957],[-80.1407,25.7959],[-80.1405,25.796],[-80.1403,25.7962],[-80.1399,25.7966],[-80.1395,25.7963],[-80.137,25.798],[-80.1357,25.8004],[-80.1335,25.8],[-80.1332,25.8019],[-80.132,25.8018],[-80.1322,25.8003],[-80.132,25.8001]],[[-80.1323,25.7842],[-80.1322,25.7848],[-80.1328,25.7848],[-80.1328,25.7842],[-80.1323,25.7842]]]},"properties":{"ZIPCODE":"33139"}},{"type":"Feature","geometry":{"type":"Polygon","coordinates":[[[-80.2558,25.6935],[-80.2545,25.6934],[-80.2537,25.6935],[-80.2525,25.6937],[-80.2514,25.6937],[-80.2506,25.6937],[-80.2518,25.6906],[-80.2488,25.6906],[-80.25,25.6897],[-80.2523,25.6872],[-80.253,25.6872],[-80.2533,25.6877],[-80.2529,25.6888],[-80.253,25.6891],[-80.2535,25.6892],[-80.2573,25.6864],[-80.2588,25.6836],[-80.2551,25.6792],[-80.2562,25.6784],[-80.2595,25.6765],[-80.2603,25.6752],[-80.2608,25.6738],[-80.261,25.6718],[-80.2631,25.669],[-80.2658,25.6614],[-80.266,25.6611],[-80.2662,25.6609],[-80.2663,25.6607],[-80.2664,25.6605],[-80.2665,25.6604],[-80.2668,25.6601],[-80.267,25.6598],[-80.2673,25.6595],[-80.2674,25.6592],[-80.2675,25.6589],[-80.2676,25.6585],[-80.2676,25.6582],[-80.2677,25.6579],[-80.268,25.6581],[-80.2683,25.6582],[-80.2693,25.6589],[-80.2706,25.6597],[-80.2709,25.6594],[-80.2696,25.6585],[-80.2688,25.6579],[-80.2683,25.6576],[-80.2677,25.6572],[-80.2679,25.6567],[-80.268,25.656],[-80.2681,25.6553],[-80.2681,25.6547],[-80.2682,25.6544],[-80.2684,25.654],[-80.2683,25.6534],[-80.2682,25.653],[-80.2682,25.6527],[-80.2647,25.6527],[-80.2654,25.6509],[-80.2682,25.6509],[-80.2682,25.6506],[-80.2686,25.6506],[-80.2691,25.6507],[-80.2695,25.6507],[-80.2698,25.6507],[-80.27,25.6507],[-80.2702,25.6505],[-80.2701,25.6502],[-80.2701,25.6497],[-80.2701,25.6491],[-80.2701,25.6486],[-80.2702,25.6481],[-80.2703,25.6458],[-80.2691,25.6459],[-80.268,25.6458],[-80.268,25.6455],[-80.268,25.6455],[-80.2683,25.6454],[-80.2742,25.6455],[-80.2778,25.6454],[-80.2806,25.6454],[-80.2833,25.6453],[-80.2872,25.6452],[-80.2905,25.6451],[-80.2936,25.645],[-80.3014,25.6448],[-80.3035,25.6447],[-80.3042,25.6447],[-80.3042,25.6442],[-80.3066,25.6442],[-80.3066,25.6446],[-80.3073,25.6446],[-80.3077,25.6446],[-80.3079,25.644],[-80.3081,25.6441],[-80.309,25.6441],[-80.3091,25.644],[-80.3096,25.6441],[-80.3096,25.6445],[-80.3102,25.6445],[-80.3102,25.644],[-80.3107,25.644],[-80.3112,25.644],[-80.3112,25.6445],[-80.3122,25.6445],[-80.3122,25.6439],[-80.3126,25.6439],[-80.3126,25.644],[-80.3137,25.6439],[-80.3156,25.6439],[-80.3172,25.6438],[-80.3173,25.6443],[-80.3178,25.6443],[-80.3177,25.6425],[-80.3197,25.6424],[-80.3198,25.6436],[-80.3208,25.6436],[-80.3208,25.6442],[-80.3229,25.6442],[-80.3249,25.6441],[-80.3249,25.6436],[-80.3253,25.6436],[-80.3259,25.6436],[-80.3259,25.6441],[-80.3265,25.6441],[-80.3264,25.6435],[-80.328,25.6435],[-80.328,25.644],[-80.33,25.644],[-80.3305,25.644],[-80.3321,25.6439],[-80.3341,25.6439],[-80.3344,25.6441],[-80.3338,25.6456],[-80.3335,25.6465],[-80.3342,25.6468],[-80.3342,25.6477],[-80.3338,25.6478],[-80.3338,25.6492],[-80.3339,25.6508],[-80.3344,25.6508],[-80.3344,25.6512],[-80.3344,25.6524],[-80.3345,25.6535],[-80.3345,25.6549],[-80.3345,25.6558],[-80.3346,25.6575],[-80.3347,25.6587],[-80.3347,25.6605],[-80.3338,25.6606],[-80.3339,25.6624],[-80.3348,25.6623],[-80.3348,25.6629],[-80.3338,25.6629],[-80.3338,25.6633],[-80.334,25.6633],[-80.334,25.6635],[-80.3335,25.6635],[-80.3335,25.6637],[-80.3334,25.6638],[-80.3335,25.6642],[-80.3348,25.6642],[-80.3348,25.6652],[-80.3349,25.667],[-80.3339,25.6671],[-80.3339,25.6679],[-80.335,25.6679],[-80.335,25.6683],[-80.3345,25.6684],[-80.3345,25.6688],[-80.335,25.6688],[-80.335,25.6697],[-80.3346,25.6697],[-80.3346,25.6715],[-80.3346,25.6729],[-80.3349,25.6732],[-80.3351,25.6735],[-80.3346,25.6735],[-80.3346,25.674],[-80.3352,25.674],[-80.3352,25.6744],[-80.3346,25.6744],[-80.3347,25.6753],[-80.3352,25.6753],[-80.3352,25.6759],[-80.3347,25.6759],[-80.3347,25.6765],[-80.3353,25.6765],[-80.3353,25.6771],[-80.3345,25.6772],[-80.3345,25.6791],[-80.3333,25.6791],[-80.3334,25.6799],[-80.3345,25.6799],[-80.3346,25.6817],[-80.3354,25.6817],[-80.3355,25.6835],[-80.3345,25.6836],[-80.3345,25.6844],[-80.3345,25.6853],[-80.3335,25.6853],[-80.3335,25.6863],[-80.3336,25.6869],[-80.3336,25.6871],[-80.3336,25.6873],[-80.3337,25.6873],[-80.3336,25.6879],[-80.3335,25.6881],[-80.3315,25.6881],[-80.3277,25.6882],[-80.3222,25.6884],[-80.3223,25.6894],[-80.3202,25.6895],[-80.3202,25.6901],[-80.3165,25.6902],[-80.3165,25.6919],[-80.311,25.692],[-80.3092,25.6919],[-80.3091,25.6895],[-80.3088,25.6894],[-80.3082,25.6892],[-80.3067,25.6904],[-80.3053,25.6917],[-80.305,25.6917],[-80.3029,25.6915],[-80.2929,25.6905],[-80.2917,25.6904],[-80.2898,25.6902],[-80.2885,25.6901],[-80.2869,25.6899],[-80.2859,25.6898],[-80.2852,25.6896],[-80.2848,25.6892],[-80.2849,25.6902],[-80.2814,25.6903],[-80.2814,25.6898],[-80.2809,25.6898],[-80.2809,25.6905],[-80.2798,25.6906],[-80.2797,25.6898],[-80.2792,25.6898],[-80.2793,25.6909],[-80.2787,25.691],[-80.2787,25.6914],[-80.2782,25.6914],[-80.2782,25.6899],[-80.2767,25.6899],[-80.276,25.69],[-80.276,25.6905],[-80.2759,25.6905],[-80.2759,25.6911],[-80.2753,25.6912],[-80.2753,25.6909],[-80.2747,25.691],[-80.2747,25.6914],[-80.2739,25.6914],[-80.2738,25.6911],[-80.2735,25.6911],[-80.2735,25.69],[-80.2726,25.6901],[-80.2726,25.6906],[-80.2719,25.6907],[-80.2702,25.6907],[-80.2698,25.6902],[-80.2684,25.6904],[-80.2679,25.6903],[-80.2677,25.6902],[-80.2676,25.6903],[-80.2675,25.6904],[-80.2674,25.6905],[-80.2672,25.6906],[-80.267,25.6907],[-80.2668,25.691],[-80.2668,25.6914],[-80.267,25.6917],[-80.2666,25.6923],[-80.2667,25.6928],[-80.2663,25.6928],[-80.266,25.6932],[-80.2657,25.6932],[-80.2655,25.6929],[-80.2637,25.6929],[-80.2631,25.6934],[-80.2629,25.6939],[-80.262,25.6939],[-80.2619,25.6933],[-80.261,25.6931],[-80.2595,25.6931],[-80.2582,25.6932],[-80.2573,25.6932],[-80.2569,25.6939],[-80.256,25.6939],[-80.2558,25.6935]],[[-80.3232,25.6651],[-80.3236,25.6652],[-80.3236,25.6651],[-80.3232,25.665],[-80.3232,25.6651]]]},"properties":{"ZIPCODE":"33156"}},{"type":"Feature","geometry":{"type":"Polygon","coordinates":[[[-80.2917,25.7566],[-80.2917,25.7565],[-80.2913,25.7565],[-80.2913,25.7566],[-80.2909,25.7567],[-80.2909,25.757],[-80.2903,25.757],[-80.2903,25.7567],[-80.2901,25.7567],[-80.2901,25.7562],[-80.2876,25.7563],[-80.2872,25.7563],[-80.2871,25.7551],[-80.2875,25.7551],[-80.2875,25.7549],[-80.2875,25.7545],[-80.2871,25.7545],[-80.287,25.7541],[-80.2875,25.7541],[-80.2875,25.7539],[-80.2875,25.7535],[-80.287,25.7535],[-80.287,25.7524],[-80.287,25.7514],[-80.2874,25.7514],[-80.2874,25.7508],[-80.2869,25.7508],[-80.2869,25.7504],[-80.2869,25.7493],[-80.2873,25.7492],[-80.2873,25.7484],[-80.2872,25.7477],[-80.2868,25.7477],[-80.2868,25.7474],[-80.2868,25.747],[-80.2872,25.747],[-80.2872,25.7466],[-80.2872,25.7464],[-80.2868,25.7464],[-80.2867,25.7462],[-80.2872,25.7462],[-80.2871,25.7457],[-80.2867,25.7457],[-80.2867,25.7451],[-80.2871,25.7451],[-80.2871,25.7449],[-80.2871,25.7447],[-80.287,25.7439],[-80.287,25.7431],[-80.287,25.7424],[-80.2869,25.7421],[-80.2869,25.7416],[-80.2869,25.7409],[-80.2868,25.7401],[-80.2868,25.7399],[-80.2868,25.7393],[-80.2868,25.739],[-80.2867,25.7381],[-80.2867,25.7372],[-80.2867,25.7364],[-80.2866,25.7355],[-80.2865,25.734],[-80.2865,25.7339],[-80.2861,25.7339],[-80.2861,25.7334],[-80.2865,25.7334],[-80.2864,25.7332],[-80.2864,25.7324],[-80.2864,25.7322],[-80.286,25.7321],[-80.286,25.7319],[-80.2864,25.7319],[-80.2864,25.7316],[-80.2864,25.7312],[-80.2864,25.7309],[-80.2864,25.7305],[-80.2859,25.7305],[-80.2859,25.7304],[-80.2864,25.7303],[-80.2864,25.7301],[-80.2863,25.7294],[-80.2863,25.7286],[-80.2863,25.728],[-80.2863,25.7273],[-80.2862,25.7265],[-80.2862,25.7263],[-80.2858,25.7263],[-80.2858,25.7261],[-80.2862,25.7261],[-80.2862,25.7257],[-80.2862,25.7256],[-80.2858,25.7256],[-80.2858,25.7254],[-80.2862,25.7254],[-80.2862,25.725],[-80.2861,25.7246],[-80.2857,25.7246],[-80.2857,25.7245],[-80.286,25.7245],[-80.2861,25.7244],[-80.2861,25.7242],[-80.2861,25.7237],[-80.2861,25.7235],[-80.2861,25.7232],[-80.286,25.7231],[-80.2857,25.7231],[-80.2857,25.723],[-80.286,25.723],[-80.2861,25.723],[-80.2861,25.7228],[-80.2861,25.7225],[-80.2856,25.7225],[-80.2856,25.7224],[-80.2861,25.7224],[-80.2861,25.7223],[-80.286,25.722],[-80.286,25.7213],[-80.286,25.7209],[-80.286,25.7205],[-80.286,25.7203],[-80.2856,25.7203],[-80.2856,25.7202],[-80.286,25.7202],[-80.286,25.7198],[-80.2859,25.7189],[-80.2861,25.7185],[-80.2879,25.7184],[-80.2879,25.7189],[-80.2901,25.7188],[-80.2921,25.7187],[-80.292,25.7177],[-80.2924,25.7177],[-80.2925,25.7183],[-80.2929,25.7182],[-80.293,25.7182],[-80.2941,25.7182],[-80.2961,25.7181],[-80.2961,25.7186],[-80.2972,25.7185],[-80.2972,25.7181],[-80.2976,25.7181],[-80.2976,25.7185],[-80.2982,25.7185],[-80.2982,25.718],[-80.2992,25.718],[-80.2992,25.718],[-80.2997,25.718],[-80.2997,25.7183],[-80.3,25.7183],[-80.2999,25.7178],[-80.3005,25.7178],[-80.3005,25.7183],[-80.3013,25.7183],[-80.3012,25.7175],[-80.3016,25.7175],[-80.3016,25.7179],[-80.3022,25.7179],[-80.3022,25.718],[-80.3024,25.718],[-80.3032,25.7179],[-80.3032,25.7176],[-80.3047,25.7175],[-80.3047,25.7182],[-80.3051,25.7182],[-80.3055,25.7181],[-80.3055,25.7175],[-80.3059,25.7175],[-80.3059,25.7182],[-80.3064,25.7181],[-80.3078,25.7181],[-80.3077,25.7176],[-80.3105,25.7176],[-80.3111,25.7172],[-80.3129,25.7172],[-80.313,25.7174],[-80.3139,25.7173],[-80.3145,25.7178],[-80.3169,25.7177],[-80.3169,25.7169],[-80.3177,25.7169],[-80.3178,25.7177],[-80.3193,25.7176],[-80.319,25.7167],[-80.3194,25.7167],[-80.3193,25.7164],[-80.3199,25.7164],[-80.3199,25.7168],[-80.3226,25.7166],[-80.3234,25.7165],[-80.3234,25.717],[-80.3231,25.7173],[-80.3248,25.7172],[-80.3248,25.7169],[-80.3252,25.7164],[-80.3258,25.7164],[-80.3265,25.7164],[-80.3303,25.7161],[-80.3304,25.7169],[-80.3308,25.7169],[-80.3308,25.7161],[-80.3348,25.7158],[-80.3349,25.7158],[-80.3349,25.7167],[-80.3349,25.7172],[-80.3342,25.7176],[-80.3343,25.7205],[-80.3344,25.7233],[-80.3353,25.7237],[-80.3353,25.7241],[-80.3354,25.7253],[-80.3349,25.7253],[-80.3349,25.7258],[-80.3349,25.7258],[-80.3349,25.7267],[-80.3354,25.7267],[-80.3356,25.7285],[-80.3352,25.7285],[-80.3353,25.7312],[-80.3357,25.7312],[-80.3357,25.7318],[-80.3358,25.7331],[-80.3358,25.7349],[-80.3352,25.7349],[-80.3352,25.7379],[-80.3358,25.7379],[-80.3357,25.7417],[-80.3357,25.7452],[-80.3353,25.7452],[-80.3353,25.7455],[-80.3357,25.7455],[-80.3357,25.7465],[-80.3352,25.7465],[-80.3352,25.7468],[-80.3357,25.7468],[-80.3357,25.7476],[-80.3357,25.7484],[-80.3351,25.7485],[-80.3351,25.7489],[-80.3357,25.7489],[-80.3358,25.7515],[-80.3353,25.7515],[-80.3354,25.7542],[-80.3359,25.7542],[-80.3359,25.7549],[-80.3354,25.7549],[-80.3349,25.755],[-80.3349,25.7554],[-80.3326,25.7554],[-80.3326,25.755],[-80.3322,25.7551],[-80.3322,25.7554],[-80.332,25.7556],[-80.3318,25.7556],[-80.3319,25.7569],[-80.3294,25.7569],[-80.3293,25.7551],[-80.3278,25.7552],[-80.3278,25.7556],[-80.3222,25.7557],[-80.3223,25.7556],[-80.3222,25.7553],[-80.3213,25.7553],[-80.3213,25.7557],[-80.3195,25.7556],[-80.3195,25.7554],[-80.319,25.7554],[-80.319,25.7557],[-80.3186,25.7557],[-80.3186,25.7554],[-80.3181,25.7554],[-80.3181,25.7557],[-80.3169,25.7558],[-80.3169,25.7554],[-80.3157,25.7554],[-80.3157,25.7559],[-80.314,25.7559],[-80.314,25.7555],[-80.3134,25.7555],[-80.3134,25.7559],[-80.312,25.756],[-80.312,25.7556],[-80.3117,25.7556],[-80.3117,25.7559],[-80.3112,25.756],[-80.3112,25.7556],[-80.3104,25.7556],[-80.3102,25.756],[-80.3084,25.756],[-80.3084,25.7557],[-80.308,25.7557],[-80.308,25.7562],[-80.3072,25.7562],[-80.3072,25.7561],[-80.3041,25.7562],[-80.3041,25.7558],[-80.3033,25.7558],[-80.3033,25.7561],[-80.3029,25.7561],[-80.3029,25.7559],[-80.3022,25.7559],[-80.3022,25.7562],[-80.302,25.7562],[-80.302,25.7559],[-80.3013,25.7559],[-80.3014,25.7564],[-80.3,25.7564],[-80.3,25.7559],[-80.2997,25.7559],[-80.2997,25.7564],[-80.298,25.7565],[-80.298,25.756],[-80.2974,25.756],[-80.2974,25.7565],[-80.296,25.7565],[-80.296,25.756],[-80.2957,25.756],[-80.2957,25.7563],[-80.2952,25.7564],[-80.2952,25.7565],[-80.2937,25.7566],[-80.2937,25.7577],[-80.2917,25.7577],[-80.2917,25.7566]]]},"properties":{"ZIPCODE":"33155"}},{"type":"Feature","geometry":{"type":"Polygon","coordinates":[[[-80.2116,25.7467],[-80.2137,25.745],[-80.2095,25.7401],[-80.2099,25.7396],[-80.2165,25.736],[-80.2188,25.7339],[-80.2195,25.7336],[-80.2206,25.7342],[-80.2235,25.7357],[-80.2296,25.7325],[-80.2303,25.7313],[-80.231,25.7311],[-80.2324,25.7312],[-80.2332,25.7307],[-80.2326,25.7289],[-80.2325,25.7277],[-80.2334,25.7265],[-80.2344,25.7272],[-80.2358,25.7259],[-80.2373,25.7269],[-80.2382,25.7261],[-80.2423,25.7213],[-80.2447,25.7174],[-80.2463,25.7147],[-80.2484,25.7125],[-80.246,25.7077],[-80.2446,25.7023],[-80.246,25.7033],[-80.2469,25.7037],[-80.2478,25.704],[-80.2487,25.7046],[-80.2495,25.705],[-80.2505,25.7052],[-80.2516,25.7054],[-80.2523,25.7054],[-80.2527,25.7053],[-80.254,25.7052],[-80.2561,25.7052],[-80.258,25.7052],[-80.2586,25.7052],[-80.2591,25.7052],[-80.2595,25.7053],[-80.2597,25.7054],[-80.2602,25.7057],[-80.2604,25.7059],[-80.2605,25.7061],[-80.2606,25.7061],[-80.2609,25.7061],[-80.2609,25.7063],[-80.2609,25.7075],[-80.261,25.7078],[-80.261,25.709],[-80.2606,25.7091],[-80.2606,25.7092],[-80.261,25.7092],[-80.261,25.7104],[-80.2611,25.7108],[-80.259,25.7109],[-80.259,25.7119],[-80.2608,25.712],[-80.2608,25.7123],[-80.2611,25.7123],[-80.2611,25.7127],[-80.2607,25.7127],[-80.2608,25.7131],[-80.2608,25.7134],[-80.2611,25.7134],[-80.2611,25.7138],[-80.2609,25.7138],[-80.2609,25.7141],[-80.2612,25.7141],[-80.2612,25.7145],[-80.2607,25.7145],[-80.2607,25.7149],[-80.2612,25.7149],[-80.2612,25.7159],[-80.2607,25.7159],[-80.2607,25.7164],[-80.2611,25.7163],[-80.2611,25.7165],[-80.2609,25.7166],[-80.2608,25.7167],[-80.2609,25.717],[-80.2613,25.717],[-80.2613,25.7177],[-80.2607,25.7177],[-80.2607,25.7179],[-80.2613,25.7179],[-80.2613,25.7182],[-80.2613,25.7185],[-80.2609,25.7186],[-80.2609,25.7188],[-80.2612,25.7188],[-80.2612,25.7192],[-80.2612,25.7193],[-80.2609,25.7193],[-80.2609,25.7199],[-80.2611,25.7199],[-80.2611,25.7204],[-80.2609,25.7204],[-80.261,25.7209],[-80.2609,25.7209],[-80.2609,25.7212],[-80.2609,25.7215],[-80.2613,25.7214],[-80.2614,25.7221],[-80.261,25.7221],[-80.261,25.7224],[-80.261,25.7224],[-80.261,25.7226],[-80.2614,25.7226],[-80.2614,25.723],[-80.261,25.723],[-80.261,25.7233],[-80.2612,25.7233],[-80.2613,25.7235],[-80.2613,25.7237],[-80.2585,25.7238],[-80.2585,25.725],[-80.2615,25.7248],[-80.2616,25.7275],[-80.2615,25.7276],[-80.2615,25.7275],[-80.2575,25.7307],[-80.2549,25.7329],[-80.255,25.7338],[-80.2559,25.7337],[-80.2559,25.734],[-80.254,25.7341],[-80.254,25.7344],[-80.254,25.7351],[-80.254,25.7353],[-80.2541,25.736],[-80.2546,25.736],[-80.2546,25.7363],[-80.2546,25.7366],[-80.2541,25.7366],[-80.2541,25.737],[-80.2541,25.7372],[-80.2546,25.7372],[-80.2547,25.7381],[-80.2547,25.7386],[-80.2547,25.7388],[-80.2546,25.7388],[-80.2546,25.7389],[-80.2543,25.7389],[-80.2543,25.7392],[-80.2546,25.7392],[-80.2546,25.7399],[-80.2546,25.7403],[-80.2547,25.7406],[-80.2546,25.7407],[-80.2546,25.7409],[-80.2546,25.7411],[-80.2546,25.7413],[-80.2546,25.7414],[-80.2546,25.7417],[-80.2548,25.7417],[-80.2549,25.7425],[-80.2543,25.7425],[-80.2544,25.7437],[-80.2544,25.7438],[-80.2544,25.7446],[-80.2539,25.7446],[-80.2539,25.745],[-80.2522,25.7451],[-80.2522,25.7449],[-80.2519,25.7449],[-80.2519,25.7446],[-80.2516,25.7447],[-80.2516,25.7451],[-80.2498,25.7451],[-80.2498,25.7451],[-80.2494,25.7451],[-80.2494,25.7448],[-80.2492,25.7448],[-80.2492,25.7452],[-80.2462,25.7453],[-80.2461,25.7453],[-80.2458,25.7453],[-80.2457,25.7453],[-80.2457,25.7455],[-80.2457,25.7455],[-80.2453,25.7455],[-80.2435,25.7455],[-80.2435,25.7454],[-80.2431,25.7454],[-80.2431,25.7451],[-80.2425,25.7451],[-80.2426,25.7456],[-80.2408,25.7456],[-80.2408,25.7452],[-80.2406,25.7452],[-80.2406,25.7454],[-80.2402,25.7454],[-80.2402,25.7456],[-80.2386,25.7457],[-80.2386,25.7453],[-80.2382,25.7453],[-80.2382,25.7456],[-80.2376,25.7456],[-80.2376,25.7459],[-80.2364,25.7459],[-80.2364,25.7456],[-80.2358,25.7457],[-80.2358,25.746],[-80.2343,25.746],[-80.2343,25.7457],[-80.2338,25.7457],[-80.2337,25.746],[-80.2323,25.7461],[-80.2323,25.7458],[-80.2319,25.7458],[-80.2319,25.7461],[-80.2304,25.7461],[-80.2304,25.746],[-80.2299,25.746],[-80.2299,25.7455],[-80.2295,25.7456],[-80.2295,25.7459],[-80.2294,25.7459],[-80.2294,25.746],[-80.228,25.7461],[-80.2269,25.7461],[-80.2263,25.7461],[-80.2263,25.7458],[-80.2259,25.7458],[-80.2259,25.7459],[-80.2254,25.746],[-80.2254,25.7461],[-80.2245,25.7462],[-80.2245,25.7458],[-80.224,25.7458],[-80.224,25.7457],[-80.2238,25.7457],[-80.2236,25.7455],[-80.2219,25.7461],[-80.2218,25.746],[-80.2198,25.7467],[-80.2198,25.7469],[-80.2198,25.7469],[-80.2195,25.747],[-80.2164,25.7481],[-80.2157,25.7484],[-80.2152,25.7486],[-80.2132,25.7493],[-80.2132,25.7491],[-80.2133,25.7488],[-80.2116,25.7467]]]},"properties":{"ZIPCODE":"33133"}},{"type":"Feature","geometry":{"type":"Polygon","coordinates":[[[-80.2787,25.8926],[-80.2776,25.8915],[-80.2765,25.8905],[-80.2752,25.8891],[-80.275,25.889],[-80.2744,25.8885],[-80.2726,25.8872],[-80.2708,25.8862],[-80.2674,25.8849],[-80.2674,25.8821],[-80.2674,25.8821],[-80.265,25.8822],[-80.2615,25.8822],[-80.2594,25.8823],[-80.26,25.8707],[-80.2599,25.8675],[-80.2595,25.8601],[-80.2596,25.8485],[-80.2596,25.8475],[-80.2596,25.8409],[-80.2594,25.8409],[-80.2593,25.8399],[-80.2596,25.8399],[-80.2596,25.839],[-80.2597,25.839],[-80.2597,25.839],[-80.2597,25.839],[-80.2598,25.839],[-80.26,25.839],[-80.26,25.8385],[-80.2608,25.8385],[-80.2608,25.8385],[-80.2619,25.8385],[-80.2634,25.8384],[-80.2635,25.8389],[-80.2635,25.8389],[-80.2637,25.8389],[-80.2639,25.8389],[-80.264,25.8389],[-80.2643,25.8389],[-80.2643,25.8388],[-80.2643,25.8384],[-80.2657,25.8383],[-80.2658,25.8383],[-80.2659,25.8383],[-80.2671,25.8382],[-80.2671,25.8382],[-80.2671,25.8382],[-80.2679,25.8382],[-80.2679,25.8382],[-80.2678,25.8381],[-80.2694,25.838],[-80.2698,25.838],[-80.2698,25.838],[-80.2698,25.8383],[-80.2698,25.8383],[-80.2699,25.8383],[-80.2699,25.8383],[-80.2699,25.838],[-80.2715,25.838],[-80.2718,25.8379],[-80.2718,25.8379],[-80.2718,25.8383],[-80.2718,25.8383],[-80.2718,25.8383],[-80.272,25.8383],[-80.272,25.8382],[-80.272,25.8379],[-80.2733,25.8379],[-80.2736,25.8379],[-80.2736,25.8379],[-80.2736,25.8382],[-80.2736,25.8382],[-80.2737,25.8382],[-80.2737,25.8382],[-80.2737,25.8382],[-80.2737,25.8384],[-80.2735,25.8384],[-80.2735,25.8388],[-80.2733,25.8388],[-80.2734,25.8393],[-80.2734,25.8393],[-80.2735,25.8393],[-80.2735,25.8393],[-80.2735,25.8393],[-80.2735,25.8393],[-80.2735,25.8393],[-80.2735,25.8397],[-80.2736,25.8397],[-80.2736,25.8397],[-80.2737,25.8397],[-80.2737,25.8397],[-80.2737,25.8402],[-80.2735,25.8403],[-80.2736,25.8408],[-80.2736,25.8411],[-80.2739,25.8415],[-80.2739,25.8418],[-80.2739,25.8418],[-80.2741,25.8418],[-80.278,25.8416],[-80.278,25.8416],[-80.2819,25.8415],[-80.2819,25.8415],[-80.282,25.8424],[-80.282,25.8429],[-80.282,25.8437],[-80.2821,25.8448],[-80.2821,25.8457],[-80.2823,25.8466],[-80.2823,25.8475],[-80.2824,25.8483],[-80.2824,25.8492],[-80.2824,25.8502],[-80.2825,25.8512],[-80.2811,25.8512],[-80.2812,25.8521],[-80.2812,25.8521],[-80.2816,25.8521],[-80.2816,25.8521],[-80.2818,25.8521],[-80.2818,25.8521],[-80.2818,25.8526],[-80.2818,25.8526],[-80.2819,25.8526],[-80.2819,25.8526],[-80.2819,25.8529],[-80.2821,25.853],[-80.2821,25.8549],[-80.2822,25.8556],[-80.2825,25.8556],[-80.2826,25.8559],[-80.2826,25.8568],[-80.2825,25.8568],[-80.2822,25.8568],[-80.2822,25.8572],[-80.2822,25.8572],[-80.2822,25.8572],[-80.2825,25.8572],[-80.2825,25.8577],[-80.282,25.8577],[-80.282,25.8579],[-80.2819,25.8579],[-80.2819,25.8585],[-80.2823,25.8587],[-80.2823,25.8588],[-80.2823,25.8591],[-80.2823,25.8594],[-80.2823,25.8594],[-80.2826,25.8594],[-80.2826,25.8594],[-80.2826,25.8596],[-80.2823,25.8596],[-80.2823,25.8604],[-80.2819,25.8605],[-80.2819,25.8609],[-80.2819,25.8609],[-80.2821,25.8609],[-80.2822,25.8609],[-80.2822,25.8609],[-80.2822,25.8613],[-80.2822,25.8613],[-80.2825,25.8613],[-80.2827,25.8613],[-80.2827,25.8614],[-80.2824,25.8614],[-80.2824,25.8619],[-80.2824,25.8619],[-80.2824,25.8618],[-80.2824,25.8618],[-80.2824,25.8618],[-80.2825,25.8622],[-80.2825,25.8622],[-80.2827,25.8622],[-80.2827,25.8622],[-80.2827,25.8622],[-80.2827,25.8624],[-80.2827,25.8628],[-80.2824,25.8628],[-80.2825,25.8631],[-80.2826,25.8633],[-80.2826,25.8637],[-80.2823,25.8637],[-80.2823,25.8639],[-80.2823,25.8639],[-80.2824,25.8639],[-80.2824,25.8639],[-80.2824,25.8641],[-80.2817,25.8643],[-80.2817,25.865],[-80.2825,25.8651],[-80.2825,25.866],[-80.2826,25.8669],[-80.2826,25.8669],[-80.283,25.8669],[-80.2831,25.8669],[-80.2831,25.8669],[-80.2831,25.8678],[-80.2827,25.8679],[-80.2827,25.8683],[-80.2827,25.8692],[-80.2827,25.8697],[-80.2827,25.8697],[-80.2831,25.8696],[-80.2831,25.8696],[-80.2831,25.8696],[-80.2832,25.87],[-80.2832,25.8707],[-80.2825,25.8707],[-80.2825,25.871],[-80.2825,25.871],[-80.2826,25.871],[-80.2826,25.871],[-80.2826,25.871],[-80.2827,25.8719],[-80.2826,25.8719],[-80.2826,25.8723],[-80.2812,25.8725],[-80.2812,25.8729],[-80.2812,25.8729],[-80.282,25.8728],[-80.282,25.8728],[-80.2821,25.8728],[-80.2821,25.8728],[-80.2821,25.8733],[-80.2828,25.8733],[-80.2828,25.8737],[-80.2829,25.8742],[-80.2829,25.8751],[-80.2829,25.8756],[-80.2829,25.8759],[-80.283,25.876],[-80.283,25.8769],[-80.283,25.8769],[-80.2832,25.8769],[-80.2832,25.8769],[-80.2834,25.8769],[-80.2834,25.8769],[-80.2834,25.8772],[-80.2833,25.8772],[-80.283,25.8772],[-80.283,25.8772],[-80.283,25.8775],[-80.283,25.8775],[-80.2831,25.8775],[-80.2831,25.8775],[-80.2831,25.8778],[-80.2834,25.8778],[-80.2835,25.8787],[-80.2829,25.8787],[-80.2829,25.8796],[-80.283,25.8803],[-80.283,25.8803],[-80.2833,25.8803],[-80.2833,25.8803],[-80.2835,25.8803],[-80.2835,25.8803],[-80.2835,25.8805],[-80.2835,25.8808],[-80.2835,25.8808],[-80.2834,25.8808],[-80.2831,25.8807],[-80.2831,25.8807],[-80.2831,25.881],[-80.2831,25.881],[-80.2833,25.881],[-80.2833,25.881],[-80.2835,25.881],[-80.2835,25.881],[-80.2836,25.8814],[-80.2836,25.8814],[-80.2836,25.8814],[-80.2873,25.8814],[-80.2873,25.8814],[-80.2873,25.8814],[-80.2874,25.8836],[-80.2875,25.8862],[-80.2876,25.8897],[-80.2855,25.8898],[-80.2855,25.8916],[-80.2877,25.8916],[-80.2879,25.8959],[-80.2839,25.896],[-80.2827,25.896],[-80.2821,25.896],[-80.2815,25.8952],[-80.2815,25.8952],[-80.2807,25.8945],[-80.2807,25.8945],[-80.28,25.8938],[-80.2787,25.8926]]]},"properties":{"ZIPCODE":"33013"}},{"type":"Feature","geometry":{"type":"Polygon","coordinates":[[[-80.1486,25.7272],[-80.1478,25.7261],[-80.1474,25.7239],[-80.1473,25.7218],[-80.1478,25.7193],[-80.149,25.7151],[-80.1501,25.713],[-80.1511,25.7105],[-80.1522,25.7077],[-80.1546,25.7022],[-80.1554,25.6999],[-80.1557,25.6972],[-80.1559,25.6949],[-80.1564,25.6924],[-80.1562,25.689],[-80.1561,25.6865],[-80.1553,25.6833],[-80.1543,25.6785],[-80.1538,25.6762],[-80.153,25.6734],[-80.1536,25.6704],[-80.1552,25.6669],[-80.1565,25.6656],[-80.1577,25.6652],[-80.1588,25.6652],[-80.1595,25.6657],[-80.1607,25.6688],[-80.1618,25.671],[-80.1627,25.6735],[-80.1636,25.6749],[-80.1651,25.6763],[-80.167,25.6781],[-80.1683,25.6799],[-80.1703,25.6811],[-80.1713,25.6817],[-80.1727,25.6827],[-80.1738,25.6837],[-80.1772,25.6863],[-80.1781,25.6857],[-80.1787,25.6859],[-80.1789,25.6861],[-80.1789,25.6865],[-80.1785,25.6868],[-80.1777,25.6869],[-80.177,25.6873],[-80.1764,25.6876],[-80.176,25.6885],[-80.1761,25.6892],[-80.1759,25.6905],[-80.1753,25.6914],[-80.1748,25.6918],[-80.1739,25.6925],[-80.1734,25.6931],[-80.1731,25.6937],[-80.1731,25.6945],[-80.1729,25.6952],[-80.1724,25.696],[-80.1713,25.6967],[-80.1704,25.6975],[-80.1697,25.6981],[-80.1694,25.6983],[-80.1693,25.6991],[-80.1685,25.6999],[-80.1678,25.7007],[-80.1675,25.701],[-80.1674,25.7014],[-80.1675,25.702],[-80.1677,25.7029],[-80.1678,25.7039],[-80.1682,25.7051],[-80.1688,25.7057],[-80.1693,25.7062],[-80.1709,25.7068],[-80.1719,25.7072],[-80.1729,25.708],[-80.1741,25.7086],[-80.1763,25.7092],[-80.1764,25.7099],[-80.1752,25.7101],[-80.1734,25.7108],[-80.1723,25.7107],[-80.1711,25.7106],[-80.1707,25.7108],[-80.1702,25.7109],[-80.1688,25.7098],[-80.1671,25.7087],[-80.1666,25.7095],[-80.1654,25.7101],[-80.1635,25.7105],[-80.1613,25.7106],[-80.1612,25.7112],[-80.161,25.7115],[-80.1611,25.712],[-80.1627,25.7117],[-80.1633,25.7118],[-80.1632,25.7129],[-80.1639,25.7136],[-80.1645,25.7138],[-80.165,25.7144],[-80.1646,25.715],[-80.1637,25.7159],[-80.1628,25.7162],[-80.162,25.7163],[-80.1615,25.7164],[-80.1602,25.7175],[-80.1589,25.7186],[-80.1581,25.7193],[-80.1581,25.7199],[-80.1579,25.7203],[-80.1572,25.7204],[-80.1568,25.7208],[-80.1562,25.7209],[-80.1559,25.7217],[-80.156,25.7225],[-80.1546,25.7231],[-80.1563,25.7245],[-80.155,25.7259],[-80.1561,25.7268],[-80.1573,25.7257],[-80.1582,25.7254],[-80.1619,25.7306],[-80.1634,25.7308],[-80.1677,25.7327],[-80.1674,25.7358],[-80.1739,25.7423],[-80.1774,25.7448],[-80.179,25.7453],[-80.1787,25.7489],[-80.1784,25.7496],[-80.1777,25.7577],[-80.158,25.7651],[-80.1422,25.7548],[-80.138,25.7518],[-80.1433,25.7512],[-80.1422,25.7494],[-80.1422,25.7481],[-80.1423,25.7467],[-80.1429,25.7449],[-80.1434,25.7437],[-80.1453,25.7406],[-80.1519,25.7365],[-80.154,25.7351],[-80.1548,25.734],[-80.1547,25.7325],[-80.154,25.7307],[-80.1522,25.7293],[-80.1511,25.7287],[-80.1497,25.7279],[-80.1486,25.7272]]]},"properties":{"ZIPCODE":"33149"}},{"type":"Feature","geometry":{"type":"Polygon","coordinates":[[[-80.2543,25.7353],[-80.2543,25.7351],[-80.254,25.7351],[-80.254,25.7344],[-80.254,25.7341],[-80.2559,25.734],[-80.2559,25.7337],[-80.255,25.7338],[-80.2549,25.7329],[-80.2575,25.7307],[-80.2615,25.7275],[-80.2615,25.7276],[-80.2616,25.7275],[-80.2615,25.7248],[-80.2585,25.725],[-80.2585,25.7238],[-80.2613,25.7237],[-80.2613,25.7235],[-80.2612,25.7233],[-80.261,25.7233],[-80.261,25.723],[-80.2614,25.723],[-80.2614,25.7226],[-80.261,25.7226],[-80.261,25.7224],[-80.261,25.7224],[-80.261,25.7221],[-80.2614,25.7221],[-80.2613,25.7214],[-80.2609,25.7215],[-80.2609,25.7212],[-80.2609,25.7209],[-80.261,25.7209],[-80.2609,25.7204],[-80.2611,25.7204],[-80.2611,25.7199],[-80.2609,25.7199],[-80.2609,25.7193],[-80.2612,25.7193],[-80.2612,25.7192],[-80.2612,25.7188],[-80.2609,25.7188],[-80.2609,25.7186],[-80.2613,25.7185],[-80.2613,25.7182],[-80.2613,25.7179],[-80.2607,25.7179],[-80.2607,25.7177],[-80.2613,25.7177],[-80.2613,25.717],[-80.2609,25.717],[-80.2608,25.7167],[-80.2609,25.7166],[-80.2611,25.7165],[-80.2611,25.7163],[-80.2607,25.7164],[-80.2607,25.7159],[-80.2612,25.7159],[-80.2612,25.7149],[-80.2607,25.7149],[-80.2607,25.7145],[-80.2612,25.7145],[-80.2612,25.7141],[-80.2609,25.7141],[-80.2609,25.7138],[-80.2611,25.7138],[-80.2611,25.7134],[-80.2608,25.7134],[-80.2608,25.7131],[-80.2607,25.7127],[-80.2611,25.7127],[-80.2611,25.7123],[-80.2608,25.7123],[-80.2608,25.712],[-80.259,25.7119],[-80.259,25.7109],[-80.2611,25.7108],[-80.261,25.7104],[-80.261,25.7092],[-80.2606,25.7092],[-80.2606,25.7091],[-80.261,25.709],[-80.261,25.7078],[-80.2609,25.7075],[-80.2609,25.7063],[-80.2609,25.7061],[-80.2608,25.7057],[-80.2608,25.7056],[-80.2608,25.7054],[-80.2626,25.7053],[-80.2637,25.7053],[-80.264,25.7058],[-80.2645,25.7058],[-80.2645,25.7057],[-80.2647,25.7056],[-80.2647,25.7053],[-80.2651,25.7053],[-80.2651,25.7058],[-80.2659,25.7058],[-80.2659,25.7056],[-80.2671,25.7056],[-80.2671,25.7057],[-80.2675,25.7056],[-80.2675,25.7055],[-80.2679,25.7055],[-80.2679,25.7056],[-80.2682,25.7055],[-80.2682,25.7051],[-80.2687,25.7051],[-80.2687,25.7055],[-80.2698,25.7055],[-80.2706,25.7054],[-80.2714,25.7054],[-80.2714,25.7055],[-80.2722,25.7054],[-80.2726,25.7054],[-80.2726,25.7053],[-80.2731,25.7053],[-80.2731,25.7053],[-80.2733,25.7053],[-80.2736,25.7053],[-80.2736,25.7054],[-80.274,25.7053],[-80.2744,25.7053],[-80.2744,25.7053],[-80.2748,25.7053],[-80.2748,25.7052],[-80.2752,25.7052],[-80.2752,25.7053],[-80.2755,25.7053],[-80.2755,25.7053],[-80.2756,25.7053],[-80.2764,25.7053],[-80.2764,25.7052],[-80.2772,25.7052],[-80.2772,25.7055],[-80.2778,25.7055],[-80.2778,25.7052],[-80.2784,25.7051],[-80.2784,25.7055],[-80.2793,25.7055],[-80.2811,25.7054],[-80.2811,25.705],[-80.2817,25.705],[-80.2817,25.705],[-80.2821,25.705],[-80.2834,25.7049],[-80.2834,25.7052],[-80.2847,25.7052],[-80.2847,25.7049],[-80.285,25.7049],[-80.285,25.7052],[-80.2849,25.7052],[-80.2849,25.7056],[-80.2841,25.7056],[-80.2842,25.7059],[-80.2844,25.706],[-80.2844,25.7066],[-80.2853,25.7066],[-80.2853,25.7067],[-80.2848,25.7071],[-80.2852,25.7076],[-80.2855,25.7075],[-80.2855,25.7081],[-80.2855,25.7084],[-80.2848,25.709],[-80.2851,25.7092],[-80.2847,25.7095],[-80.2849,25.7097],[-80.2856,25.7096],[-80.2856,25.7099],[-80.2857,25.7117],[-80.2857,25.7132],[-80.2857,25.7139],[-80.2858,25.7146],[-80.2858,25.7153],[-80.2858,25.7156],[-80.2858,25.7157],[-80.2854,25.7157],[-80.2854,25.7159],[-80.2858,25.7158],[-80.2858,25.716],[-80.2858,25.7167],[-80.2858,25.7167],[-80.2859,25.7175],[-80.2859,25.7182],[-80.2859,25.7187],[-80.2859,25.7189],[-80.286,25.7198],[-80.286,25.7202],[-80.2856,25.7202],[-80.2856,25.7203],[-80.286,25.7203],[-80.286,25.7205],[-80.286,25.7209],[-80.286,25.7213],[-80.286,25.722],[-80.2861,25.7223],[-80.2861,25.7224],[-80.2856,25.7224],[-80.2856,25.7225],[-80.2861,25.7225],[-80.2861,25.7228],[-80.2861,25.723],[-80.286,25.723],[-80.2857,25.723],[-80.2857,25.7231],[-80.286,25.7231],[-80.2861,25.7232],[-80.2861,25.7235],[-80.2861,25.7237],[-80.2861,25.7242],[-80.2861,25.7244],[-80.286,25.7245],[-80.2857,25.7245],[-80.2857,25.7246],[-80.2861,25.7246],[-80.2862,25.725],[-80.2862,25.7254],[-80.2858,25.7254],[-80.2858,25.7256],[-80.2862,25.7256],[-80.2862,25.7257],[-80.2862,25.7261],[-80.2858,25.7261],[-80.2858,25.7263],[-80.2862,25.7263],[-80.2862,25.7265],[-80.2863,25.7273],[-80.2863,25.728],[-80.2863,25.7286],[-80.2863,25.7294],[-80.2864,25.7301],[-80.2864,25.7303],[-80.2859,25.7304],[-80.2859,25.7305],[-80.2864,25.7305],[-80.2864,25.7309],[-80.2864,25.7312],[-80.2864,25.7316],[-80.2864,25.7319],[-80.286,25.7319],[-80.286,25.7321],[-80.2864,25.7322],[-80.2864,25.7324],[-80.2864,25.7332],[-80.2865,25.7334],[-80.2861,25.7334],[-80.2861,25.7339],[-80.2865,25.7339],[-80.2865,25.734],[-80.2864,25.7345],[-80.2852,25.7345],[-80.2849,25.7345],[-80.2849,25.7341],[-80.284,25.7342],[-80.284,25.7345],[-80.2828,25.7346],[-80.2828,25.7342],[-80.2821,25.7342],[-80.2821,25.7346],[-80.2814,25.7346],[-80.2814,25.7343],[-80.2798,25.7343],[-80.2798,25.7346],[-80.2783,25.7347],[-80.2779,25.7346],[-80.2779,25.7344],[-80.2769,25.7344],[-80.2755,25.7344],[-80.2755,25.7349],[-80.2754,25.7349],[-80.2754,25.7344],[-80.273,25.7344],[-80.2714,25.7344],[-80.2691,25.7346],[-80.2691,25.7349],[-80.2687,25.7349],[-80.2687,25.7346],[-80.2681,25.7346],[-80.2681,25.735],[-80.2664,25.735],[-80.2664,25.7347],[-80.2657,25.7347],[-80.2657,25.7352],[-80.2652,25.7352],[-80.2652,25.7348],[-80.2651,25.7348],[-80.2648,25.7348],[-80.2648,25.7352],[-80.2647,25.7352],[-80.2646,25.7347],[-80.2638,25.7347],[-80.2638,25.7352],[-80.2634,25.7352],[-80.2633,25.7348],[-80.2621,25.7348],[-80.2621,25.7352],[-80.2617,25.7352],[-80.2601,25.7353],[-80.2586,25.7353],[-80.258,25.7354],[-80.257,25.7354],[-80.256,25.7354],[-80.255,25.7355],[-80.255,25.736],[-80.2546,25.736],[-80.2541,25.736],[-80.254,25.7353],[-80.2543,25.7353]]]},"properties":{"ZIPCODE":"33146"}},{"type":"Feature","geometry":{"type":"Polygon","coordinates":[[[-80.3745,25.6709],[-80.3744,25.671],[-80.3744,25.6716],[-80.3746,25.6716],[-80.3746,25.672],[-80.3734,25.6721],[-80.3733,25.6721],[-80.3733,25.6721],[-80.3733,25.6721],[-80.3733,25.6721],[-80.3733,25.672],[-80.3733,25.672],[-80.3732,25.672],[-80.3732,25.672],[-80.3732,25.672],[-80.3732,25.672],[-80.3732,25.6719],[-80.3732,25.6718],[-80.3732,25.6717],[-80.3732,25.6717],[-80.3732,25.6716],[-80.3732,25.6715],[-80.3731,25.6714],[-80.3731,25.6713],[-80.3731,25.6713],[-80.373,25.6712],[-80.373,25.6711],[-80.3729,25.6711],[-80.3729,25.671],[-80.3728,25.6709],[-80.3728,25.6709],[-80.3727,25.6708],[-80.3726,25.6707],[-80.3729,25.6705],[-80.373,25.6706],[-80.3734,25.6703],[-80.3734,25.6704],[-80.374,25.6704],[-80.374,25.6704],[-80.374,25.6706],[-80.374,25.6706],[-80.374,25.6707],[-80.3743,25.6708],[-80.3744,25.6708],[-80.3745,25.6708],[-80.3745,25.6709]]]},"properties":{"ZIPCODE":"33116"}},{"type":"Feature","geometry":{"type":"Polygon","coordinates":[[[-80.4839,25.6889],[-80.478,25.6888],[-80.4763,25.6888],[-80.4757,25.6888],[-80.4753,25.6887],[-80.4749,25.6886],[-80.4745,25.6885],[-80.4743,25.6885],[-80.4739,25.6883],[-80.4736,25.6882],[-80.4733,25.6881],[-80.4729,25.6879],[-80.4726,25.6876],[-80.4723,25.6874],[-80.472,25.6872],[-80.4717,25.6869],[-80.4715,25.6867],[-80.471,25.6862],[-80.4705,25.6858],[-80.4702,25.6854],[-80.4697,25.685],[-80.4691,25.6847],[-80.4687,25.6845],[-80.4681,25.6842],[-80.4675,25.6841],[-80.4669,25.684],[-80.4664,25.6839],[-80.462,25.6841],[-80.458,25.6842],[-80.4581,25.6858],[-80.4561,25.6859],[-80.4541,25.6864],[-80.4541,25.6843],[-80.4494,25.6844],[-80.4495,25.6861],[-80.4461,25.6862],[-80.446,25.6851],[-80.4454,25.6851],[-80.4454,25.6862],[-80.4441,25.6863],[-80.444,25.6845],[-80.4421,25.6846],[-80.442,25.6857],[-80.4412,25.6857],[-80.4411,25.6846],[-80.4399,25.6848],[-80.4399,25.6853],[-80.4383,25.6858],[-80.4386,25.6864],[-80.4367,25.6865],[-80.4366,25.6865],[-80.4359,25.6865],[-80.436,25.6859],[-80.4345,25.6859],[-80.4331,25.6857],[-80.4331,25.6849],[-80.4299,25.685],[-80.4299,25.6848],[-80.4288,25.6848],[-80.4288,25.6828],[-80.4288,25.6813],[-80.4299,25.6813],[-80.4299,25.6821],[-80.43,25.6823],[-80.4303,25.6816],[-80.4306,25.6812],[-80.4311,25.6807],[-80.4317,25.6803],[-80.4323,25.6796],[-80.4326,25.6792],[-80.4327,25.6787],[-80.4328,25.6783],[-80.4328,25.6775],[-80.4326,25.6747],[-80.4326,25.6735],[-80.4326,25.6718],[-80.4326,25.6703],[-80.4325,25.6685],[-80.4324,25.6667],[-80.4324,25.6647],[-80.4323,25.6643],[-80.4323,25.6629],[-80.4322,25.6614],[-80.4322,25.6607],[-80.4321,25.6592],[-80.4301,25.6592],[-80.4301,25.6571],[-80.4307,25.6571],[-80.4307,25.6566],[-80.4321,25.6565],[-80.432,25.6555],[-80.4481,25.6549],[-80.4471,25.6401],[-80.4314,25.6405],[-80.4314,25.6394],[-80.4307,25.6395],[-80.4307,25.6389],[-80.4313,25.6388],[-80.4312,25.6385],[-80.4314,25.6384],[-80.4318,25.6381],[-80.4324,25.6384],[-80.4326,25.638],[-80.4327,25.638],[-80.4328,25.6377],[-80.4325,25.6375],[-80.4319,25.6368],[-80.4309,25.6357],[-80.4307,25.6354],[-80.4306,25.6352],[-80.4307,25.635],[-80.4307,25.6336],[-80.431,25.6336],[-80.431,25.6329],[-80.4311,25.6327],[-80.4313,25.6324],[-80.4317,25.6319],[-80.4321,25.6314],[-80.4322,25.6311],[-80.4322,25.6309],[-80.4307,25.6309],[-80.4307,25.6284],[-80.4308,25.6284],[-80.4308,25.6279],[-80.4312,25.6279],[-80.4312,25.6274],[-80.4312,25.6272],[-80.431,25.6272],[-80.431,25.627],[-80.431,25.6269],[-80.431,25.6265],[-80.4309,25.6265],[-80.4309,25.6263],[-80.4307,25.6262],[-80.4307,25.6258],[-80.4307,25.6257],[-80.4354,25.6256],[-80.4387,25.6255],[-80.4424,25.6254],[-80.4428,25.6254],[-80.4428,25.6256],[-80.4429,25.6256],[-80.4429,25.6254],[-80.4451,25.6254],[-80.447,25.6254],[-80.4471,25.6254],[-80.4472,25.6272],[-80.4492,25.6271],[-80.4492,25.6253],[-80.4552,25.6251],[-80.4634,25.6249],[-80.4658,25.6248],[-80.4673,25.6247],[-80.4715,25.6245],[-80.4796,25.6241],[-80.4799,25.6234],[-80.4957,25.6233],[-80.498,25.6233],[-80.5117,25.6232],[-80.5135,25.6232],[-80.5136,25.625],[-80.5146,25.625],[-80.5146,25.6232],[-80.5157,25.6232],[-80.5185,25.6232],[-80.5186,25.625],[-80.5195,25.625],[-80.5194,25.6232],[-80.5197,25.6232],[-80.5216,25.6232],[-80.5217,25.625],[-80.5226,25.625],[-80.5226,25.6232],[-80.5237,25.6232],[-80.5237,25.625],[-80.5246,25.625],[-80.5248,25.6232],[-80.5258,25.6232],[-80.5265,25.6232],[-80.5266,25.624],[-80.5276,25.624],[-80.5276,25.6232],[-80.5298,25.6231],[-80.5305,25.6231],[-80.5306,25.6249],[-80.5316,25.6249],[-80.5316,25.6232],[-80.5358,25.6231],[-80.5375,25.6231],[-80.5377,25.6249],[-80.5381,25.6249],[-80.5383,25.6231],[-80.5398,25.6231],[-80.5406,25.6231],[-80.5406,25.6249],[-80.5426,25.6249],[-80.5427,25.6231],[-80.5438,25.6231],[-80.5456,25.6231],[-80.5457,25.624],[-80.5463,25.6239],[-80.5464,25.6231],[-80.5479,25.6231],[-80.5519,25.623],[-80.5558,25.623],[-80.5585,25.623],[-80.5609,25.623],[-80.5699,25.623],[-80.5756,25.6229],[-80.576,25.6229],[-80.576,25.6229],[-80.5918,25.623],[-80.5945,25.623],[-80.5945,25.6238],[-80.5954,25.6238],[-80.5954,25.623],[-80.8734,25.6235],[-80.8727,25.688],[-80.5459,25.6883],[-80.4961,25.6894],[-80.4855,25.6892],[-80.4839,25.6889]]]},"properties":{"ZIPCODE":"33196"}},{"type":"Feature","geometry":{"type":"Polygon","coordinates":[[[-80.384,25.5073],[-80.3817,25.5044],[-80.3807,25.5031],[-80.3802,25.5026],[-80.3809,25.502],[-80.379,25.5001],[-80.3804,25.4991],[-80.3818,25.4982],[-80.3837,25.4967],[-80.3874,25.4939],[-80.3914,25.4908],[-80.392,25.4903],[-80.3923,25.4905],[-80.3928,25.4901],[-80.3944,25.4917],[-80.3944,25.4923],[-80.3949,25.4923],[-80.395,25.4961],[-80.3944,25.4962],[-80.3943,25.4969],[-80.3938,25.4973],[-80.3938,25.4982],[-80.3941,25.4989],[-80.3941,25.4998],[-80.3946,25.4998],[-80.3967,25.4998],[-80.397,25.4998],[-80.399,25.4998],[-80.3996,25.4998],[-80.4015,25.4998],[-80.4015,25.4998],[-80.404,25.4997],[-80.4042,25.4997],[-80.4042,25.4993],[-80.4042,25.4978],[-80.405,25.4978],[-80.4047,25.4884],[-80.4115,25.4883],[-80.4113,25.4811],[-80.4039,25.4811],[-80.4039,25.4742],[-80.3878,25.4743],[-80.3877,25.4761],[-80.3859,25.4761],[-80.386,25.4823],[-80.3696,25.4955],[-80.3656,25.4988],[-80.3669,25.5009],[-80.3658,25.5017],[-80.3666,25.5025],[-80.3677,25.5017],[-80.3697,25.5039],[-80.3697,25.5039],[-80.3639,25.5076],[-80.3597,25.5076],[-80.3526,25.5076],[-80.3526,25.5076],[-80.3474,25.5076],[-80.3474,25.5076],[-80.3469,25.5076],[-80.3339,25.5075],[-80.3339,25.5075],[-80.3338,25.5073],[-80.334,25.507],[-80.3342,25.5062],[-80.334,25.5056],[-80.3335,25.505],[-80.333,25.5045],[-80.3325,25.5039],[-80.3327,25.5039],[-80.333,25.504],[-80.3334,25.5043],[-80.3338,25.5047],[-80.3342,25.505],[-80.3348,25.5055],[-80.3354,25.5057],[-80.3353,25.5062],[-80.3356,25.5067],[-80.3358,25.5064],[-80.3359,25.5062],[-80.336,25.5059],[-80.3363,25.5058],[-80.3367,25.5056],[-80.3364,25.5052],[-80.3368,25.5048],[-80.3373,25.5046],[-80.3376,25.5045],[-80.3376,25.5042],[-80.3374,25.5039],[-80.3376,25.5038],[-80.3379,25.5038],[-80.3383,25.5039],[-80.3386,25.5038],[-80.3387,25.5032],[-80.3389,25.5027],[-80.3386,25.5023],[-80.3388,25.5019],[-80.339,25.5017],[-80.3393,25.5012],[-80.3394,25.5009],[-80.3397,25.5007],[-80.3395,25.5004],[-80.3389,25.5004],[-80.3389,25.4998],[-80.3398,25.4996],[-80.3401,25.499],[-80.3404,25.4989],[-80.3407,25.499],[-80.3411,25.4988],[-80.3412,25.4983],[-80.3411,25.4976],[-80.3405,25.4973],[-80.3402,25.4974],[-80.3399,25.4974],[-80.3395,25.4973],[-80.3394,25.4971],[-80.3393,25.4968],[-80.3392,25.4955],[-80.3386,25.4946],[-80.3384,25.4941],[-80.3382,25.4937],[-80.3377,25.4936],[-80.3371,25.4938],[-80.3369,25.4937],[-80.3371,25.4934],[-80.3374,25.4933],[-80.3377,25.4933],[-80.3382,25.4932],[-80.3385,25.4932],[-80.3387,25.4933],[-80.3387,25.4936],[-80.3387,25.494],[-80.3389,25.4944],[-80.3396,25.4946],[-80.3398,25.4943],[-80.3395,25.4941],[-80.3397,25.4938],[-80.3401,25.4938],[-80.3403,25.4934],[-80.3406,25.4931],[-80.3406,25.4928],[-80.3404,25.4926],[-80.3403,25.4921],[-80.3403,25.4907],[-80.34,25.4905],[-80.3402,25.4902],[-80.3404,25.4896],[-80.3403,25.4889],[-80.3403,25.4881],[-80.3402,25.4874],[-80.3398,25.4864],[-80.34,25.486],[-80.3396,25.4851],[-80.3396,25.4844],[-80.3394,25.4834],[-80.3395,25.4825],[-80.3397,25.482],[-80.3401,25.4816],[-80.3403,25.4808],[-80.3403,25.4796],[-80.34,25.4788],[-80.3404,25.4768],[-80.3403,25.4765],[-80.3406,25.4749],[-80.3404,25.4743],[-80.3404,25.4741],[-80.3405,25.4739],[-80.3404,25.4735],[-80.3404,25.4733],[-80.3404,25.4725],[-80.3402,25.4709],[-80.3403,25.4705],[-80.3403,25.4702],[-80.3395,25.4701],[-80.3386,25.4701],[-80.3385,25.4699],[-80.3388,25.4698],[-80.3395,25.4698],[-80.3402,25.4697],[-80.3401,25.469],[-80.3399,25.4688],[-80.34,25.4686],[-80.3398,25.468],[-80.3396,25.4677],[-80.3387,25.4666],[-80.3381,25.4661],[-80.3372,25.4654],[-80.3367,25.465],[-80.3363,25.4649],[-80.3358,25.4649],[-80.3356,25.4649],[-80.3354,25.4649],[-80.3353,25.4649],[-80.3351,25.4651],[-80.3347,25.4651],[-80.3343,25.4652],[-80.3342,25.4652],[-80.3341,25.4651],[-80.3339,25.4647],[-80.3337,25.4641],[-80.3336,25.4636],[-80.3334,25.4635],[-80.3331,25.4635],[-80.3328,25.4635],[-80.3326,25.4635],[-80.3326,25.4633],[-80.333,25.4633],[-80.3333,25.4633],[-80.3336,25.4633],[-80.3337,25.4634],[-80.3338,25.4642],[-80.3339,25.4646],[-80.3341,25.4648],[-80.3341,25.465],[-80.3343,25.465],[-80.3345,25.465],[-80.3344,25.4644],[-80.3341,25.4644],[-80.334,25.4644],[-80.3343,25.4643],[-80.3346,25.4643],[-80.3345,25.4642],[-80.3343,25.4642],[-80.3341,25.4642],[-80.334,25.4641],[-80.334,25.464],[-80.3342,25.464],[-80.3343,25.4639],[-80.3342,25.4639],[-80.3342,25.4638],[-80.3342,25.4637],[-80.3342,25.4637],[-80.3343,25.4636],[-80.3341,25.4634],[-80.3341,25.4634],[-80.3342,25.4633],[-80.3343,25.4633],[-80.3343,25.4632],[-80.3344,25.4632],[-80.3345,25.4631],[-80.3345,25.4631],[-80.3346,25.463],[-80.3347,25.463],[-80.3348,25.463],[-80.3349,25.463],[-80.335,25.4628],[-80.3351,25.4628],[-80.3352,25.4627],[-80.3353,25.4627],[-80.3353,25.4626],[-80.3353,25.4626],[-80.3352,25.4626],[-80.3351,25.4626],[-80.335,25.4624],[-80.335,25.4623],[-80.3349,25.4621],[-80.3349,25.4618],[-80.335,25.4616],[-80.335,25.4615],[-80.3351,25.4613],[-80.3353,25.4612],[-80.3356,25.461],[-80.3358,25.4611],[-80.336,25.4611],[-80.3363,25.4611],[-80.3364,25.461],[-80.3365,25.4609],[-80.3366,25.4608],[-80.3367,25.4607],[-80.3367,25.4606],[-80.3376,25.4602],[-80.3384,25.4599],[-80.3394,25.4599],[-80.3406,25.4601],[-80.3416,25.4604],[-80.3424,25.4607],[-80.3436,25.4612],[-80.3447,25.4618],[-80.3459,25.4623],[-80.3466,25.4626],[-80.3473,25.4627],[-80.3552,25.4626],[-80.3632,25.4626],[-80.3796,25.4626],[-80.3809,25.4626],[-80.3809,25.4602],[-80.3823,25.4602],[-80.3823,25.4626],[-80.3836,25.4626],[-80.3876,25.4626],[-80.3888,25.4626],[-80.3916,25.4626],[-80.3957,25.4626],[-80.3997,25.4626],[-80.4038,25.4626],[-80.4279,25.4625],[-80.431,25.4624],[-80.4318,25.4624],[-80.4318,25.4621],[-80.4321,25.4621],[-80.4321,25.4624],[-80.4372,25.4623],[-80.452,25.4623],[-80.4527,25.4623],[-80.4534,25.4626],[-80.4608,25.4626],[-80.4608,25.4626],[-80.4608,25.4626],[-80.4608,25.4645],[-80.4608,25.468],[-80.4596,25.4681],[-80.4593,25.4682],[-80.459,25.4684],[-80.4588,25.4689],[-80.4589,25.47],[-80.4594,25.4701],[-80.4594,25.4702],[-80.4595,25.4728],[-80.4608,25.4728],[-80.4608,25.4734],[-80.4598,25.4734],[-80.4598,25.4737],[-80.4568,25.4737],[-80.4568,25.4746],[-80.4608,25.4745],[-80.4608,25.4748],[-80.4608,25.4748],[-80.4601,25.4749],[-80.4601,25.4753],[-80.4608,25.4753],[-80.4609,25.4753],[-80.4609,25.4773],[-80.4609,25.4783],[-80.4605,25.4783],[-80.4606,25.4792],[-80.4604,25.4792],[-80.4604,25.4819],[-80.4599,25.4819],[-80.4599,25.4829],[-80.4589,25.4829],[-80.4589,25.4836],[-80.4589,25.4845],[-80.4641,25.4846],[-80.4641,25.4873],[-80.461,25.4873],[-80.4611,25.4919],[-80.4611,25.4946],[-80.4606,25.4946],[-80.4606,25.4954],[-80.4606,25.4957],[-80.4591,25.4957],[-80.4591,25.4974],[-80.4604,25.4974],[-80.4604,25.498],[-80.4611,25.498],[-80.4611,25.4974],[-80.4612,25.4974],[-80.4612,25.4993],[-80.4573,25.4994],[-80.4573,25.5046],[-80.4609,25.5046],[-80.4609,25.5065],[-80.4593,25.5065],[-80.4589,25.5065],[-80.4588,25.5065],[-80.4588,25.5065],[-80.4588,25.5065],[-80.4588,25.5062],[-80.4588,25.5062],[-80.4583,25.5062],[-80.4583,25.5062],[-80.4583,25.506],[-80.4583,25.506],[-80.458,25.506],[-80.458,25.5061],[-80.4573,25.5061],[-80.4573,25.5056],[-80.4552,25.5056],[-80.4553,25.5061],[-80.4553,25.5061],[-80.4533,25.5061],[-80.4533,25.5061],[-80.4533,25.5061],[-80.4533,25.5061],[-80.4533,25.5061],[-80.4516,25.5061],[-80.4516,25.5061],[-80.4506,25.5061],[-80.4506,25.5065],[-80.4497,25.5065],[-80.4497,25.5061],[-80.4497,25.5061],[-80.4471,25.5062],[-80.4471,25.5062],[-80.4471,25.5057],[-80.4471,25.5057],[-80.446,25.5057],[-80.446,25.5066],[-80.4448,25.5066],[-80.444,25.5066],[-80.444,25.5065],[-80.444,25.5065],[-80.444,25.5057],[-80.4418,25.5058],[-80.4414,25.5062],[-80.4415,25.5065],[-80.4389,25.5066],[-80.4389,25.5059],[-80.4377,25.5059],[-80.4377,25.5066],[-80.4323,25.5068],[-80.4311,25.5068],[-80.4311,25.5068],[-80.4311,25.5059],[-80.4311,25.5059],[-80.4302,25.5059],[-80.4301,25.5069],[-80.4301,25.5069],[-80.4288,25.5069],[-80.4288,25.505],[-80.4288,25.505],[-80.4278,25.505],[-80.4277,25.5042],[-80.4274,25.5042],[-80.4274,25.5049],[-80.4274,25.5055],[-80.4274,25.5055],[-80.4274,25.5055],[-80.4269,25.5055],[-80.4268,25.5054],[-80.4268,25.5054],[-80.4267,25.5054],[-80.4266,25.5055],[-80.4265,25.5055],[-80.4265,25.5056],[-80.4263,25.5056],[-80.4263,25.5055],[-80.4262,25.5055],[-80.4262,25.505],[-80.4254,25.505],[-80.4254,25.5044],[-80.4252,25.5044],[-80.4252,25.505],[-80.4248,25.505],[-80.4248,25.5053],[-80.4248,25.5056],[-80.4248,25.5059],[-80.4248,25.5061],[-80.4247,25.5065],[-80.4247,25.5068],[-80.4246,25.5068],[-80.4246,25.5068],[-80.4206,25.5068],[-80.4168,25.5068],[-80.4156,25.5072],[-80.4156,25.5072],[-80.4124,25.5071],[-80.4117,25.507],[-80.4117,25.5069],[-80.4117,25.5069],[-80.4116,25.5069],[-80.4116,25.5072],[-80.4113,25.5071],[-80.4113,25.5069],[-80.4105,25.5069],[-80.4105,25.5069],[-80.4105,25.5067],[-80.4102,25.5068],[-80.4102,25.5068],[-80.4101,25.5066],[-80.4101,25.5066],[-80.4097,25.5066],[-80.4093,25.5066],[-80.4093,25.507],[-80.4074,25.507],[-80.4074,25.5067],[-80.4047,25.5067],[-80.4047,25.5071],[-80.4042,25.5071],[-80.4042,25.5071],[-80.4042,25.5066],[-80.4042,25.5066],[-80.401,25.5066],[-80.4011,25.5068],[-80.4011,25.5071],[-80.4007,25.5071],[-80.4007,25.5071],[-80.4007,25.507],[-80.4007,25.5069],[-80.4007,25.5069],[-80.4007,25.5068],[-80.4006,25.5068],[-80.4005,25.5067],[-80.3995,25.5067],[-80.3995,25.5067],[-80.3995,25.507],[-80.3995,25.5071],[-80.396,25.5071],[-80.3959,25.5065],[-80.3927,25.5065],[-80.3927,25.5072],[-80.3878,25.5072],[-80.3878,25.5091],[-80.386,25.5091],[-80.386,25.5091],[-80.384,25.5073]]]},"properties":{"ZIPCODE":"33033"}},{"type":"Feature","geometry":{"type":"Polygon","coordinates":[[[-80.4722,25.5726],[-80.4722,25.566],[-80.4712,25.5661],[-80.4712,25.5671],[-80.4702,25.5671],[-80.4702,25.5654],[-80.4619,25.5656],[-80.4598,25.5656],[-80.4599,25.5673],[-80.4578,25.5674],[-80.4578,25.5665],[-80.4558,25.5665],[-80.4537,25.5665],[-80.4537,25.5656],[-80.4487,25.5657],[-80.4487,25.5693],[-80.4477,25.5693],[-80.4476,25.5657],[-80.4416,25.5657],[-80.4416,25.5676],[-80.4335,25.5676],[-80.4294,25.5677],[-80.4294,25.5664],[-80.4287,25.5665],[-80.4287,25.566],[-80.4284,25.566],[-80.4284,25.5677],[-80.4273,25.5677],[-80.4274,25.5695],[-80.4274,25.5695],[-80.4254,25.5696],[-80.4246,25.5696],[-80.4241,25.5694],[-80.4237,25.5691],[-80.4235,25.5687],[-80.4234,25.5683],[-80.4234,25.5673],[-80.4234,25.5659],[-80.4192,25.566],[-80.4152,25.566],[-80.4152,25.5697],[-80.4142,25.5697],[-80.4141,25.566],[-80.4131,25.566],[-80.4131,25.5669],[-80.411,25.5669],[-80.411,25.566],[-80.407,25.5661],[-80.403,25.5661],[-80.3999,25.5661],[-80.3999,25.5679],[-80.3989,25.5679],[-80.3989,25.5661],[-80.3968,25.5662],[-80.3968,25.567],[-80.3967,25.5674],[-80.3956,25.5674],[-80.3956,25.5661],[-80.3948,25.5661],[-80.3948,25.5671],[-80.3942,25.5671],[-80.3941,25.5661],[-80.3938,25.5661],[-80.3928,25.5662],[-80.3928,25.5674],[-80.3918,25.5674],[-80.3917,25.5663],[-80.3912,25.5663],[-80.3912,25.5671],[-80.3907,25.5671],[-80.3907,25.5663],[-80.3888,25.5663],[-80.3886,25.5663],[-80.3886,25.5666],[-80.3884,25.5666],[-80.3884,25.5663],[-80.3881,25.5663],[-80.3881,25.5666],[-80.3874,25.5666],[-80.3874,25.5663],[-80.3866,25.5663],[-80.3866,25.5667],[-80.3845,25.5667],[-80.3845,25.5672],[-80.3836,25.5672],[-80.3836,25.5663],[-80.3831,25.5663],[-80.3831,25.568],[-80.3826,25.568],[-80.3826,25.5664],[-80.3823,25.5664],[-80.3823,25.5664],[-80.3806,25.5664],[-80.3806,25.5671],[-80.3795,25.5671],[-80.3795,25.5665],[-80.3791,25.5665],[-80.3791,25.5668],[-80.3785,25.5668],[-80.3785,25.5665],[-80.3785,25.5665],[-80.3783,25.5665],[-80.3783,25.5668],[-80.3781,25.5668],[-80.3781,25.5665],[-80.378,25.5665],[-80.378,25.5671],[-80.3775,25.5671],[-80.3775,25.5665],[-80.3773,25.5665],[-80.377,25.5665],[-80.3769,25.5666],[-80.3766,25.5667],[-80.3766,25.5671],[-80.3759,25.5671],[-80.3759,25.5672],[-80.3759,25.5674],[-80.3751,25.5674],[-80.3751,25.567],[-80.3749,25.567],[-80.3749,25.5667],[-80.3744,25.5667],[-80.3744,25.5665],[-80.3733,25.5665],[-80.3733,25.5672],[-80.3709,25.5673],[-80.3709,25.5666],[-80.3703,25.5666],[-80.3681,25.5666],[-80.3682,25.5692],[-80.3664,25.5688],[-80.3642,25.5683],[-80.363,25.5683],[-80.363,25.5662],[-80.3629,25.5616],[-80.3629,25.5591],[-80.3628,25.5517],[-80.3628,25.5517],[-80.3628,25.5517],[-80.3628,25.5517],[-80.372,25.5517],[-80.3721,25.5517],[-80.3731,25.5517],[-80.3732,25.5512],[-80.374,25.5512],[-80.374,25.5512],[-80.3741,25.5517],[-80.3741,25.5517],[-80.3741,25.5517],[-80.3802,25.5516],[-80.3802,25.5516],[-80.3802,25.5516],[-80.3843,25.5515],[-80.3843,25.5507],[-80.3863,25.5506],[-80.3863,25.5514],[-80.3859,25.5514],[-80.3859,25.5515],[-80.3874,25.5515],[-80.3874,25.5506],[-80.3883,25.5506],[-80.3904,25.5506],[-80.3904,25.5515],[-80.3925,25.5515],[-80.3972,25.5513],[-80.3986,25.5498],[-80.3986,25.5513],[-80.4017,25.5512],[-80.4017,25.5499],[-80.4047,25.5499],[-80.4047,25.5504],[-80.4058,25.5504],[-80.4058,25.5496],[-80.4068,25.5495],[-80.4068,25.5512],[-80.409,25.5512],[-80.4089,25.5502],[-80.4099,25.5502],[-80.4099,25.5495],[-80.4109,25.5494],[-80.411,25.5511],[-80.4151,25.5511],[-80.4149,25.5439],[-80.417,25.5439],[-80.4171,25.5511],[-80.4191,25.551],[-80.4191,25.5502],[-80.421,25.5502],[-80.4212,25.5502],[-80.4212,25.5494],[-80.4231,25.5493],[-80.4231,25.5502],[-80.4241,25.5502],[-80.4241,25.5475],[-80.4251,25.5475],[-80.4251,25.5493],[-80.4261,25.5493],[-80.4261,25.5475],[-80.4271,25.5475],[-80.4272,25.5493],[-80.4292,25.5493],[-80.4293,25.5509],[-80.4372,25.5509],[-80.4372,25.5503],[-80.4395,25.5502],[-80.4404,25.5502],[-80.4404,25.5492],[-80.4425,25.5492],[-80.4425,25.5492],[-80.4425,25.5509],[-80.4425,25.5509],[-80.4445,25.5508],[-80.4445,25.55],[-80.4454,25.55],[-80.4454,25.5473],[-80.4475,25.5472],[-80.4496,25.5472],[-80.4496,25.5472],[-80.4496,25.5491],[-80.4496,25.5491],[-80.4516,25.5491],[-80.4516,25.5491],[-80.4516,25.5507],[-80.4536,25.5508],[-80.4536,25.5501],[-80.4542,25.5501],[-80.4542,25.5501],[-80.4542,25.5501],[-80.4542,25.5508],[-80.4578,25.5508],[-80.4577,25.5499],[-80.4597,25.5499],[-80.4597,25.549],[-80.4618,25.5489],[-80.4649,25.5488],[-80.4649,25.5471],[-80.4671,25.547],[-80.4671,25.5507],[-80.4681,25.5507],[-80.4681,25.5507],[-80.4681,25.5495],[-80.469,25.5495],[-80.469,25.5495],[-80.469,25.5488],[-80.4699,25.5488],[-80.47,25.5488],[-80.472,25.5488],[-80.472,25.547],[-80.474,25.5469],[-80.474,25.5469],[-80.4741,25.5487],[-80.4741,25.5487],[-80.4759,25.5486],[-80.4759,25.5486],[-80.4759,25.5505],[-80.4759,25.5505],[-80.4781,25.5504],[-80.4801,25.5504],[-80.4801,25.5504],[-80.4802,25.5486],[-80.4842,25.5486],[-80.4842,25.5504],[-80.4842,25.5504],[-80.4862,25.5504],[-80.4862,25.548],[-80.4882,25.5479],[-80.4882,25.5467],[-80.4903,25.5467],[-80.4903,25.5467],[-80.4903,25.5467],[-80.4903,25.5503],[-80.4943,25.5502],[-80.4964,25.5501],[-80.4964,25.5485],[-80.4984,25.5484],[-80.5015,25.5484],[-80.5015,25.5484],[-80.5015,25.5484],[-80.5025,25.5485],[-80.5045,25.5485],[-80.5064,25.5484],[-80.5066,25.5484],[-80.5076,25.5485],[-80.5076,25.5485],[-80.5076,25.5492],[-80.5076,25.5493],[-80.5086,25.5493],[-80.5096,25.5493],[-80.5096,25.5493],[-80.5096,25.5493],[-80.5096,25.5501],[-80.5107,25.5501],[-80.5107,25.5501],[-80.5127,25.5501],[-80.5148,25.5501],[-80.5147,25.5495],[-80.5147,25.5495],[-80.5157,25.5495],[-80.5157,25.5484],[-80.5177,25.5484],[-80.5177,25.5484],[-80.5177,25.5502],[-80.5177,25.5502],[-80.5218,25.5502],[-80.5269,25.5501],[-80.5269,25.5492],[-80.5279,25.5492],[-80.5279,25.549],[-80.5288,25.549],[-80.5324,25.549],[-80.5324,25.549],[-80.5324,25.5499],[-80.5324,25.5499],[-80.5324,25.5499],[-80.5333,25.5499],[-80.5333,25.549],[-80.5339,25.549],[-80.5339,25.549],[-80.5339,25.5492],[-80.5339,25.5492],[-80.5348,25.5492],[-80.5348,25.5492],[-80.5349,25.5499],[-80.5349,25.5499],[-80.5361,25.5498],[-80.5367,25.5498],[-80.5367,25.549],[-80.5407,25.549],[-80.5407,25.5481],[-80.5412,25.5481],[-80.5412,25.5499],[-80.5429,25.5499],[-80.5429,25.5482],[-80.5468,25.5482],[-80.547,25.55],[-80.547,25.55],[-80.5485,25.5499],[-80.5591,25.5499],[-80.5631,25.5499],[-80.5749,25.5498],[-80.5885,25.5496],[-80.5885,25.5496],[-80.5885,25.5496],[-80.8733,25.5502],[-80.8737,25.5651],[-80.8693,25.5651],[-80.5887,25.5644],[-80.5668,25.5647],[-80.5592,25.5648],[-80.553,25.5649],[-80.5398,25.5646],[-80.5399,25.566],[-80.5392,25.5665],[-80.5382,25.5665],[-80.5381,25.5656],[-80.5371,25.5656],[-80.5352,25.5656],[-80.5342,25.5656],[-80.5336,25.5656],[-80.5331,25.5656],[-80.5313,25.5656],[-80.5313,25.5686],[-80.527,25.5686],[-80.527,25.5665],[-80.5249,25.5665],[-80.5249,25.5683],[-80.523,25.5684],[-80.523,25.5647],[-80.5209,25.5648],[-80.5209,25.5657],[-80.5188,25.5657],[-80.5188,25.5683],[-80.5149,25.5684],[-80.5149,25.5659],[-80.5118,25.5659],[-80.5118,25.5648],[-80.5093,25.5648],[-80.5093,25.5657],[-80.5067,25.5657],[-80.5067,25.5648],[-80.5016,25.5648],[-80.5016,25.5658],[-80.5013,25.5658],[-80.5013,25.5655],[-80.5006,25.5655],[-80.5006,25.5685],[-80.4971,25.5686],[-80.4971,25.5669],[-80.4946,25.5669],[-80.4946,25.5662],[-80.4961,25.5662],[-80.4961,25.565],[-80.4935,25.565],[-80.4935,25.5658],[-80.4927,25.5658],[-80.4927,25.565],[-80.4919,25.5651],[-80.4919,25.5686],[-80.4914,25.5686],[-80.4914,25.5651],[-80.4909,25.5651],[-80.4909,25.5657],[-80.4905,25.5657],[-80.4897,25.5656],[-80.4897,25.5659],[-80.4894,25.5659],[-80.4894,25.5651],[-80.4889,25.5651],[-80.4889,25.5656],[-80.4883,25.5656],[-80.4883,25.5659],[-80.4879,25.5659],[-80.4879,25.5687],[-80.4894,25.5686],[-80.4894,25.5723],[-80.4864,25.5723],[-80.4864,25.5687],[-80.4854,25.5687],[-80.4853,25.5651],[-80.4843,25.5652],[-80.4843,25.5669],[-80.4803,25.5669],[-80.4803,25.566],[-80.4793,25.566],[-80.4793,25.5652],[-80.4742,25.5653],[-80.4742,25.5725],[-80.4722,25.5726]]]},"properties":{"ZIPCODE":"33170"}},{"type":"Feature","geometry":{"type":"Polygon","coordinates":[[[-80.1325,25.7633],[-80.138,25.7518],[-80.1422,25.7548],[-80.158,25.7651],[-80.1448,25.7652],[-80.1403,25.7664],[-80.1325,25.7633]]]},"properties":{"ZIPCODE":"33109"}},{"type":"Feature","geometry":{"type":"Polygon","coordinates":[[[-80.3594,25.5941],[-80.3598,25.5941],[-80.3602,25.5941],[-80.3602,25.5945],[-80.3603,25.596],[-80.3603,25.596],[-80.3603,25.596],[-80.3603,25.596],[-80.3602,25.596],[-80.3602,25.596],[-80.3602,25.596],[-80.3602,25.596],[-80.3602,25.596],[-80.3602,25.596],[-80.3595,25.596],[-80.3595,25.596],[-80.3595,25.596],[-80.3594,25.596],[-80.3594,25.596],[-80.3594,25.596],[-80.3594,25.596],[-80.3594,25.596],[-80.3594,25.596],[-80.3594,25.596],[-80.3594,25.596],[-80.3594,25.5946],[-80.3594,25.5941]]]},"properties":{"ZIPCODE":"33197"}},{"type":"Feature","geometry":{"type":"Polygon","coordinates":[[[-80.3935,25.8079],[-80.3935,25.8079],[-80.3906,25.8079],[-80.387,25.8079],[-80.3867,25.808],[-80.3863,25.808],[-80.3863,25.8071],[-80.3858,25.8071],[-80.3855,25.8071],[-80.3853,25.8071],[-80.3853,25.8043],[-80.385,25.7971],[-80.3849,25.7966],[-80.3847,25.7877],[-80.3847,25.7825],[-80.3848,25.782],[-80.3848,25.7819],[-80.3849,25.7752],[-80.3848,25.7731],[-80.3848,25.7709],[-80.3848,25.7699],[-80.3847,25.7684],[-80.3848,25.7682],[-80.3869,25.7681],[-80.3868,25.7662],[-80.3889,25.7662],[-80.389,25.768],[-80.39,25.768],[-80.3909,25.7679],[-80.3911,25.7679],[-80.391,25.7672],[-80.3928,25.7672],[-80.3928,25.7679],[-80.3974,25.7678],[-80.4031,25.7676],[-80.4031,25.7679],[-80.4039,25.7679],[-80.4039,25.7682],[-80.4049,25.7682],[-80.4049,25.7675],[-80.4088,25.7674],[-80.409,25.7674],[-80.409,25.7692],[-80.4099,25.7691],[-80.4103,25.7691],[-80.4103,25.769],[-80.4103,25.7674],[-80.4126,25.7673],[-80.4127,25.7689],[-80.4127,25.7691],[-80.4138,25.769],[-80.4138,25.7672],[-80.4142,25.7672],[-80.4142,25.767],[-80.415,25.7669],[-80.415,25.7672],[-80.415,25.7674],[-80.4154,25.7673],[-80.4154,25.7672],[-80.416,25.7671],[-80.416,25.7669],[-80.4163,25.7669],[-80.4163,25.7671],[-80.4164,25.7671],[-80.4164,25.7673],[-80.4169,25.7673],[-80.4169,25.7671],[-80.433,25.7667],[-80.4332,25.772],[-80.4333,25.7972],[-80.4333,25.7972],[-80.4306,25.7972],[-80.4261,25.7972],[-80.4223,25.7971],[-80.4222,25.7967],[-80.4222,25.7967],[-80.4168,25.7967],[-80.4168,25.8117],[-80.3936,25.8115],[-80.3936,25.8115],[-80.3935,25.8079]]]},"properties":{"ZIPCODE":"33182"}},{"type":"Feature","geometry":{"type":"Polygon","coordinates":[[[-80.2964,25.7948],[-80.2792,25.7858],[-80.2777,25.7856],[-80.2763,25.7853],[-80.2747,25.785],[-80.274,25.7851],[-80.2734,25.7853],[-80.2728,25.7858],[-80.2728,25.7859],[-80.2728,25.7859],[-80.2728,25.7859],[-80.2716,25.7878],[-80.2689,25.7916],[-80.2689,25.7916],[-80.2689,25.7916],[-80.2689,25.7916],[-80.2689,25.7916],[-80.2689,25.7916],[-80.2678,25.7931],[-80.2678,25.7942],[-80.2644,25.7943],[-80.2644,25.7943],[-80.264,25.7943],[-80.264,25.7935],[-80.2639,25.7892],[-80.2639,25.7883],[-80.2637,25.7877],[-80.2622,25.7864],[-80.2559,25.7866],[-80.2559,25.786],[-80.2559,25.7848],[-80.2559,25.7847],[-80.2564,25.7847],[-80.2563,25.7828],[-80.2558,25.7828],[-80.2558,25.7827],[-80.2558,25.7808],[-80.2563,25.7808],[-80.2562,25.7791],[-80.2562,25.7791],[-80.2562,25.7791],[-80.2562,25.7788],[-80.2584,25.7788],[-80.2582,25.7746],[-80.2561,25.7746],[-80.2561,25.774],[-80.2561,25.7728],[-80.2561,25.7725],[-80.2582,25.7725],[-80.2596,25.7725],[-80.2617,25.7724],[-80.2621,25.7722],[-80.2635,25.7722],[-80.2635,25.7717],[-80.2636,25.7717],[-80.2641,25.7717],[-80.2641,25.772],[-80.2641,25.7721],[-80.2649,25.7721],[-80.2649,25.7725],[-80.2657,25.7725],[-80.2657,25.7721],[-80.2664,25.7721],[-80.2669,25.7721],[-80.2669,25.7719],[-80.2671,25.7719],[-80.2671,25.7718],[-80.2669,25.7719],[-80.2669,25.7717],[-80.2677,25.7717],[-80.2677,25.772],[-80.2682,25.772],[-80.2697,25.772],[-80.2697,25.772],[-80.2697,25.7721],[-80.2707,25.7721],[-80.2708,25.7727],[-80.2711,25.7727],[-80.271,25.7719],[-80.2717,25.7719],[-80.2727,25.7718],[-80.2738,25.7718],[-80.2738,25.7718],[-80.2753,25.7718],[-80.2753,25.7713],[-80.2757,25.7713],[-80.2757,25.7718],[-80.2768,25.7717],[-80.2768,25.7713],[-80.2769,25.7713],[-80.2773,25.7712],[-80.2773,25.7717],[-80.2776,25.7717],[-80.2776,25.7712],[-80.2779,25.7712],[-80.2779,25.7716],[-80.2791,25.7715],[-80.2792,25.7718],[-80.2801,25.7717],[-80.2801,25.7715],[-80.2808,25.7715],[-80.2808,25.7712],[-80.2819,25.7712],[-80.282,25.7722],[-80.2833,25.7724],[-80.2842,25.7724],[-80.2856,25.7723],[-80.2856,25.7713],[-80.2865,25.7713],[-80.2882,25.7712],[-80.289,25.7712],[-80.2899,25.7712],[-80.2908,25.7711],[-80.2917,25.7711],[-80.2917,25.7713],[-80.2921,25.7713],[-80.2921,25.7712],[-80.2926,25.7712],[-80.2926,25.7711],[-80.2935,25.7711],[-80.2944,25.7711],[-80.2944,25.7707],[-80.2946,25.7707],[-80.2946,25.7711],[-80.295,25.7711],[-80.295,25.7707],[-80.2952,25.7707],[-80.2953,25.771],[-80.2962,25.771],[-80.2962,25.7711],[-80.2982,25.771],[-80.3012,25.771],[-80.3042,25.7709],[-80.3042,25.771],[-80.3055,25.771],[-80.3073,25.7709],[-80.3082,25.7708],[-80.3082,25.7722],[-80.3084,25.7722],[-80.3085,25.777],[-80.3086,25.777],[-80.3094,25.775],[-80.3095,25.7744],[-80.3096,25.7737],[-80.3095,25.7716],[-80.3099,25.7713],[-80.3121,25.7705],[-80.3123,25.7702],[-80.3129,25.7702],[-80.3132,25.7701],[-80.3136,25.7705],[-80.3144,25.7705],[-80.3154,25.7704],[-80.3155,25.7704],[-80.3171,25.7703],[-80.3181,25.7703],[-80.3181,25.7699],[-80.3185,25.7699],[-80.3186,25.7699],[-80.3187,25.7699],[-80.3187,25.7699],[-80.3187,25.7699],[-80.3187,25.7699],[-80.3187,25.7699],[-80.3187,25.7699],[-80.3187,25.7699],[-80.3187,25.7699],[-80.3189,25.7699],[-80.319,25.7699],[-80.319,25.7699],[-80.3191,25.7699],[-80.3203,25.7699],[-80.321,25.7767],[-80.3244,25.7767],[-80.3243,25.7711],[-80.3244,25.7706],[-80.3247,25.7704],[-80.3248,25.7704],[-80.3248,25.7706],[-80.3262,25.7706],[-80.3262,25.772],[-80.3283,25.7716],[-80.3287,25.7734],[-80.3316,25.7732],[-80.3329,25.7712],[-80.3324,25.7703],[-80.3323,25.7697],[-80.3364,25.7696],[-80.3367,25.7766],[-80.3367,25.7782],[-80.3367,25.7808],[-80.3367,25.7818],[-80.3367,25.7823],[-80.3367,25.7835],[-80.3367,25.7881],[-80.3361,25.7881],[-80.3361,25.7899],[-80.3345,25.7899],[-80.3346,25.7928],[-80.3344,25.7928],[-80.3344,25.7928],[-80.3339,25.7929],[-80.3339,25.7926],[-80.3339,25.7917],[-80.3322,25.7917],[-80.3322,25.7917],[-80.3312,25.7917],[-80.3312,25.7933],[-80.3288,25.7934],[-80.3287,25.7925],[-80.3264,25.7925],[-80.3263,25.7925],[-80.3264,25.793],[-80.3247,25.793],[-80.3247,25.793],[-80.3247,25.793],[-80.3246,25.792],[-80.3246,25.792],[-80.3242,25.792],[-80.3241,25.7923],[-80.3218,25.7923],[-80.3218,25.7932],[-80.3218,25.7932],[-80.318,25.793],[-80.318,25.793],[-80.318,25.7928],[-80.3179,25.7925],[-80.3179,25.7925],[-80.3174,25.7925],[-80.3148,25.7925],[-80.3148,25.7928],[-80.3148,25.793],[-80.3128,25.7931],[-80.3128,25.7928],[-80.3128,25.7928],[-80.3088,25.7929],[-80.3088,25.7929],[-80.307,25.7929],[-80.3033,25.7929],[-80.3033,25.7927],[-80.2977,25.7929],[-80.2964,25.7948]],[[-80.3338,25.7906],[-80.3338,25.79],[-80.3324,25.79],[-80.3324,25.7902],[-80.3325,25.7906],[-80.3338,25.7906]]]},"properties":{"ZIPCODE":"33126"}},{"type":"Feature","geometry":{"type":"Polygon","coordinates":[[[-80.3467,25.6885],[-80.3467,25.6876],[-80.3448,25.6877],[-80.3448,25.6882],[-80.3441,25.6883],[-80.3418,25.6884],[-80.3406,25.6884],[-80.3385,25.6884],[-80.3376,25.6885],[-80.3344,25.6886],[-80.3344,25.688],[-80.3335,25.6881],[-80.3335,25.6881],[-80.3336,25.6879],[-80.3337,25.6873],[-80.3336,25.6873],[-80.3336,25.6871],[-80.3336,25.6869],[-80.3335,25.6863],[-80.3335,25.6853],[-80.3345,25.6853],[-80.3345,25.6844],[-80.3345,25.6836],[-80.3355,25.6835],[-80.3354,25.6817],[-80.3346,25.6817],[-80.3345,25.6799],[-80.3334,25.6799],[-80.3333,25.6791],[-80.3345,25.6791],[-80.3345,25.6772],[-80.3353,25.6771],[-80.3353,25.6765],[-80.3347,25.6765],[-80.3347,25.6759],[-80.3352,25.6759],[-80.3352,25.6753],[-80.3347,25.6753],[-80.3346,25.6744],[-80.3352,25.6744],[-80.3352,25.674],[-80.3346,25.674],[-80.3346,25.6735],[-80.3351,25.6735],[-80.3349,25.6732],[-80.3346,25.6729],[-80.3346,25.6715],[-80.3346,25.6697],[-80.335,25.6697],[-80.335,25.6688],[-80.3345,25.6688],[-80.3345,25.6684],[-80.335,25.6683],[-80.335,25.6679],[-80.3339,25.6679],[-80.3339,25.6671],[-80.3349,25.667],[-80.3348,25.6652],[-80.3348,25.6642],[-80.3335,25.6642],[-80.3334,25.6638],[-80.3335,25.6637],[-80.3335,25.6635],[-80.334,25.6635],[-80.334,25.6633],[-80.3338,25.6633],[-80.3338,25.6629],[-80.3348,25.6629],[-80.3348,25.6623],[-80.3339,25.6624],[-80.3338,25.6606],[-80.3347,25.6605],[-80.3347,25.6587],[-80.3346,25.6575],[-80.3345,25.6558],[-80.3345,25.6549],[-80.3345,25.6535],[-80.3344,25.6524],[-80.3344,25.6512],[-80.3344,25.6508],[-80.3339,25.6508],[-80.3338,25.6492],[-80.3338,25.6478],[-80.3342,25.6477],[-80.3342,25.6468],[-80.3335,25.6465],[-80.3338,25.6456],[-80.3344,25.6441],[-80.3341,25.6439],[-80.3321,25.6439],[-80.3321,25.6439],[-80.3321,25.6436],[-80.332,25.642],[-80.332,25.641],[-80.3321,25.641],[-80.3341,25.6414],[-80.3341,25.6402],[-80.334,25.6397],[-80.334,25.6391],[-80.3336,25.6391],[-80.3335,25.6387],[-80.334,25.6387],[-80.334,25.6379],[-80.3335,25.6379],[-80.3335,25.6364],[-80.334,25.6364],[-80.334,25.636],[-80.3335,25.636],[-80.3334,25.635],[-80.3338,25.635],[-80.3338,25.6347],[-80.3337,25.6334],[-80.3336,25.6326],[-80.3333,25.6326],[-80.3331,25.6296],[-80.3331,25.6296],[-80.3331,25.6292],[-80.3334,25.6292],[-80.3336,25.6291],[-80.3341,25.6291],[-80.3341,25.6295],[-80.3344,25.6295],[-80.3344,25.6291],[-80.3345,25.6291],[-80.335,25.6291],[-80.335,25.6293],[-80.3352,25.6295],[-80.3357,25.6294],[-80.3357,25.6292],[-80.3361,25.6292],[-80.3361,25.6295],[-80.3376,25.6295],[-80.3376,25.629],[-80.3386,25.629],[-80.3387,25.629],[-80.3387,25.6294],[-80.34,25.6294],[-80.3402,25.6289],[-80.3411,25.6289],[-80.3417,25.6289],[-80.3417,25.6298],[-80.3429,25.6298],[-80.3429,25.6307],[-80.3438,25.6307],[-80.3444,25.6307],[-80.3444,25.6301],[-80.345,25.6301],[-80.345,25.6307],[-80.3458,25.6306],[-80.3464,25.6306],[-80.3481,25.6306],[-80.3487,25.6306],[-80.3482,25.6298],[-80.3481,25.6289],[-80.3498,25.6288],[-80.3498,25.6295],[-80.3509,25.6295],[-80.3509,25.6305],[-80.3519,25.6305],[-80.352,25.631],[-80.3524,25.631],[-80.3532,25.6315],[-80.3543,25.6321],[-80.3573,25.6339],[-80.3583,25.6339],[-80.3582,25.6326],[-80.358,25.6292],[-80.358,25.6289],[-80.3581,25.6289],[-80.3601,25.6288],[-80.3621,25.6287],[-80.3631,25.6287],[-80.3641,25.6286],[-80.3642,25.6286],[-80.3642,25.6283],[-80.3642,25.6281],[-80.3654,25.6281],[-80.3654,25.6286],[-80.3656,25.6286],[-80.3663,25.6286],[-80.3662,25.6285],[-80.3664,25.6285],[-80.3663,25.6282],[-80.3666,25.6282],[-80.3666,25.6285],[-80.3684,25.6285],[-80.3698,25.6284],[-80.3698,25.6279],[-80.3706,25.6279],[-80.3721,25.6278],[-80.3745,25.6277],[-80.3746,25.6294],[-80.3763,25.6294],[-80.3762,25.6276],[-80.3791,25.6275],[-80.3802,25.6274],[-80.3808,25.6282],[-80.3811,25.6285],[-80.3823,25.6285],[-80.3823,25.63],[-80.3823,25.6309],[-80.3818,25.6309],[-80.3818,25.631],[-80.3819,25.631],[-80.3819,25.6314],[-80.3819,25.6317],[-80.3818,25.6317],[-80.3819,25.6329],[-80.3825,25.6329],[-80.3825,25.6333],[-80.3819,25.6333],[-80.382,25.6336],[-80.3825,25.6336],[-80.3826,25.6345],[-80.3826,25.6352],[-80.3821,25.6353],[-80.3821,25.6356],[-80.3826,25.6356],[-80.3826,25.6363],[-80.3821,25.6363],[-80.3822,25.637],[-80.3826,25.637],[-80.3827,25.6374],[-80.3822,25.6374],[-80.3822,25.6378],[-80.3827,25.6378],[-80.3827,25.6397],[-80.3822,25.6397],[-80.3823,25.6401],[-80.3828,25.64],[-80.3828,25.6418],[-80.3829,25.6438],[-80.3821,25.6438],[-80.3822,25.6452],[-80.383,25.6452],[-80.3831,25.6467],[-80.3831,25.6477],[-80.3832,25.649],[-80.3832,25.6499],[-80.3833,25.6509],[-80.3833,25.6512],[-80.3833,25.6515],[-80.3833,25.6518],[-80.3834,25.6547],[-80.3823,25.6548],[-80.3825,25.6566],[-80.3834,25.6566],[-80.3836,25.6593],[-80.3836,25.6609],[-80.3838,25.6635],[-80.3838,25.6642],[-80.3831,25.6642],[-80.3831,25.6644],[-80.3833,25.6646],[-80.3833,25.6647],[-80.383,25.6649],[-80.3831,25.6651],[-80.3831,25.6656],[-80.3835,25.6656],[-80.3835,25.666],[-80.3831,25.6661],[-80.3833,25.6664],[-80.3839,25.6668],[-80.384,25.6686],[-80.3832,25.6686],[-80.3833,25.6695],[-80.3833,25.6696],[-80.384,25.6696],[-80.3841,25.6719],[-80.3841,25.6725],[-80.3833,25.6725],[-80.3834,25.673],[-80.3841,25.6729],[-80.3842,25.6741],[-80.3843,25.6767],[-80.3843,25.6777],[-80.3844,25.6786],[-80.3844,25.6791],[-80.3833,25.6792],[-80.3834,25.6801],[-80.3844,25.68],[-80.3845,25.6809],[-80.384,25.6809],[-80.384,25.6818],[-80.3841,25.6828],[-80.3845,25.6827],[-80.3846,25.6846],[-80.3847,25.6863],[-80.3846,25.6864],[-80.3819,25.6865],[-80.3819,25.6868],[-80.3819,25.688],[-80.3819,25.6881],[-80.3801,25.6882],[-80.3801,25.6865],[-80.3796,25.6866],[-80.3764,25.6867],[-80.3759,25.6866],[-80.3759,25.6902],[-80.374,25.6902],[-80.3731,25.6902],[-80.3717,25.6902],[-80.3714,25.6879],[-80.3698,25.688],[-80.3698,25.6886],[-80.3688,25.6886],[-80.3669,25.6887],[-80.3669,25.6881],[-80.3658,25.6881],[-80.3658,25.6888],[-80.3652,25.6888],[-80.3639,25.6888],[-80.3619,25.6889],[-80.3619,25.6908],[-80.361,25.6908],[-80.3609,25.6877],[-80.3602,25.6877],[-80.3568,25.6878],[-80.3568,25.6882],[-80.3563,25.6882],[-80.3563,25.6885],[-80.3568,25.6885],[-80.3568,25.689],[-80.3548,25.6891],[-80.3548,25.6879],[-80.3518,25.688],[-80.3523,25.6874],[-80.3497,25.6875],[-80.3497,25.6881],[-80.3487,25.6881],[-80.3487,25.6885],[-80.3485,25.6896],[-80.3481,25.6904],[-80.3471,25.6916],[-80.3468,25.6915],[-80.3467,25.6885]],[[-80.3746,25.672],[-80.3746,25.6716],[-80.3744,25.6716],[-80.3744,25.671],[-80.3745,25.6709],[-80.3745,25.6708],[-80.3744,25.6708],[-80.3743,25.6708],[-80.374,25.6707],[-80.374,25.6706],[-80.374,25.6706],[-80.374,25.6704],[-80.374,25.6704],[-80.3734,25.6704],[-80.3734,25.6703],[-80.373,25.6706],[-80.3729,25.6705],[-80.3726,25.6707],[-80.3727,25.6708],[-80.3728,25.6709],[-80.3728,25.6709],[-80.3729,25.671],[-80.3729,25.6711],[-80.373,25.6711],[-80.373,25.6712],[-80.3731,25.6713],[-80.3731,25.6713],[-80.3731,25.6714],[-80.3732,25.6715],[-80.3732,25.6716],[-80.3732,25.6717],[-80.3732,25.6717],[-80.3732,25.6718],[-80.3732,25.6719],[-80.3732,25.672],[-80.3732,25.672],[-80.3732,25.672],[-80.3732,25.672],[-80.3733,25.672],[-80.3733,25.672],[-80.3733,25.6721],[-80.3733,25.6721],[-80.3733,25.6721],[-80.3733,25.6721],[-80.3734,25.6721],[-80.3746,25.672]]]},"properties":{"ZIPCODE":"33176"}},{"type":"Feature","geometry":{"type":"Polygon","coordinates":[[[-80.2405,25.775],[-80.2405,25.7727],[-80.2405,25.7727],[-80.2398,25.7728],[-80.2398,25.7728],[-80.2391,25.7729],[-80.2386,25.7729],[-80.2386,25.7729],[-80.2386,25.7727],[-80.2386,25.7727],[-80.2381,25.7727],[-80.2381,25.7729],[-80.2371,25.7729],[-80.2361,25.773],[-80.2361,25.7731],[-80.2356,25.7731],[-80.2356,25.7731],[-80.2356,25.773],[-80.2356,25.773],[-80.235,25.773],[-80.235,25.773],[-80.235,25.7729],[-80.235,25.7729],[-80.2344,25.7729],[-80.2344,25.7729],[-80.2344,25.7729],[-80.2344,25.7729],[-80.2339,25.7729],[-80.2339,25.7729],[-80.233,25.773],[-80.2317,25.773],[-80.2312,25.7728],[-80.231,25.7728],[-80.231,25.7732],[-80.2305,25.7732],[-80.2305,25.7732],[-80.2305,25.7732],[-80.2305,25.7732],[-80.229,25.7732],[-80.2277,25.7732],[-80.2273,25.7733],[-80.2271,25.7733],[-80.2271,25.7733],[-80.2271,25.773],[-80.2271,25.773],[-80.2267,25.773],[-80.2267,25.7733],[-80.2252,25.7733],[-80.2252,25.7733],[-80.2252,25.7732],[-80.2252,25.7731],[-80.2252,25.7731],[-80.225,25.7731],[-80.225,25.7732],[-80.2247,25.7732],[-80.2247,25.7732],[-80.2247,25.7731],[-80.2247,25.7731],[-80.2243,25.7731],[-80.2243,25.7732],[-80.2238,25.7732],[-80.2238,25.7732],[-80.2238,25.773],[-80.2238,25.773],[-80.2233,25.773],[-80.2233,25.7738],[-80.2229,25.7738],[-80.2229,25.7738],[-80.2229,25.7738],[-80.2229,25.7738],[-80.2225,25.7738],[-80.2219,25.7738],[-80.2219,25.7742],[-80.2214,25.7742],[-80.2214,25.7742],[-80.2214,25.7738],[-80.2214,25.7738],[-80.2197,25.7739],[-80.218,25.7739],[-80.2175,25.7739],[-80.2175,25.7741],[-80.2171,25.7741],[-80.2171,25.7744],[-80.2167,25.7744],[-80.2167,25.7744],[-80.2167,25.774],[-80.2167,25.774],[-80.2161,25.774],[-80.2161,25.7744],[-80.2156,25.7745],[-80.2156,25.7745],[-80.2152,25.7738],[-80.2147,25.7738],[-80.2146,25.7716],[-80.2146,25.7715],[-80.2149,25.7714],[-80.2149,25.7713],[-80.2152,25.7713],[-80.2152,25.7709],[-80.215,25.7709],[-80.215,25.7706],[-80.2152,25.7706],[-80.2152,25.7705],[-80.2154,25.7705],[-80.2154,25.7697],[-80.2153,25.7697],[-80.2153,25.7701],[-80.2151,25.7701],[-80.2151,25.7698],[-80.2147,25.7698],[-80.2147,25.7696],[-80.2151,25.7696],[-80.2151,25.7691],[-80.2153,25.7691],[-80.2152,25.7686],[-80.215,25.7686],[-80.2149,25.7684],[-80.2149,25.7683],[-80.2152,25.7683],[-80.2152,25.7682],[-80.2151,25.7681],[-80.2151,25.7677],[-80.2151,25.7676],[-80.2152,25.7676],[-80.2152,25.7672],[-80.215,25.7672],[-80.215,25.767],[-80.2149,25.767],[-80.2148,25.7667],[-80.215,25.7667],[-80.215,25.7663],[-80.2145,25.7663],[-80.2144,25.7656],[-80.2149,25.7656],[-80.2149,25.7646],[-80.2147,25.7646],[-80.2147,25.7644],[-80.2149,25.7644],[-80.2148,25.7634],[-80.2143,25.7635],[-80.2143,25.7632],[-80.2148,25.7632],[-80.2148,25.7623],[-80.2143,25.7623],[-80.2143,25.7618],[-80.2148,25.7618],[-80.2147,25.7611],[-80.2148,25.7611],[-80.2153,25.7611],[-80.2153,25.7609],[-80.2157,25.7609],[-80.2157,25.7611],[-80.2163,25.7611],[-80.2163,25.7609],[-80.2169,25.7609],[-80.2169,25.7611],[-80.2171,25.7611],[-80.2171,25.7609],[-80.2174,25.7609],[-80.2174,25.761],[-80.2183,25.761],[-80.2183,25.7614],[-80.2201,25.7613],[-80.2203,25.7613],[-80.2203,25.7609],[-80.2206,25.7609],[-80.2206,25.7613],[-80.2214,25.7613],[-80.2222,25.7613],[-80.2221,25.7609],[-80.2225,25.7609],[-80.2225,25.7613],[-80.224,25.7612],[-80.2244,25.7612],[-80.2243,25.7609],[-80.2244,25.7609],[-80.2247,25.7608],[-80.2247,25.7612],[-80.2262,25.7612],[-80.2262,25.7608],[-80.2265,25.7608],[-80.2264,25.7605],[-80.2267,25.7605],[-80.2267,25.761],[-80.2282,25.7609],[-80.2282,25.7605],[-80.2285,25.7605],[-80.2285,25.7609],[-80.2301,25.7609],[-80.23,25.7604],[-80.2308,25.7604],[-80.2308,25.7608],[-80.231,25.7608],[-80.231,25.7608],[-80.2313,25.7608],[-80.2315,25.7608],[-80.2315,25.7608],[-80.2316,25.7608],[-80.2316,25.7604],[-80.2319,25.7604],[-80.2335,25.7604],[-80.2335,25.7607],[-80.2337,25.7607],[-80.2337,25.7608],[-80.2343,25.7607],[-80.2343,25.7603],[-80.2346,25.7604],[-80.2346,25.761],[-80.235,25.761],[-80.235,25.7612],[-80.2366,25.7611],[-80.2366,25.7609],[-80.237,25.7609],[-80.237,25.7611],[-80.2382,25.761],[-80.2382,25.7606],[-80.2391,25.7605],[-80.2391,25.761],[-80.2407,25.7609],[-80.2414,25.7609],[-80.2428,25.7609],[-80.2428,25.7604],[-80.243,25.7606],[-80.2432,25.7606],[-80.2434,25.7604],[-80.2442,25.7604],[-80.2442,25.7606],[-80.2445,25.7607],[-80.2448,25.7606],[-80.2448,25.7606],[-80.2452,25.7606],[-80.2452,25.7608],[-80.246,25.7608],[-80.2468,25.7608],[-80.2469,25.7603],[-80.2468,25.7576],[-80.2508,25.7574],[-80.251,25.7608],[-80.2517,25.7608],[-80.2517,25.7605],[-80.252,25.7604],[-80.2521,25.7608],[-80.2527,25.7608],[-80.2526,25.7604],[-80.2532,25.7604],[-80.2532,25.7607],[-80.2547,25.7607],[-80.2547,25.7604],[-80.2548,25.7604],[-80.255,25.7605],[-80.255,25.762],[-80.2551,25.7626],[-80.2551,25.7631],[-80.2551,25.7645],[-80.2552,25.7661],[-80.2552,25.7676],[-80.2553,25.768],[-80.2553,25.7687],[-80.2553,25.7691],[-80.2553,25.7694],[-80.2553,25.7699],[-80.2554,25.7702],[-80.2555,25.7718],[-80.2555,25.7725],[-80.2554,25.7725],[-80.2547,25.7725],[-80.2547,25.7722],[-80.2546,25.7722],[-80.2534,25.7722],[-80.2534,25.7725],[-80.2526,25.7725],[-80.2526,25.7723],[-80.2525,25.7723],[-80.2508,25.7723],[-80.2508,25.7723],[-80.2504,25.7723],[-80.2504,25.7723],[-80.2499,25.7723],[-80.2499,25.7721],[-80.2496,25.7721],[-80.2496,25.7724],[-80.249,25.7724],[-80.2474,25.7724],[-80.2473,25.7725],[-80.2457,25.7726],[-80.2441,25.7726],[-80.2441,25.7726],[-80.2441,25.7722],[-80.2441,25.7722],[-80.2437,25.7722],[-80.2437,25.7726],[-80.2432,25.7727],[-80.2433,25.7749],[-80.2405,25.775],[-80.2405,25.775]]]},"properties":{"ZIPCODE":"33135"}},{"type":"Feature","geometry":{"type":"Polygon","coordinates":[[[-80.2981,25.6343],[-80.298,25.6338],[-80.293,25.6339],[-80.2929,25.6303],[-80.2924,25.6303],[-80.2915,25.6304],[-80.2882,25.6305],[-80.2882,25.6302],[-80.288,25.6301],[-80.2877,25.63],[-80.2876,25.6299],[-80.2876,25.6298],[-80.2877,25.6297],[-80.2879,25.6296],[-80.2881,25.6295],[-80.2886,25.6294],[-80.2895,25.6291],[-80.2907,25.6292],[-80.2918,25.6292],[-80.2925,25.629],[-80.2931,25.6288],[-80.2939,25.6284],[-80.2947,25.6279],[-80.2953,25.6273],[-80.2966,25.6275],[-80.2977,25.6276],[-80.2982,25.6271],[-80.2991,25.6261],[-80.2994,25.6243],[-80.2995,25.6234],[-80.2994,25.6226],[-80.2988,25.6222],[-80.2982,25.6221],[-80.2979,25.6218],[-80.2984,25.6214],[-80.2986,25.6205],[-80.299,25.6197],[-80.2993,25.619],[-80.3001,25.6191],[-80.3009,25.6188],[-80.3013,25.6178],[-80.3024,25.6179],[-80.3037,25.6178],[-80.3048,25.6172],[-80.3054,25.6165],[-80.3046,25.6158],[-80.3046,25.6154],[-80.3051,25.6152],[-80.3054,25.6151],[-80.306,25.6147],[-80.3059,25.6142],[-80.3063,25.6134],[-80.3068,25.6124],[-80.3068,25.6109],[-80.3068,25.6102],[-80.3072,25.6095],[-80.3077,25.6091],[-80.3076,25.6084],[-80.3071,25.6081],[-80.3079,25.608],[-80.3081,25.6073],[-80.3079,25.6022],[-80.3078,25.6008],[-80.3079,25.5997],[-80.3091,25.5997],[-80.309,25.5977],[-80.309,25.5962],[-80.3088,25.5951],[-80.3086,25.5942],[-80.3083,25.5929],[-80.3081,25.5912],[-80.3081,25.5898],[-80.3083,25.5887],[-80.3084,25.588],[-80.3083,25.5872],[-80.3081,25.5864],[-80.3077,25.5858],[-80.3073,25.5851],[-80.3073,25.5851],[-80.3175,25.5851],[-80.3189,25.5851],[-80.3204,25.585],[-80.3245,25.585],[-80.3245,25.5853],[-80.3258,25.5853],[-80.3259,25.5851],[-80.326,25.585],[-80.3309,25.585],[-80.3309,25.5847],[-80.3314,25.5847],[-80.3314,25.5836],[-80.3319,25.5836],[-80.3319,25.5823],[-80.3315,25.5824],[-80.3315,25.5814],[-80.3319,25.5814],[-80.3319,25.581],[-80.3349,25.581],[-80.3351,25.5811],[-80.3354,25.5809],[-80.3357,25.5812],[-80.3362,25.5809],[-80.3364,25.5811],[-80.3366,25.581],[-80.3373,25.581],[-80.3373,25.5814],[-80.3379,25.5814],[-80.3381,25.581],[-80.3395,25.581],[-80.3395,25.5813],[-80.3404,25.5813],[-80.3404,25.5809],[-80.3416,25.5809],[-80.3416,25.5813],[-80.3418,25.5814],[-80.3418,25.5817],[-80.3416,25.5817],[-80.3415,25.5821],[-80.3419,25.5823],[-80.3417,25.5827],[-80.3413,25.5825],[-80.3408,25.5832],[-80.3412,25.5836],[-80.3411,25.5837],[-80.3421,25.5849],[-80.3422,25.5849],[-80.3425,25.5847],[-80.343,25.5852],[-80.3427,25.5855],[-80.3428,25.5856],[-80.3433,25.5862],[-80.3437,25.5865],[-80.344,25.5861],[-80.3442,25.5859],[-80.3454,25.5836],[-80.3451,25.5835],[-80.3455,25.5829],[-80.3456,25.5826],[-80.3456,25.5824],[-80.3458,25.5821],[-80.3461,25.5822],[-80.3465,25.5822],[-80.3468,25.5821],[-80.3471,25.582],[-80.3475,25.5818],[-80.3481,25.5814],[-80.3489,25.5811],[-80.3498,25.5808],[-80.3498,25.5813],[-80.3502,25.5813],[-80.3511,25.5812],[-80.3528,25.5812],[-80.3537,25.5812],[-80.3536,25.5801],[-80.3554,25.5793],[-80.3572,25.5793],[-80.3572,25.5808],[-80.3578,25.5807],[-80.3578,25.5812],[-80.3592,25.5811],[-80.3592,25.5808],[-80.3631,25.5807],[-80.3643,25.5807],[-80.3643,25.5811],[-80.3665,25.5815],[-80.3662,25.5802],[-80.3666,25.5802],[-80.3666,25.5805],[-80.3668,25.5806],[-80.3664,25.581],[-80.3672,25.5816],[-80.3687,25.58],[-80.3695,25.5806],[-80.3696,25.5805],[-80.3701,25.58],[-80.3705,25.5802],[-80.3706,25.581],[-80.3711,25.581],[-80.3719,25.581],[-80.3729,25.581],[-80.3735,25.581],[-80.3735,25.5806],[-80.3735,25.5806],[-80.3759,25.5806],[-80.3759,25.581],[-80.3765,25.581],[-80.3767,25.581],[-80.3769,25.581],[-80.3775,25.581],[-80.3774,25.5805],[-80.3797,25.5805],[-80.3801,25.5805],[-80.3801,25.5809],[-80.3801,25.5826],[-80.3802,25.5845],[-80.3802,25.5848],[-80.3802,25.5852],[-80.3802,25.5867],[-80.3802,25.5884],[-80.3806,25.5884],[-80.3806,25.5891],[-80.3806,25.5898],[-80.3807,25.591],[-80.3808,25.5918],[-80.3809,25.5921],[-80.3809,25.5926],[-80.3809,25.5933],[-80.3809,25.5947],[-80.3809,25.5962],[-80.3809,25.5962],[-80.3805,25.5963],[-80.3805,25.5966],[-80.3809,25.5965],[-80.3809,25.5969],[-80.3809,25.5976],[-80.3809,25.5984],[-80.381,25.5991],[-80.381,25.5998],[-80.3811,25.6013],[-80.3811,25.602],[-80.3813,25.6028],[-80.3814,25.6034],[-80.3812,25.6032],[-80.3793,25.6033],[-80.3794,25.6051],[-80.3803,25.6051],[-80.3804,25.6062],[-80.3814,25.6062],[-80.3815,25.6068],[-80.3815,25.6071],[-80.3815,25.6085],[-80.3815,25.6091],[-80.3816,25.6103],[-80.3817,25.611],[-80.3817,25.6117],[-80.3817,25.6125],[-80.379,25.6126],[-80.3792,25.6159],[-80.3793,25.6188],[-80.3794,25.6208],[-80.3796,25.6226],[-80.3803,25.6239],[-80.3808,25.6247],[-80.3808,25.6264],[-80.3822,25.6264],[-80.3822,25.6273],[-80.3823,25.6285],[-80.3811,25.6285],[-80.3808,25.6282],[-80.3802,25.6274],[-80.3791,25.6275],[-80.3762,25.6276],[-80.3763,25.6294],[-80.3746,25.6294],[-80.3745,25.6277],[-80.3721,25.6278],[-80.3706,25.6279],[-80.3698,25.6279],[-80.3698,25.6284],[-80.3684,25.6285],[-80.3666,25.6285],[-80.3666,25.6282],[-80.3663,25.6282],[-80.3664,25.6285],[-80.3662,25.6285],[-80.3663,25.6286],[-80.3656,25.6286],[-80.3654,25.6286],[-80.3654,25.6281],[-80.3642,25.6281],[-80.3642,25.6283],[-80.3642,25.6286],[-80.3641,25.6286],[-80.3631,25.6287],[-80.3621,25.6287],[-80.3601,25.6288],[-80.3581,25.6289],[-80.358,25.6289],[-80.358,25.6292],[-80.3582,25.6326],[-80.3583,25.6339],[-80.3573,25.6339],[-80.3543,25.6321],[-80.3532,25.6315],[-80.3524,25.631],[-80.352,25.631],[-80.3519,25.6305],[-80.3509,25.6305],[-80.3509,25.6295],[-80.3498,25.6295],[-80.3498,25.6288],[-80.3481,25.6289],[-80.3482,25.6298],[-80.3487,25.6306],[-80.3481,25.6306],[-80.3464,25.6306],[-80.3458,25.6306],[-80.345,25.6307],[-80.345,25.6301],[-80.3444,25.6301],[-80.3444,25.6307],[-80.3438,25.6307],[-80.3429,25.6307],[-80.3429,25.6298],[-80.3417,25.6298],[-80.3417,25.6289],[-80.3411,25.6289],[-80.3402,25.6289],[-80.34,25.6294],[-80.3387,25.6294],[-80.3387,25.629],[-80.3386,25.629],[-80.3376,25.629],[-80.3376,25.6295],[-80.3361,25.6295],[-80.3361,25.6292],[-80.3357,25.6292],[-80.3357,25.6294],[-80.3352,25.6295],[-80.335,25.6293],[-80.335,25.6291],[-80.3345,25.6291],[-80.3344,25.6291],[-80.3344,25.6295],[-80.3341,25.6295],[-80.3341,25.6291],[-80.3336,25.6291],[-80.3334,25.6292],[-80.3331,25.6292],[-80.3331,25.6296],[-80.3331,25.6296],[-80.3327,25.6296],[-80.3326,25.6296],[-80.3309,25.6296],[-80.3309,25.6292],[-80.3305,25.6292],[-80.3298,25.6292],[-80.3298,25.6297],[-80.3254,25.6298],[-80.3238,25.6298],[-80.3238,25.6294],[-80.3234,25.6294],[-80.3234,25.6302],[-80.3235,25.6327],[-80.3235,25.6331],[-80.3219,25.6331],[-80.321,25.6331],[-80.3195,25.6332],[-80.3191,25.6332],[-80.3186,25.6331],[-80.3175,25.6331],[-80.3174,25.6311],[-80.3174,25.6296],[-80.3173,25.6296],[-80.316,25.6296],[-80.3153,25.6296],[-80.3153,25.6298],[-80.3152,25.6298],[-80.3152,25.6296],[-80.3142,25.6296],[-80.3143,25.6303],[-80.3133,25.6304],[-80.3133,25.6298],[-80.3127,25.6298],[-80.3127,25.6304],[-80.3117,25.6304],[-80.3117,25.6298],[-80.3099,25.6299],[-80.3099,25.6303],[-80.3092,25.6303],[-80.3092,25.6298],[-80.3087,25.6298],[-80.3071,25.6298],[-80.3071,25.6303],[-80.3063,25.6303],[-80.3063,25.6299],[-80.3059,25.6299],[-80.3053,25.6299],[-80.3054,25.6335],[-80.3035,25.6336],[-80.3034,25.6308],[-80.301,25.6309],[-80.301,25.6342],[-80.2981,25.6343]],[[-80.3602,25.5945],[-80.3602,25.5941],[-80.3598,25.5941],[-80.3594,25.5941],[-80.3594,25.5946],[-80.3594,25.596],[-80.3594,25.596],[-80.3594,25.596],[-80.3594,25.596],[-80.3594,25.596],[-80.3594,25.596],[-80.3594,25.596],[-80.3594,25.596],[-80.3595,25.596],[-80.3595,25.596],[-80.3595,25.596],[-80.3602,25.596],[-80.3602,25.596],[-80.3602,25.596],[-80.3602,25.596],[-80.3602,25.596],[-80.3602,25.596],[-80.3603,25.596],[-80.3603,25.596],[-80.3603,25.596],[-80.3603,25.596],[-80.3602,25.5945]],[[-80.3509,25.6051],[-80.3511,25.6046],[-80.3509,25.6045],[-80.3507,25.605],[-80.3509,25.6051]]]},"properties":{"ZIPCODE":"33157"}},{"type":"Feature","geometry":{"type":"Polygon","coordinates":[[[-80.409,25.7674],[-80.4088,25.7674],[-80.4049,25.7675],[-80.4049,25.7682],[-80.4039,25.7682],[-80.4039,25.7679],[-80.4031,25.7679],[-80.4031,25.7676],[-80.3974,25.7678],[-80.3928,25.7679],[-80.3928,25.7672],[-80.391,25.7672],[-80.3911,25.7679],[-80.3909,25.7679],[-80.39,25.768],[-80.389,25.768],[-80.3889,25.7662],[-80.3868,25.7662],[-80.3869,25.7681],[-80.3848,25.7682],[-80.3849,25.7681],[-80.3848,25.7664],[-80.3846,25.7616],[-80.3846,25.7604],[-80.3799,25.7606],[-80.3799,25.7595],[-80.3809,25.7594],[-80.3808,25.7586],[-80.3822,25.7586],[-80.3828,25.7589],[-80.384,25.7572],[-80.384,25.7549],[-80.3844,25.7548],[-80.3844,25.7547],[-80.3842,25.7538],[-80.3842,25.7532],[-80.3858,25.7536],[-80.3869,25.7536],[-80.3869,25.7531],[-80.3874,25.7531],[-80.3874,25.7535],[-80.3883,25.7535],[-80.3886,25.7528],[-80.389,25.7529],[-80.3892,25.7533],[-80.3906,25.7532],[-80.3907,25.7538],[-80.3911,25.7538],[-80.3912,25.7536],[-80.3914,25.7536],[-80.3915,25.7533],[-80.3921,25.7533],[-80.3922,25.7535],[-80.3932,25.7535],[-80.3932,25.754],[-80.3942,25.7545],[-80.3958,25.7533],[-80.396,25.7535],[-80.3963,25.7538],[-80.3964,25.7537],[-80.3966,25.7536],[-80.3967,25.7535],[-80.397,25.7538],[-80.397,25.7537],[-80.3973,25.7535],[-80.3975,25.7535],[-80.3978,25.7534],[-80.3981,25.7534],[-80.3982,25.7534],[-80.3983,25.7534],[-80.3983,25.7534],[-80.3986,25.7534],[-80.3996,25.7531],[-80.3999,25.7531],[-80.4005,25.7531],[-80.4005,25.7534],[-80.4015,25.7533],[-80.403,25.7538],[-80.4033,25.7531],[-80.4069,25.7529],[-80.407,25.7532],[-80.4074,25.7532],[-80.4074,25.7529],[-80.4073,25.7527],[-80.4081,25.7526],[-80.4086,25.7525],[-80.4088,25.7525],[-80.4099,25.7525],[-80.4099,25.7528],[-80.4104,25.7529],[-80.4136,25.7527],[-80.415,25.7529],[-80.4151,25.7528],[-80.416,25.7527],[-80.4161,25.7527],[-80.4161,25.7526],[-80.4166,25.7525],[-80.4171,25.7526],[-80.4197,25.7525],[-80.4198,25.7528],[-80.4202,25.7528],[-80.4202,25.7525],[-80.4212,25.7524],[-80.4212,25.7533],[-80.4223,25.7533],[-80.4223,25.7529],[-80.4225,25.7529],[-80.4225,25.7528],[-80.4225,25.7525],[-80.4225,25.7524],[-80.4226,25.7524],[-80.4227,25.7528],[-80.4227,25.7529],[-80.4229,25.7529],[-80.4229,25.7533],[-80.4234,25.7533],[-80.4234,25.7524],[-80.4242,25.7524],[-80.4246,25.7523],[-80.4246,25.7521],[-80.4257,25.752],[-80.4278,25.752],[-80.4279,25.752],[-80.4283,25.752],[-80.4287,25.7522],[-80.429,25.7522],[-80.429,25.7526],[-80.4302,25.7526],[-80.4302,25.7525],[-80.4306,25.7525],[-80.4306,25.7522],[-80.4309,25.7522],[-80.431,25.7526],[-80.4325,25.7525],[-80.4326,25.7566],[-80.4326,25.7569],[-80.4323,25.757],[-80.4323,25.7572],[-80.4326,25.7572],[-80.4326,25.7575],[-80.4326,25.7579],[-80.4324,25.7579],[-80.4324,25.7581],[-80.4327,25.7581],[-80.4328,25.7608],[-80.4328,25.7618],[-80.4328,25.7647],[-80.4329,25.7648],[-80.433,25.7667],[-80.4169,25.7671],[-80.4169,25.7673],[-80.4164,25.7673],[-80.4164,25.7671],[-80.4163,25.7671],[-80.4163,25.7669],[-80.416,25.7669],[-80.416,25.7671],[-80.4154,25.7672],[-80.4154,25.7673],[-80.415,25.7674],[-80.415,25.7672],[-80.415,25.7669],[-80.4142,25.767],[-80.4142,25.7672],[-80.4138,25.7672],[-80.4138,25.769],[-80.4127,25.7691],[-80.4127,25.7689],[-80.4126,25.7673],[-80.4103,25.7674],[-80.4103,25.769],[-80.4103,25.7691],[-80.4099,25.7691],[-80.409,25.7692],[-80.409,25.7674]]]},"properties":{"ZIPCODE":"33184"}},{"type":"Feature","geometry":{"type":"Polygon","coordinates":[[[-80.3573,25.7724],[-80.3572,25.7705],[-80.3554,25.7705],[-80.3553,25.7689],[-80.3532,25.769],[-80.3533,25.7712],[-80.351,25.7705],[-80.3506,25.7708],[-80.3498,25.7704],[-80.3492,25.7714],[-80.348,25.7707],[-80.3468,25.7708],[-80.3459,25.7704],[-80.3442,25.771],[-80.3436,25.7719],[-80.3417,25.7716],[-80.3418,25.7708],[-80.3413,25.7708],[-80.3413,25.7707],[-80.3407,25.7707],[-80.3408,25.7709],[-80.3402,25.7709],[-80.3402,25.7696],[-80.339,25.7697],[-80.3391,25.7701],[-80.3382,25.7702],[-80.3382,25.7695],[-80.3382,25.7696],[-80.3364,25.7696],[-80.3364,25.7689],[-80.3359,25.7689],[-80.3358,25.7678],[-80.3364,25.7678],[-80.3363,25.7655],[-80.3357,25.7655],[-80.3357,25.7652],[-80.3363,25.7652],[-80.3362,25.764],[-80.3357,25.764],[-80.3357,25.7637],[-80.3362,25.7637],[-80.3361,25.7615],[-80.3351,25.7615],[-80.3351,25.7603],[-80.3355,25.7603],[-80.3355,25.7586],[-80.3354,25.7559],[-80.3354,25.7549],[-80.3359,25.7549],[-80.3361,25.7549],[-80.3361,25.756],[-80.3369,25.756],[-80.337,25.7567],[-80.3381,25.7567],[-80.3381,25.7585],[-80.3409,25.7584],[-80.3408,25.7548],[-80.3412,25.7548],[-80.3419,25.7547],[-80.3426,25.7553],[-80.3427,25.7552],[-80.344,25.7551],[-80.3452,25.7551],[-80.3462,25.7551],[-80.3473,25.755],[-80.3491,25.755],[-80.3519,25.7549],[-80.3546,25.7549],[-80.3555,25.7549],[-80.356,25.7548],[-80.3562,25.7547],[-80.3562,25.7544],[-80.3568,25.7544],[-80.3569,25.7548],[-80.3597,25.7548],[-80.3596,25.7544],[-80.3601,25.7544],[-80.3601,25.7547],[-80.3617,25.7547],[-80.3617,25.7543],[-80.3628,25.7543],[-80.3628,25.7547],[-80.3641,25.7547],[-80.3641,25.7545],[-80.3645,25.7545],[-80.3645,25.7546],[-80.3651,25.7546],[-80.3651,25.7543],[-80.3681,25.7544],[-80.3682,25.7559],[-80.3699,25.7559],[-80.3698,25.7555],[-80.3701,25.7543],[-80.3705,25.7537],[-80.3714,25.7531],[-80.3722,25.7533],[-80.3729,25.7534],[-80.3737,25.7531],[-80.3768,25.7531],[-80.3779,25.7534],[-80.3793,25.7531],[-80.38,25.7532],[-80.3809,25.7536],[-80.3813,25.7538],[-80.3817,25.7538],[-80.3832,25.7538],[-80.3832,25.7549],[-80.384,25.7549],[-80.384,25.7572],[-80.3828,25.7589],[-80.3822,25.7586],[-80.3808,25.7586],[-80.3809,25.7594],[-80.3799,25.7595],[-80.3799,25.7606],[-80.3846,25.7604],[-80.3846,25.7616],[-80.3848,25.7664],[-80.3849,25.7681],[-80.3848,25.7682],[-80.3838,25.7682],[-80.3839,25.7699],[-80.3827,25.77],[-80.3826,25.7692],[-80.3811,25.7692],[-80.3812,25.7701],[-80.3801,25.7701],[-80.38,25.769],[-80.38,25.7683],[-80.379,25.7683],[-80.377,25.7684],[-80.3738,25.7684],[-80.3739,25.7693],[-80.3731,25.7693],[-80.3731,25.7686],[-80.3726,25.7686],[-80.3726,25.7687],[-80.3726,25.7687],[-80.3725,25.7684],[-80.371,25.7684],[-80.3711,25.7703],[-80.3697,25.7703],[-80.3697,25.77],[-80.3692,25.77],[-80.3689,25.77],[-80.3691,25.7721],[-80.3653,25.7722],[-80.3652,25.7714],[-80.3637,25.7705],[-80.3622,25.7702],[-80.3622,25.7709],[-80.3613,25.7704],[-80.3613,25.7723],[-80.3573,25.7724]],[[-80.3754,25.7603],[-80.3754,25.7611],[-80.3773,25.761],[-80.3774,25.7603],[-80.3754,25.7603]],[[-80.3401,25.7617],[-80.34,25.7608],[-80.3382,25.7609],[-80.3382,25.7613],[-80.3391,25.7613],[-80.3392,25.7617],[-80.3401,25.7617]]]},"properties":{"ZIPCODE":"33174"}},{"type":"Feature","geometry":{"type":"Polygon","coordinates":[[[-80.2282,25.9268],[-80.2279,25.9159],[-80.2279,25.9159],[-80.2236,25.916],[-80.2236,25.916],[-80.2278,25.9126],[-80.2278,25.9121],[-80.2276,25.9081],[-80.2275,25.9049],[-80.2275,25.9013],[-80.2274,25.8991],[-80.2274,25.898],[-80.2279,25.898],[-80.2279,25.8986],[-80.2288,25.8985],[-80.2301,25.8983],[-80.2308,25.8979],[-80.2314,25.8979],[-80.2314,25.8976],[-80.2334,25.8975],[-80.2335,25.8982],[-80.2344,25.8982],[-80.2344,25.8975],[-80.2349,25.8975],[-80.2355,25.8975],[-80.2355,25.8982],[-80.2365,25.8981],[-80.2365,25.8979],[-80.2396,25.8978],[-80.2424,25.8977],[-80.2432,25.8977],[-80.2438,25.8977],[-80.2438,25.8966],[-80.2437,25.8946],[-80.2437,25.8937],[-80.2435,25.8898],[-80.2515,25.8895],[-80.2596,25.8893],[-80.2595,25.8856],[-80.2594,25.8823],[-80.2615,25.8822],[-80.265,25.8822],[-80.2674,25.8821],[-80.2674,25.8821],[-80.2674,25.8849],[-80.2708,25.8862],[-80.2726,25.8872],[-80.2744,25.8885],[-80.275,25.889],[-80.2752,25.8891],[-80.2765,25.8905],[-80.2776,25.8915],[-80.2787,25.8926],[-80.28,25.8938],[-80.2807,25.8945],[-80.2807,25.8945],[-80.2815,25.8952],[-80.2815,25.8952],[-80.2821,25.896],[-80.2827,25.896],[-80.2839,25.896],[-80.2879,25.8959],[-80.288,25.8959],[-80.2899,25.8958],[-80.2916,25.8946],[-80.2916,25.8942],[-80.2919,25.8942],[-80.292,25.8951],[-80.2921,25.8999],[-80.2926,25.9136],[-80.2915,25.9136],[-80.2839,25.9138],[-80.2802,25.9139],[-80.2763,25.9142],[-80.2764,25.9153],[-80.2764,25.916],[-80.2765,25.9178],[-80.2765,25.9193],[-80.2767,25.9234],[-80.2767,25.925],[-80.2688,25.9253],[-80.2608,25.9255],[-80.2607,25.9255],[-80.2601,25.9255],[-80.2588,25.9256],[-80.2557,25.9256],[-80.2536,25.9258],[-80.2527,25.9259],[-80.2489,25.926],[-80.2471,25.9261],[-80.2446,25.9263],[-80.2366,25.9265],[-80.2282,25.9268],[-80.2282,25.9268]]]},"properties":{"ZIPCODE":"33054"}},{"type":"Feature","geometry":{"type":"Polygon","coordinates":[[[-80.3303,25.86],[-80.325,25.8559],[-80.3239,25.8551],[-80.3233,25.8547],[-80.3225,25.8542],[-80.3225,25.8541],[-80.3215,25.8534],[-80.3199,25.8522],[-80.315,25.848],[-80.3148,25.8479],[-80.3148,25.8479],[-80.3147,25.8478],[-80.3068,25.8418],[-80.297,25.8346],[-80.2895,25.829],[-80.2837,25.8247],[-80.2747,25.818],[-80.267,25.8124],[-80.2648,25.8108],[-80.2618,25.8085],[-80.2618,25.8085],[-80.2632,25.8084],[-80.2644,25.8084],[-80.2648,25.8082],[-80.2648,25.8081],[-80.2648,25.8078],[-80.2647,25.8058],[-80.2708,25.8056],[-80.2726,25.8055],[-80.2759,25.8055],[-80.2759,25.8055],[-80.2759,25.8055],[-80.2808,25.8053],[-80.2891,25.805],[-80.2892,25.8076],[-80.2892,25.8076],[-80.2892,25.8076],[-80.2935,25.8076],[-80.2987,25.8075],[-80.2994,25.8074],[-80.3006,25.8072],[-80.3014,25.8072],[-80.3014,25.8072],[-80.3044,25.8073],[-80.3051,25.8074],[-80.3051,25.8028],[-80.3058,25.8031],[-80.3059,25.8038],[-80.3055,25.8039],[-80.3053,25.8075],[-80.3067,25.808],[-80.3084,25.8086],[-80.3094,25.809],[-80.3094,25.8081],[-80.3113,25.8081],[-80.3132,25.8081],[-80.3132,25.8081],[-80.3132,25.8084],[-80.3132,25.8084],[-80.314,25.8084],[-80.314,25.808],[-80.3154,25.8079],[-80.3173,25.808],[-80.3173,25.8079],[-80.3185,25.8088],[-80.3188,25.809],[-80.3192,25.8089],[-80.3203,25.8075],[-80.3207,25.8072],[-80.3212,25.8072],[-80.3217,25.8072],[-80.3234,25.8071],[-80.3234,25.8071],[-80.3235,25.8068],[-80.3244,25.8068],[-80.3244,25.8068],[-80.3245,25.8079],[-80.3252,25.8079],[-80.3251,25.807],[-80.3293,25.8071],[-80.3294,25.8076],[-80.3294,25.8076],[-80.3304,25.8076],[-80.3304,25.8076],[-80.3304,25.8088],[-80.3304,25.8097],[-80.3321,25.8097],[-80.3321,25.8097],[-80.332,25.8081],[-80.3332,25.808],[-80.3332,25.8072],[-80.3342,25.8072],[-80.3342,25.808],[-80.3364,25.808],[-80.3364,25.8088],[-80.3372,25.8088],[-80.3372,25.8098],[-80.3374,25.8099],[-80.3374,25.8118],[-80.3374,25.8118],[-80.3363,25.8118],[-80.3363,25.8118],[-80.3364,25.8134],[-80.3363,25.8146],[-80.3373,25.8148],[-80.3375,25.8171],[-80.3375,25.8171],[-80.3363,25.8171],[-80.3363,25.8171],[-80.3362,25.818],[-80.3364,25.818],[-80.3364,25.8186],[-80.3365,25.8186],[-80.3365,25.8194],[-80.337,25.8195],[-80.337,25.8197],[-80.3376,25.8197],[-80.3377,25.8208],[-80.3377,25.8208],[-80.3371,25.8208],[-80.3371,25.8208],[-80.3371,25.821],[-80.3371,25.821],[-80.3365,25.821],[-80.3365,25.821],[-80.3365,25.8214],[-80.337,25.8214],[-80.337,25.8243],[-80.337,25.8256],[-80.3378,25.8256],[-80.3379,25.828],[-80.3379,25.828],[-80.337,25.828],[-80.337,25.828],[-80.337,25.8288],[-80.3378,25.8288],[-80.3378,25.8307],[-80.3375,25.8307],[-80.3375,25.8307],[-80.3375,25.8315],[-80.3374,25.8318],[-80.3374,25.8326],[-80.3374,25.8335],[-80.338,25.8335],[-80.338,25.8344],[-80.338,25.8344],[-80.3377,25.8344],[-80.3377,25.8344],[-80.3377,25.8362],[-80.3377,25.8362],[-80.3372,25.8362],[-80.3372,25.8362],[-80.3373,25.8372],[-80.3374,25.8398],[-80.3381,25.8398],[-80.3382,25.8407],[-80.3382,25.8423],[-80.3368,25.8423],[-80.3368,25.8423],[-80.337,25.8489],[-80.337,25.8501],[-80.3373,25.8545],[-80.337,25.8547],[-80.3371,25.8571],[-80.3386,25.8571],[-80.3387,25.8616],[-80.338,25.8616],[-80.338,25.8616],[-80.3381,25.8625],[-80.3387,25.8625],[-80.3388,25.8643],[-80.3387,25.8643],[-80.3375,25.8643],[-80.3388,25.8652],[-80.3389,25.8664],[-80.3303,25.86]],[[-80.3243,25.8088],[-80.3243,25.808],[-80.3233,25.808],[-80.3233,25.8088],[-80.3243,25.8088]],[[-80.3208,25.8307],[-80.3208,25.8298],[-80.3204,25.8298],[-80.3205,25.8307],[-80.3208,25.8307]],[[-80.3161,25.8329],[-80.3161,25.8334],[-80.3162,25.8334],[-80.3162,25.8329],[-80.3161,25.8329]]]},"properties":{"ZIPCODE":"33166"}},{"type":"Feature","geometry":{"type":"Polygon","coordinates":[[[-80.337,25.7567],[-80.3369,25.756],[-80.3361,25.756],[-80.3361,25.7549],[-80.3359,25.7549],[-80.3359,25.7542],[-80.3354,25.7542],[-80.3353,25.7515],[-80.3358,25.7515],[-80.3357,25.7489],[-80.3351,25.7489],[-80.3351,25.7485],[-80.3357,25.7484],[-80.3357,25.7476],[-80.3357,25.7468],[-80.3352,25.7468],[-80.3352,25.7465],[-80.3357,25.7465],[-80.3357,25.7455],[-80.3353,25.7455],[-80.3353,25.7452],[-80.3357,25.7452],[-80.3357,25.7417],[-80.3358,25.7379],[-80.3352,25.7379],[-80.3352,25.7349],[-80.3358,25.7349],[-80.3358,25.7331],[-80.3357,25.7318],[-80.3357,25.7312],[-80.3353,25.7312],[-80.3352,25.7285],[-80.3356,25.7285],[-80.3354,25.7267],[-80.3349,25.7267],[-80.3349,25.7258],[-80.3349,25.7258],[-80.3349,25.7253],[-80.3354,25.7253],[-80.3353,25.7241],[-80.3353,25.7237],[-80.3344,25.7233],[-80.3343,25.7205],[-80.3342,25.7176],[-80.3349,25.7172],[-80.3349,25.7167],[-80.3373,25.7166],[-80.3373,25.7161],[-80.3377,25.7161],[-80.3376,25.7158],[-80.338,25.7158],[-80.338,25.7161],[-80.3388,25.716],[-80.3388,25.7161],[-80.3428,25.716],[-80.3428,25.7164],[-80.3429,25.7164],[-80.3432,25.7164],[-80.3432,25.7159],[-80.3445,25.7159],[-80.3445,25.7164],[-80.3453,25.7163],[-80.3453,25.7152],[-80.348,25.7151],[-80.348,25.7162],[-80.3509,25.7161],[-80.3539,25.716],[-80.3539,25.7151],[-80.3543,25.7151],[-80.3544,25.716],[-80.3554,25.716],[-80.3554,25.715],[-80.3581,25.7149],[-80.3582,25.7152],[-80.3589,25.7151],[-80.3589,25.7153],[-80.3594,25.7153],[-80.3594,25.7149],[-80.3609,25.7148],[-80.3609,25.7157],[-80.367,25.7155],[-80.3669,25.7131],[-80.3681,25.713],[-80.3681,25.7144],[-80.3691,25.7144],[-80.3691,25.7154],[-80.3722,25.7153],[-80.3722,25.7148],[-80.3748,25.7147],[-80.3748,25.7151],[-80.3749,25.7151],[-80.376,25.7151],[-80.3763,25.7151],[-80.3763,25.7146],[-80.3818,25.7144],[-80.382,25.7144],[-80.3822,25.7144],[-80.3825,25.7144],[-80.3826,25.7145],[-80.3826,25.7149],[-80.3826,25.7151],[-80.3821,25.7151],[-80.3821,25.7172],[-80.3822,25.7195],[-80.3823,25.7212],[-80.3803,25.7212],[-80.3804,25.7224],[-80.3828,25.7223],[-80.3829,25.7229],[-80.3829,25.7233],[-80.3824,25.7233],[-80.3826,25.7283],[-80.3826,25.729],[-80.3827,25.7316],[-80.3832,25.7316],[-80.3833,25.732],[-80.3833,25.7327],[-80.3822,25.7328],[-80.3822,25.7329],[-80.3819,25.7329],[-80.3819,25.7331],[-80.3815,25.7331],[-80.3815,25.7334],[-80.3822,25.7334],[-80.3823,25.7349],[-80.3818,25.7357],[-80.3818,25.7366],[-80.3835,25.7365],[-80.3836,25.7393],[-80.3837,25.7398],[-80.3828,25.7398],[-80.3829,25.7426],[-80.3838,25.7426],[-80.3838,25.7428],[-80.3838,25.7432],[-80.3829,25.7432],[-80.383,25.7459],[-80.3839,25.7459],[-80.3839,25.7464],[-80.3839,25.7467],[-80.3839,25.7499],[-80.384,25.7506],[-80.3828,25.7507],[-80.3828,25.7525],[-80.3841,25.7525],[-80.3842,25.7532],[-80.3842,25.7538],[-80.3844,25.7547],[-80.3844,25.7548],[-80.384,25.7549],[-80.3832,25.7549],[-80.3832,25.7538],[-80.3817,25.7538],[-80.3813,25.7538],[-80.3809,25.7536],[-80.38,25.7532],[-80.3793,25.7531],[-80.3779,25.7534],[-80.3768,25.7531],[-80.3737,25.7531],[-80.3729,25.7534],[-80.3722,25.7533],[-80.3714,25.7531],[-80.3705,25.7537],[-80.3701,25.7543],[-80.3698,25.7555],[-80.3699,25.7559],[-80.3682,25.7559],[-80.3681,25.7544],[-80.3651,25.7543],[-80.3651,25.7546],[-80.3645,25.7546],[-80.3645,25.7545],[-80.3641,25.7545],[-80.3641,25.7547],[-80.3628,25.7547],[-80.3628,25.7543],[-80.3617,25.7543],[-80.3617,25.7547],[-80.3601,25.7547],[-80.3601,25.7544],[-80.3596,25.7544],[-80.3597,25.7548],[-80.3569,25.7548],[-80.3568,25.7544],[-80.3562,25.7544],[-80.3562,25.7547],[-80.356,25.7548],[-80.3555,25.7549],[-80.3546,25.7549],[-80.3519,25.7549],[-80.3491,25.755],[-80.3473,25.755],[-80.3462,25.7551],[-80.3452,25.7551],[-80.344,25.7551],[-80.3427,25.7552],[-80.3426,25.7553],[-80.3419,25.7547],[-80.3412,25.7548],[-80.3408,25.7548],[-80.3409,25.7584],[-80.3381,25.7585],[-80.3381,25.7567],[-80.337,25.7567]]]},"properties":{"ZIPCODE":"33165"}},{"type":"Feature","geometry":{"type":"Polygon","coordinates":[[[-80.2245,25.8317],[-80.2245,25.8314],[-80.2229,25.8314],[-80.2225,25.8314],[-80.2208,25.8315],[-80.2194,25.8315],[-80.2187,25.8316],[-80.218,25.8316],[-80.2172,25.8316],[-80.2172,25.8313],[-80.2167,25.8313],[-80.2167,25.831],[-80.217,25.831],[-80.217,25.8309],[-80.2172,25.8309],[-80.2172,25.8306],[-80.217,25.8306],[-80.217,25.8305],[-80.217,25.8298],[-80.2169,25.8291],[-80.2169,25.8283],[-80.2165,25.8283],[-80.2164,25.8281],[-80.2169,25.8281],[-80.2168,25.828],[-80.2168,25.8278],[-80.2164,25.8278],[-80.2164,25.8276],[-80.2167,25.8275],[-80.2167,25.8273],[-80.2168,25.8273],[-80.2168,25.827],[-80.2164,25.827],[-80.2163,25.8267],[-80.2167,25.8267],[-80.2168,25.8258],[-80.2166,25.8258],[-80.2166,25.8255],[-80.2163,25.8255],[-80.2163,25.8255],[-80.2163,25.8252],[-80.2167,25.8252],[-80.2167,25.825],[-80.2163,25.825],[-80.2163,25.8247],[-80.2162,25.8246],[-80.2166,25.8246],[-80.2166,25.8243],[-80.2162,25.8244],[-80.2162,25.8239],[-80.2166,25.8239],[-80.2166,25.8236],[-80.2166,25.8233],[-80.2162,25.8233],[-80.2162,25.8228],[-80.2164,25.8228],[-80.2164,25.8225],[-80.2165,25.8224],[-80.2165,25.8221],[-80.2162,25.8221],[-80.2161,25.8217],[-80.2164,25.8217],[-80.2164,25.8214],[-80.2165,25.8213],[-80.2165,25.8212],[-80.2161,25.8212],[-80.2161,25.8209],[-80.2177,25.8209],[-80.2177,25.8191],[-80.2182,25.8191],[-80.2181,25.8174],[-80.216,25.8174],[-80.216,25.8173],[-80.216,25.817],[-80.2165,25.8169],[-80.2165,25.8168],[-80.2164,25.8168],[-80.2164,25.8165],[-80.2161,25.8165],[-80.216,25.816],[-80.216,25.8156],[-80.2169,25.8156],[-80.2169,25.815],[-80.2163,25.815],[-80.2163,25.8144],[-80.2161,25.8144],[-80.2161,25.8139],[-80.2159,25.8139],[-80.2159,25.8136],[-80.2161,25.8136],[-80.2161,25.8132],[-80.2161,25.8129],[-80.216,25.8122],[-80.2162,25.812],[-80.2162,25.8118],[-80.2161,25.8113],[-80.2161,25.8107],[-80.2157,25.8107],[-80.2157,25.8098],[-80.2157,25.8093],[-80.2161,25.8093],[-80.2161,25.8092],[-80.216,25.8092],[-80.2159,25.809],[-80.2157,25.809],[-80.2157,25.8089],[-80.2161,25.8089],[-80.216,25.8083],[-80.2157,25.8083],[-80.2157,25.808],[-80.216,25.808],[-80.216,25.8076],[-80.2156,25.8076],[-80.2156,25.8074],[-80.2156,25.8073],[-80.2162,25.8073],[-80.2161,25.8069],[-80.216,25.8069],[-80.216,25.8067],[-80.2156,25.8068],[-80.2156,25.8065],[-80.2159,25.8065],[-80.2159,25.8059],[-80.2156,25.8059],[-80.2156,25.8057],[-80.2155,25.8055],[-80.2159,25.8055],[-80.2159,25.8051],[-80.2158,25.8051],[-80.2158,25.8049],[-80.2155,25.805],[-80.2155,25.8048],[-80.2159,25.8048],[-80.2159,25.8041],[-80.2155,25.8041],[-80.2155,25.8037],[-80.2158,25.8037],[-80.2158,25.8035],[-80.2155,25.8035],[-80.2155,25.8031],[-80.2157,25.8031],[-80.2157,25.8029],[-80.2158,25.8028],[-80.2158,25.8025],[-80.2155,25.8025],[-80.2154,25.8024],[-80.2154,25.8022],[-80.2158,25.8022],[-80.2158,25.8015],[-80.2158,25.8007],[-80.2157,25.7999],[-80.2158,25.7991],[-80.2154,25.7991],[-80.2153,25.7982],[-80.2156,25.7982],[-80.2156,25.7978],[-80.2153,25.7979],[-80.2153,25.7978],[-80.2152,25.7967],[-80.2159,25.7967],[-80.2159,25.796],[-80.2159,25.7956],[-80.2152,25.7956],[-80.2152,25.795],[-80.2152,25.7943],[-80.2171,25.7943],[-80.2171,25.7949],[-80.2171,25.7949],[-80.2172,25.7949],[-80.2192,25.7949],[-80.2193,25.7949],[-80.2193,25.794],[-80.2202,25.794],[-80.2203,25.7944],[-80.2203,25.7944],[-80.2213,25.7944],[-80.2213,25.7944],[-80.2213,25.794],[-80.2213,25.7939],[-80.2217,25.7944],[-80.2233,25.7943],[-80.2233,25.7944],[-80.2237,25.7944],[-80.2237,25.7944],[-80.2237,25.7943],[-80.2237,25.7943],[-80.2254,25.7942],[-80.2266,25.7942],[-80.2274,25.7942],[-80.2274,25.7943],[-80.2282,25.7943],[-80.2286,25.7943],[-80.2286,25.7943],[-80.2286,25.7939],[-80.2286,25.7939],[-80.2294,25.7939],[-80.2294,25.7941],[-80.2315,25.7941],[-80.2315,25.7945],[-80.232,25.7945],[-80.232,25.7945],[-80.232,25.7942],[-80.232,25.7942],[-80.2324,25.7942],[-80.2329,25.7942],[-80.2336,25.7941],[-80.2336,25.7945],[-80.2346,25.7945],[-80.2356,25.7944],[-80.2356,25.7944],[-80.2356,25.7939],[-80.2356,25.7939],[-80.2367,25.7939],[-80.2368,25.7943],[-80.237,25.7943],[-80.237,25.7939],[-80.238,25.7938],[-80.238,25.7939],[-80.2389,25.7939],[-80.2389,25.7942],[-80.239,25.7942],[-80.2398,25.7941],[-80.2403,25.7942],[-80.2411,25.7942],[-80.241,25.7937],[-80.2419,25.7942],[-80.2427,25.794],[-80.2436,25.7942],[-80.245,25.7941],[-80.245,25.7941],[-80.2449,25.7939],[-80.2449,25.7939],[-80.2453,25.7938],[-80.2458,25.7938],[-80.2469,25.7937],[-80.2477,25.7937],[-80.2477,25.7941],[-80.2483,25.7941],[-80.2483,25.7941],[-80.2483,25.7937],[-80.2483,25.7937],[-80.249,25.7937],[-80.2498,25.7937],[-80.2498,25.794],[-80.2503,25.794],[-80.2503,25.794],[-80.2503,25.7936],[-80.2503,25.7936],[-80.2514,25.7936],[-80.2514,25.794],[-80.252,25.794],[-80.252,25.794],[-80.252,25.7936],[-80.252,25.7936],[-80.2536,25.7936],[-80.2536,25.7939],[-80.2541,25.7939],[-80.2541,25.7939],[-80.2541,25.7935],[-80.2541,25.7935],[-80.2543,25.7935],[-80.2549,25.7935],[-80.2557,25.7935],[-80.2557,25.7936],[-80.2562,25.7936],[-80.2562,25.7936],[-80.2563,25.7941],[-80.2602,25.7939],[-80.2638,25.7936],[-80.264,25.7935],[-80.264,25.7943],[-80.2644,25.7943],[-80.2644,25.7943],[-80.2644,25.7947],[-80.2645,25.7965],[-80.2682,25.7965],[-80.2682,25.7973],[-80.27,25.7973],[-80.2698,25.799],[-80.2646,25.7995],[-80.2646,25.8002],[-80.2646,25.801],[-80.2647,25.802],[-80.2647,25.8032],[-80.2647,25.804],[-80.2647,25.8057],[-80.2647,25.8058],[-80.2648,25.8078],[-80.2648,25.8081],[-80.2648,25.8082],[-80.2644,25.8084],[-80.2632,25.8084],[-80.2618,25.8085],[-80.2608,25.8085],[-80.2601,25.8085],[-80.2588,25.8092],[-80.2588,25.8098],[-80.2585,25.8099],[-80.2588,25.8159],[-80.2588,25.8159],[-80.259,25.8159],[-80.259,25.8159],[-80.2591,25.8181],[-80.2592,25.8194],[-80.2592,25.8211],[-80.2593,25.8234],[-80.2593,25.8242],[-80.2594,25.8283],[-80.2595,25.8305],[-80.2595,25.8305],[-80.2588,25.8305],[-80.2588,25.8301],[-80.2584,25.8299],[-80.2578,25.8298],[-80.256,25.8298],[-80.2557,25.8298],[-80.2555,25.8298],[-80.2554,25.8298],[-80.2533,25.8299],[-80.2531,25.8298],[-80.2508,25.8299],[-80.2508,25.8308],[-80.2485,25.8309],[-80.2485,25.8306],[-80.2456,25.8307],[-80.2456,25.8306],[-80.2452,25.8306],[-80.2452,25.8308],[-80.2447,25.8308],[-80.2447,25.8307],[-80.243,25.8307],[-80.243,25.8303],[-80.2418,25.8304],[-80.2418,25.8311],[-80.241,25.8311],[-80.2404,25.8311],[-80.2404,25.8308],[-80.2391,25.8308],[-80.237,25.8309],[-80.2359,25.8309],[-80.235,25.8309],[-80.2349,25.831],[-80.234,25.831],[-80.233,25.8311],[-80.233,25.8314],[-80.2309,25.8315],[-80.2309,25.831],[-80.2299,25.8311],[-80.2299,25.8312],[-80.2293,25.8313],[-80.2293,25.831],[-80.2289,25.831],[-80.2289,25.8316],[-80.2269,25.8316],[-80.2267,25.8317],[-80.2267,25.8312],[-80.2258,25.8313],[-80.2257,25.83],[-80.2249,25.83],[-80.2249,25.8317],[-80.2245,25.8317]]]},"properties":{"ZIPCODE":"33142"}},{"type":"Feature","geometry":{"type":"Polygon","coordinates":[[[-80.3878,25.6905],[-80.3878,25.6905],[-80.3883,25.6906],[-80.3883,25.6907],[-80.3878,25.6905]]]},"properties":{"ZIPCODE":"33283"}},{"type":"Feature","geometry":{"type":"Polygon","coordinates":[[[-80.3304,25.8088],[-80.3304,25.8076],[-80.3304,25.8076],[-80.3294,25.8076],[-80.3294,25.8076],[-80.3293,25.8071],[-80.3251,25.807],[-80.3252,25.8079],[-80.3245,25.8079],[-80.3244,25.8068],[-80.3244,25.8068],[-80.3235,25.8068],[-80.3234,25.8071],[-80.3234,25.8071],[-80.3217,25.8072],[-80.3212,25.8072],[-80.3207,25.8072],[-80.3203,25.8075],[-80.3192,25.8089],[-80.3188,25.809],[-80.3185,25.8088],[-80.3173,25.8079],[-80.3173,25.808],[-80.3154,25.8079],[-80.314,25.808],[-80.314,25.8084],[-80.3132,25.8084],[-80.3132,25.8084],[-80.3132,25.8081],[-80.3132,25.8081],[-80.3113,25.8081],[-80.3094,25.8081],[-80.3094,25.809],[-80.3084,25.8086],[-80.3067,25.808],[-80.3053,25.8075],[-80.3055,25.8039],[-80.3059,25.8038],[-80.3058,25.8031],[-80.3051,25.8028],[-80.3051,25.8074],[-80.3044,25.8073],[-80.3014,25.8072],[-80.3014,25.8072],[-80.3006,25.8072],[-80.2994,25.8074],[-80.2987,25.8075],[-80.2935,25.8076],[-80.2892,25.8076],[-80.2892,25.8076],[-80.2891,25.805],[-80.2891,25.805],[-80.2808,25.8053],[-80.2759,25.8055],[-80.2759,25.8055],[-80.2759,25.8055],[-80.2726,25.8055],[-80.2708,25.8056],[-80.2647,25.8058],[-80.2647,25.8057],[-80.2647,25.804],[-80.2647,25.8032],[-80.2647,25.802],[-80.2646,25.801],[-80.2646,25.8002],[-80.2646,25.7995],[-80.2698,25.799],[-80.27,25.7973],[-80.2682,25.7973],[-80.2682,25.7965],[-80.2645,25.7965],[-80.2644,25.7947],[-80.2644,25.7943],[-80.2678,25.7942],[-80.2678,25.7931],[-80.2689,25.7916],[-80.2689,25.7916],[-80.2689,25.7916],[-80.2689,25.7916],[-80.2689,25.7916],[-80.2689,25.7916],[-80.2716,25.7878],[-80.2728,25.7859],[-80.2728,25.7859],[-80.2728,25.7859],[-80.2728,25.7858],[-80.2734,25.7853],[-80.274,25.7851],[-80.2747,25.785],[-80.2763,25.7853],[-80.2777,25.7856],[-80.2792,25.7858],[-80.2964,25.7948],[-80.2977,25.7929],[-80.3033,25.7927],[-80.3033,25.7929],[-80.307,25.7929],[-80.3088,25.7929],[-80.3088,25.7929],[-80.3128,25.7928],[-80.3128,25.7928],[-80.3128,25.7931],[-80.3128,25.7931],[-80.3129,25.7953],[-80.3149,25.7953],[-80.3153,25.7953],[-80.3163,25.7953],[-80.3163,25.7953],[-80.3165,25.7953],[-80.3166,25.7953],[-80.3168,25.7954],[-80.317,25.7954],[-80.3171,25.7955],[-80.3172,25.7956],[-80.3174,25.7957],[-80.3175,25.7958],[-80.3176,25.796],[-80.3176,25.796],[-80.3177,25.7962],[-80.3178,25.7964],[-80.3178,25.7964],[-80.3178,25.7966],[-80.3178,25.7968],[-80.3177,25.7969],[-80.3178,25.7969],[-80.3179,25.7969],[-80.3179,25.793],[-80.318,25.793],[-80.318,25.793],[-80.3218,25.7932],[-80.3218,25.7932],[-80.3218,25.7923],[-80.3241,25.7923],[-80.3242,25.792],[-80.3246,25.792],[-80.3246,25.792],[-80.3247,25.793],[-80.3247,25.793],[-80.3247,25.793],[-80.3264,25.793],[-80.3263,25.7925],[-80.3264,25.7925],[-80.3287,25.7925],[-80.3288,25.7934],[-80.3312,25.7933],[-80.3312,25.7917],[-80.3322,25.7917],[-80.3322,25.7917],[-80.3339,25.7917],[-80.3339,25.7926],[-80.3339,25.7929],[-80.3344,25.7928],[-80.3344,25.7928],[-80.3346,25.7928],[-80.3346,25.7929],[-80.3346,25.7934],[-80.3346,25.7937],[-80.3354,25.7937],[-80.3355,25.7938],[-80.3355,25.7938],[-80.3356,25.7938],[-80.3358,25.7938],[-80.3358,25.7938],[-80.3358,25.7938],[-80.3358,25.7938],[-80.3358,25.7938],[-80.3358,25.7938],[-80.3358,25.7938],[-80.3359,25.7938],[-80.3359,25.7938],[-80.3359,25.7938],[-80.3359,25.7938],[-80.3361,25.7938],[-80.3361,25.7938],[-80.3367,25.7939],[-80.3367,25.7939],[-80.3368,25.7939],[-80.3368,25.7939],[-80.3369,25.7939],[-80.3369,25.7947],[-80.3357,25.7947],[-80.3357,25.7963],[-80.3362,25.7963],[-80.3363,25.7972],[-80.3346,25.7972],[-80.3346,25.7982],[-80.3349,25.7985],[-80.3371,25.7985],[-80.3371,25.7997],[-80.3371,25.8003],[-80.336,25.8003],[-80.336,25.8009],[-80.3363,25.8009],[-80.3363,25.8013],[-80.3356,25.8013],[-80.3356,25.8023],[-80.3364,25.8023],[-80.3363,25.8035],[-80.3351,25.8035],[-80.3352,25.8042],[-80.3363,25.8042],[-80.3363,25.8054],[-80.3363,25.8055],[-80.3363,25.8055],[-80.3362,25.8055],[-80.335,25.8054],[-80.335,25.8054],[-80.3349,25.8071],[-80.3349,25.8071],[-80.3342,25.8071],[-80.3342,25.8071],[-80.3342,25.8072],[-80.3332,25.8072],[-80.3332,25.808],[-80.332,25.8081],[-80.3321,25.8097],[-80.3321,25.8097],[-80.3304,25.8097],[-80.3304,25.8088]],[[-80.3226,25.7951],[-80.3226,25.7945],[-80.3225,25.7945],[-80.3225,25.7951],[-80.3226,25.7951]]]},"properties":{"ZIPCODE":"33122"}},{"type":"Feature","geometry":{"type":"Polygon","coordinates":[[[-80.1904,25.7747],[-80.1904,25.7745],[-80.1903,25.7745],[-80.1899,25.7745],[-80.1899,25.7748],[-80.1886,25.7748],[-80.1886,25.7743],[-80.1855,25.7744],[-80.1636,25.7651],[-80.158,25.7651],[-80.1777,25.7577],[-80.1784,25.7496],[-80.1787,25.7489],[-80.1987,25.7488],[-80.1956,25.7517],[-80.1908,25.7561],[-80.1899,25.7569],[-80.1903,25.7573],[-80.1907,25.7569],[-80.1917,25.7575],[-80.1917,25.7576],[-80.1916,25.7578],[-80.1918,25.7578],[-80.1917,25.7582],[-80.1921,25.7583],[-80.1922,25.7578],[-80.1935,25.7585],[-80.1935,25.7586],[-80.1935,25.7586],[-80.1935,25.7586],[-80.1934,25.7589],[-80.1935,25.7589],[-80.1934,25.7593],[-80.1933,25.7593],[-80.1933,25.7594],[-80.1932,25.7594],[-80.1931,25.76],[-80.193,25.7602],[-80.1932,25.7602],[-80.1932,25.7604],[-80.1934,25.7605],[-80.1933,25.7609],[-80.1928,25.7609],[-80.1927,25.7611],[-80.1932,25.7612],[-80.193,25.7619],[-80.193,25.7626],[-80.1931,25.7628],[-80.1929,25.7635],[-80.1931,25.7635],[-80.1931,25.7641],[-80.1929,25.7642],[-80.193,25.7644],[-80.1931,25.7644],[-80.1931,25.7647],[-80.1928,25.7647],[-80.1928,25.7648],[-80.1928,25.7648],[-80.1925,25.7648],[-80.1924,25.7653],[-80.1924,25.7654],[-80.1925,25.7654],[-80.1929,25.7654],[-80.193,25.7658],[-80.193,25.766],[-80.1928,25.7661],[-80.1928,25.7664],[-80.1932,25.7664],[-80.1932,25.7668],[-80.1928,25.7669],[-80.1927,25.7669],[-80.1927,25.7671],[-80.1932,25.7672],[-80.1932,25.7689],[-80.1928,25.7689],[-80.1928,25.7698],[-80.1933,25.7695],[-80.1933,25.7703],[-80.1926,25.7706],[-80.1926,25.7709],[-80.1926,25.7709],[-80.1927,25.771],[-80.1927,25.771],[-80.1928,25.7712],[-80.193,25.7713],[-80.1933,25.7713],[-80.1935,25.7726],[-80.1932,25.7726],[-80.1932,25.773],[-80.1935,25.773],[-80.1936,25.7741],[-80.1936,25.7741],[-80.1936,25.7743],[-80.1936,25.7743],[-80.1936,25.7743],[-80.1936,25.7746],[-80.1936,25.7747],[-80.1936,25.7747],[-80.1935,25.7747],[-80.1934,25.7747],[-80.1934,25.7747],[-80.1934,25.7748],[-80.1934,25.7748],[-80.1934,25.7748],[-80.1932,25.7748],[-80.1932,25.7748],[-80.1932,25.7747],[-80.1932,25.7746],[-80.1932,25.7746],[-80.1929,25.7746],[-80.1929,25.7743],[-80.1928,25.7743],[-80.1928,25.7747],[-80.1923,25.7747],[-80.1923,25.7742],[-80.1919,25.7742],[-80.1919,25.7748],[-80.1906,25.7749],[-80.1906,25.7747],[-80.1904,25.7747]]]},"properties":{"ZIPCODE":"33131"}},{"type":"Feature","geometry":{"type":"Polygon","coordinates":[[[-80.2025,25.9137],[-80.2022,25.9134],[-80.2017,25.9134],[-80.2005,25.9135],[-80.2005,25.913],[-80.2001,25.9131],[-80.2001,25.9135],[-80.1997,25.9135],[-80.1997,25.9134],[-80.1997,25.9133],[-80.1997,25.9132],[-80.1991,25.9132],[-80.1991,25.9131],[-80.1991,25.9131],[-80.1991,25.9129],[-80.1997,25.9129],[-80.1996,25.9126],[-80.1991,25.9126],[-80.199,25.9121],[-80.1988,25.9122],[-80.1988,25.9119],[-80.1984,25.912],[-80.1984,25.9117],[-80.1988,25.9117],[-80.1988,25.9113],[-80.1991,25.9113],[-80.1991,25.9108],[-80.1991,25.9104],[-80.1987,25.9104],[-80.1987,25.91],[-80.1997,25.91],[-80.1993,25.9092],[-80.1989,25.9087],[-80.1995,25.9083],[-80.1994,25.9079],[-80.1985,25.9067],[-80.1989,25.9067],[-80.1989,25.9063],[-80.1988,25.9063],[-80.1988,25.9062],[-80.1987,25.9059],[-80.1986,25.9059],[-80.1986,25.9056],[-80.1985,25.9056],[-80.1984,25.9053],[-80.1983,25.9053],[-80.1983,25.905],[-80.1983,25.9047],[-80.1983,25.9042],[-80.1983,25.9035],[-80.1983,25.9032],[-80.1987,25.9031],[-80.1987,25.9026],[-80.1993,25.9026],[-80.1992,25.9022],[-80.1987,25.9023],[-80.1986,25.9004],[-80.1985,25.9004],[-80.1985,25.8998],[-80.1986,25.8998],[-80.1985,25.8992],[-80.1991,25.8992],[-80.199,25.8981],[-80.1986,25.8981],[-80.1985,25.8961],[-80.1989,25.896],[-80.1989,25.8956],[-80.1983,25.8957],[-80.1983,25.8955],[-80.1988,25.8954],[-80.1988,25.8952],[-80.1989,25.8952],[-80.1989,25.8945],[-80.1984,25.8945],[-80.1983,25.8922],[-80.1982,25.8897],[-80.1987,25.8897],[-80.1986,25.8884],[-80.1981,25.8884],[-80.1981,25.8867],[-80.198,25.886],[-80.1977,25.886],[-80.1968,25.886],[-80.1964,25.886],[-80.1964,25.8854],[-80.1964,25.8844],[-80.1984,25.8843],[-80.1984,25.8833],[-80.1981,25.8833],[-80.1981,25.8829],[-80.1984,25.8829],[-80.1983,25.882],[-80.1981,25.882],[-80.198,25.8815],[-80.1983,25.8815],[-80.1983,25.8806],[-80.1981,25.8768],[-80.1981,25.8758],[-80.198,25.8751],[-80.198,25.8742],[-80.1979,25.8728],[-80.1999,25.8727],[-80.202,25.8727],[-80.202,25.8731],[-80.2032,25.8731],[-80.2032,25.8727],[-80.2057,25.8727],[-80.2057,25.873],[-80.2064,25.873],[-80.2063,25.8725],[-80.207,25.8725],[-80.207,25.8727],[-80.2075,25.8727],[-80.2075,25.873],[-80.2078,25.8729],[-80.2078,25.8726],[-80.2083,25.8725],[-80.2083,25.8725],[-80.2095,25.8724],[-80.2096,25.8729],[-80.2101,25.8729],[-80.2105,25.8728],[-80.2105,25.8725],[-80.2108,25.8725],[-80.2108,25.8721],[-80.211,25.8721],[-80.2111,25.8728],[-80.2124,25.8728],[-80.2124,25.8723],[-80.2141,25.8723],[-80.2141,25.8727],[-80.2144,25.8727],[-80.2144,25.8723],[-80.2158,25.8722],[-80.2158,25.8726],[-80.2162,25.8726],[-80.2161,25.8723],[-80.2178,25.8722],[-80.2178,25.8726],[-80.2193,25.8725],[-80.2193,25.8728],[-80.2194,25.8744],[-80.2189,25.8745],[-80.2189,25.8757],[-80.2187,25.8757],[-80.2187,25.8761],[-80.2185,25.8761],[-80.2185,25.8765],[-80.2189,25.8765],[-80.2189,25.8768],[-80.2188,25.8768],[-80.2188,25.8769],[-80.2188,25.8776],[-80.2189,25.8776],[-80.2189,25.8779],[-80.2184,25.878],[-80.2185,25.8787],[-80.219,25.8787],[-80.219,25.8794],[-80.2188,25.8794],[-80.2188,25.8798],[-80.2195,25.8797],[-80.2195,25.8806],[-80.2185,25.8806],[-80.2186,25.8812],[-80.2188,25.8812],[-80.2189,25.8815],[-80.2186,25.8815],[-80.2186,25.8823],[-80.2189,25.8823],[-80.2189,25.8826],[-80.2186,25.8826],[-80.2187,25.8834],[-80.2187,25.8848],[-80.2191,25.8848],[-80.2191,25.8852],[-80.2188,25.8852],[-80.2188,25.8857],[-80.2192,25.8857],[-80.2192,25.8858],[-80.2188,25.8859],[-80.2188,25.8866],[-80.2191,25.8866],[-80.2192,25.887],[-80.2192,25.887],[-80.2193,25.8877],[-80.2189,25.8877],[-80.2189,25.888],[-80.2189,25.8889],[-80.219,25.8898],[-80.2194,25.8898],[-80.2194,25.8902],[-80.219,25.8902],[-80.219,25.891],[-80.2195,25.891],[-80.2195,25.8913],[-80.219,25.8914],[-80.2191,25.8919],[-80.2195,25.8919],[-80.2195,25.892],[-80.2195,25.8923],[-80.2191,25.8923],[-80.2191,25.8928],[-80.2196,25.8928],[-80.2196,25.8931],[-80.2191,25.8932],[-80.2191,25.8937],[-80.2196,25.8937],[-80.2196,25.894],[-80.2191,25.894],[-80.2192,25.8943],[-80.2211,25.8942],[-80.2213,25.897],[-80.2193,25.897],[-80.2193,25.898],[-80.2194,25.8994],[-80.2198,25.8994],[-80.2199,25.9016],[-80.2195,25.9016],[-80.2196,25.9053],[-80.22,25.9052],[-80.2202,25.9078],[-80.22,25.9086],[-80.2198,25.9086],[-80.2198,25.9093],[-80.2203,25.9093],[-80.2199,25.9096],[-80.2198,25.9097],[-80.2198,25.9102],[-80.22,25.9102],[-80.22,25.9103],[-80.2203,25.9106],[-80.2201,25.9108],[-80.2205,25.9112],[-80.2203,25.9113],[-80.22,25.9115],[-80.2204,25.9119],[-80.2204,25.9123],[-80.2195,25.9123],[-80.219,25.9123],[-80.2183,25.9124],[-80.2183,25.9127],[-80.2179,25.9127],[-80.2179,25.9123],[-80.2158,25.9123],[-80.2158,25.9119],[-80.2137,25.912],[-80.2138,25.9129],[-80.2112,25.913],[-80.2112,25.9126],[-80.2105,25.9126],[-80.2106,25.9131],[-80.2096,25.9131],[-80.2096,25.9116],[-80.2077,25.9117],[-80.2078,25.913],[-80.2078,25.9132],[-80.2074,25.9132],[-80.2074,25.9127],[-80.206,25.9128],[-80.206,25.9133],[-80.2057,25.9133],[-80.2054,25.9133],[-80.2053,25.9128],[-80.204,25.9129],[-80.204,25.9134],[-80.2032,25.9134],[-80.2031,25.9133],[-80.2025,25.9137]]]},"properties":{"ZIPCODE":"33168"}},{"type":"Feature","geometry":{"type":"Polygon","coordinates":[[[-80.2171,25.7943],[-80.2172,25.7931],[-80.2151,25.7931],[-80.2151,25.7898],[-80.2171,25.7898],[-80.2167,25.7893],[-80.2163,25.7892],[-80.2163,25.788],[-80.215,25.7881],[-80.215,25.7875],[-80.2161,25.7874],[-80.2161,25.7859],[-80.2149,25.7859],[-80.2149,25.7856],[-80.2148,25.7853],[-80.2146,25.7847],[-80.2145,25.784],[-80.2146,25.7829],[-80.2148,25.7816],[-80.2148,25.7813],[-80.2148,25.7811],[-80.2154,25.7811],[-80.2153,25.7808],[-80.2152,25.7808],[-80.2152,25.7801],[-80.2152,25.7801],[-80.2152,25.7801],[-80.2152,25.7799],[-80.2154,25.7799],[-80.2154,25.7792],[-80.2152,25.7792],[-80.2152,25.7785],[-80.2152,25.7783],[-80.2152,25.7777],[-80.2152,25.7774],[-80.2153,25.7774],[-80.2153,25.7773],[-80.2152,25.7773],[-80.2152,25.777],[-80.2153,25.777],[-80.2153,25.7765],[-80.2151,25.7763],[-80.2151,25.7756],[-80.2156,25.7753],[-80.2156,25.7745],[-80.2156,25.7745],[-80.2156,25.7745],[-80.2161,25.7744],[-80.2161,25.774],[-80.2167,25.774],[-80.2167,25.774],[-80.2167,25.7744],[-80.2167,25.7744],[-80.2171,25.7744],[-80.2171,25.7741],[-80.2175,25.7741],[-80.2175,25.7739],[-80.218,25.7739],[-80.2197,25.7739],[-80.2214,25.7738],[-80.2214,25.7738],[-80.2214,25.7742],[-80.2214,25.7742],[-80.2219,25.7742],[-80.2219,25.7738],[-80.2225,25.7738],[-80.2229,25.7738],[-80.2229,25.7738],[-80.2229,25.7738],[-80.2229,25.7738],[-80.2233,25.7738],[-80.2233,25.773],[-80.2238,25.773],[-80.2238,25.773],[-80.2238,25.7732],[-80.2238,25.7732],[-80.2243,25.7732],[-80.2243,25.7731],[-80.2247,25.7731],[-80.2247,25.7731],[-80.2247,25.7732],[-80.2247,25.7732],[-80.225,25.7732],[-80.225,25.7731],[-80.2252,25.7731],[-80.2252,25.7731],[-80.2252,25.7732],[-80.2252,25.7733],[-80.2252,25.7733],[-80.2267,25.7733],[-80.2267,25.773],[-80.2271,25.773],[-80.2271,25.773],[-80.2271,25.7733],[-80.2271,25.7733],[-80.2273,25.7733],[-80.2277,25.7732],[-80.229,25.7732],[-80.2305,25.7732],[-80.2305,25.7732],[-80.2305,25.7732],[-80.2305,25.7732],[-80.231,25.7732],[-80.231,25.7728],[-80.2312,25.7728],[-80.2317,25.773],[-80.233,25.773],[-80.2339,25.7729],[-80.2339,25.7729],[-80.2344,25.7729],[-80.2344,25.7729],[-80.2344,25.7729],[-80.2344,25.7729],[-80.235,25.7729],[-80.235,25.7729],[-80.235,25.773],[-80.235,25.773],[-80.2356,25.773],[-80.2356,25.773],[-80.2356,25.7731],[-80.2356,25.7731],[-80.2361,25.7731],[-80.2361,25.773],[-80.2371,25.7729],[-80.2381,25.7729],[-80.2381,25.7727],[-80.2386,25.7727],[-80.2386,25.7727],[-80.2386,25.7729],[-80.2386,25.7729],[-80.2391,25.7729],[-80.2398,25.7728],[-80.2398,25.7728],[-80.2405,25.7727],[-80.2405,25.7727],[-80.2405,25.775],[-80.2405,25.775],[-80.2433,25.7749],[-80.2432,25.7727],[-80.2437,25.7726],[-80.2437,25.7722],[-80.2441,25.7722],[-80.2441,25.7722],[-80.2441,25.7726],[-80.2441,25.7726],[-80.2457,25.7726],[-80.2473,25.7725],[-80.2474,25.7724],[-80.249,25.7724],[-80.2496,25.7724],[-80.2496,25.7721],[-80.2499,25.7721],[-80.2499,25.7723],[-80.2504,25.7723],[-80.2504,25.7723],[-80.2508,25.7723],[-80.2508,25.7723],[-80.2525,25.7723],[-80.2526,25.7723],[-80.2526,25.7725],[-80.2534,25.7725],[-80.2534,25.7722],[-80.2546,25.7722],[-80.2547,25.7722],[-80.2547,25.7725],[-80.2554,25.7725],[-80.2555,25.7725],[-80.2561,25.7725],[-80.2561,25.7728],[-80.2561,25.774],[-80.2561,25.7746],[-80.2582,25.7746],[-80.2584,25.7788],[-80.2562,25.7788],[-80.2562,25.7791],[-80.2562,25.7791],[-80.2562,25.7791],[-80.2563,25.7808],[-80.2558,25.7808],[-80.2558,25.7827],[-80.2558,25.7828],[-80.2563,25.7828],[-80.2564,25.7847],[-80.2559,25.7847],[-80.2559,25.7848],[-80.2559,25.786],[-80.2559,25.7866],[-80.2622,25.7864],[-80.2637,25.7877],[-80.2639,25.7883],[-80.2639,25.7892],[-80.264,25.7935],[-80.2638,25.7936],[-80.2602,25.7939],[-80.2563,25.7941],[-80.2562,25.7936],[-80.2562,25.7936],[-80.2557,25.7936],[-80.2557,25.7935],[-80.2549,25.7935],[-80.2543,25.7935],[-80.2541,25.7935],[-80.2541,25.7935],[-80.2541,25.7939],[-80.2541,25.7939],[-80.2536,25.7939],[-80.2536,25.7936],[-80.252,25.7936],[-80.252,25.7936],[-80.252,25.794],[-80.252,25.794],[-80.2514,25.794],[-80.2514,25.7936],[-80.2503,25.7936],[-80.2503,25.7936],[-80.2503,25.794],[-80.2503,25.794],[-80.2498,25.794],[-80.2498,25.7937],[-80.249,25.7937],[-80.2483,25.7937],[-80.2483,25.7937],[-80.2483,25.7941],[-80.2483,25.7941],[-80.2477,25.7941],[-80.2477,25.7937],[-80.2469,25.7937],[-80.2458,25.7938],[-80.2453,25.7938],[-80.2449,25.7939],[-80.2449,25.7939],[-80.245,25.7941],[-80.245,25.7941],[-80.2436,25.7942],[-80.2427,25.794],[-80.2419,25.7942],[-80.241,25.7937],[-80.2411,25.7942],[-80.2403,25.7942],[-80.2398,25.7941],[-80.239,25.7942],[-80.2389,25.7942],[-80.2389,25.7939],[-80.238,25.7939],[-80.238,25.7938],[-80.237,25.7939],[-80.237,25.7943],[-80.2368,25.7943],[-80.2367,25.7939],[-80.2356,25.7939],[-80.2356,25.7939],[-80.2356,25.7944],[-80.2356,25.7944],[-80.2346,25.7945],[-80.2336,25.7945],[-80.2336,25.7941],[-80.2329,25.7942],[-80.2324,25.7942],[-80.232,25.7942],[-80.232,25.7942],[-80.232,25.7945],[-80.232,25.7945],[-80.2315,25.7945],[-80.2315,25.7941],[-80.2294,25.7941],[-80.2294,25.7939],[-80.2286,25.7939],[-80.2286,25.7939],[-80.2286,25.7943],[-80.2286,25.7943],[-80.2282,25.7943],[-80.2274,25.7943],[-80.2274,25.7942],[-80.2266,25.7942],[-80.2254,25.7942],[-80.2237,25.7943],[-80.2237,25.7943],[-80.2237,25.7944],[-80.2237,25.7944],[-80.2233,25.7944],[-80.2233,25.7943],[-80.2217,25.7944],[-80.2213,25.7939],[-80.2213,25.794],[-80.2213,25.7944],[-80.2213,25.7944],[-80.2203,25.7944],[-80.2203,25.7944],[-80.2202,25.794],[-80.2193,25.794],[-80.2193,25.7949],[-80.2192,25.7949],[-80.2172,25.7949],[-80.2171,25.7949],[-80.2171,25.7949],[-80.2171,25.7943]]]},"properties":{"ZIPCODE":"33125"}},{"type":"Feature","geometry":{"type":"Polygon","coordinates":[[[-80.169,25.8747],[-80.1689,25.8743],[-80.1642,25.8745],[-80.1624,25.8746],[-80.1644,25.8613],[-80.1646,25.849],[-80.1654,25.8485],[-80.1676,25.8395],[-80.1714,25.8332],[-80.1808,25.8334],[-80.1808,25.8328],[-80.1815,25.8328],[-80.1815,25.833],[-80.1838,25.833],[-80.1838,25.8333],[-80.1839,25.8333],[-80.1842,25.8334],[-80.1846,25.8334],[-80.1845,25.833],[-80.1857,25.833],[-80.1862,25.833],[-80.1865,25.833],[-80.1868,25.8329],[-80.1871,25.8329],[-80.1875,25.8329],[-80.1875,25.8332],[-80.1882,25.8332],[-80.1888,25.8332],[-80.1888,25.8329],[-80.189,25.8329],[-80.189,25.8332],[-80.1897,25.8332],[-80.1897,25.8328],[-80.1901,25.8328],[-80.1907,25.8328],[-80.1907,25.8329],[-80.191,25.8329],[-80.191,25.8327],[-80.1914,25.8327],[-80.1914,25.8325],[-80.1921,25.8326],[-80.1923,25.8327],[-80.1922,25.8313],[-80.1952,25.8312],[-80.1952,25.8318],[-80.1953,25.8324],[-80.1954,25.8324],[-80.196,25.8323],[-80.196,25.8321],[-80.1962,25.8321],[-80.1963,25.8321],[-80.1962,25.8326],[-80.1962,25.8327],[-80.1958,25.8328],[-80.1958,25.8334],[-80.1962,25.8334],[-80.1962,25.8336],[-80.1958,25.8336],[-80.1958,25.8345],[-80.1961,25.8345],[-80.1961,25.8354],[-80.1954,25.8355],[-80.1954,25.8361],[-80.1964,25.8361],[-80.1964,25.8363],[-80.1959,25.8364],[-80.196,25.8369],[-80.1964,25.8369],[-80.1965,25.8372],[-80.1961,25.8372],[-80.1961,25.8375],[-80.1962,25.8375],[-80.1962,25.8377],[-80.1961,25.8377],[-80.196,25.8378],[-80.196,25.8381],[-80.1963,25.8381],[-80.1963,25.8385],[-80.1966,25.8385],[-80.1966,25.8388],[-80.1961,25.8388],[-80.1961,25.8391],[-80.1966,25.8391],[-80.1966,25.8393],[-80.1966,25.8396],[-80.1962,25.8396],[-80.1962,25.8401],[-80.1956,25.8401],[-80.1956,25.8407],[-80.196,25.8406],[-80.1961,25.8408],[-80.1961,25.8417],[-80.1961,25.8419],[-80.1957,25.8419],[-80.1957,25.8421],[-80.1961,25.8421],[-80.1961,25.8421],[-80.1961,25.8426],[-80.1959,25.8426],[-80.196,25.843],[-80.1965,25.8431],[-80.1965,25.8434],[-80.1961,25.8434],[-80.1962,25.8438],[-80.1967,25.8437],[-80.1967,25.844],[-80.1964,25.844],[-80.1965,25.8447],[-80.1967,25.8447],[-80.1968,25.845],[-80.1967,25.8453],[-80.1965,25.8453],[-80.1965,25.8456],[-80.1967,25.8456],[-80.1967,25.8458],[-80.1966,25.8459],[-80.1966,25.8463],[-80.1969,25.8463],[-80.1969,25.8474],[-80.197,25.8486],[-80.197,25.8489],[-80.1965,25.849],[-80.1965,25.8491],[-80.197,25.8491],[-80.197,25.8497],[-80.1969,25.8498],[-80.1965,25.8498],[-80.1965,25.8506],[-80.1969,25.8506],[-80.1969,25.8509],[-80.1965,25.8509],[-80.1966,25.851],[-80.1969,25.851],[-80.1969,25.8516],[-80.1966,25.8516],[-80.1966,25.8517],[-80.1971,25.8517],[-80.1971,25.8518],[-80.1971,25.8524],[-80.1966,25.8524],[-80.1966,25.8526],[-80.197,25.8525],[-80.197,25.8529],[-80.1971,25.8531],[-80.1971,25.8535],[-80.197,25.8537],[-80.1967,25.8537],[-80.1968,25.8548],[-80.1972,25.8548],[-80.1972,25.8552],[-80.1968,25.8552],[-80.1968,25.8558],[-80.1968,25.8562],[-80.1972,25.8562],[-80.1972,25.8567],[-80.1969,25.8567],[-80.1969,25.8571],[-80.1972,25.8571],[-80.1973,25.8576],[-80.1969,25.8576],[-80.1969,25.8582],[-80.1973,25.8582],[-80.1973,25.8585],[-80.1973,25.8589],[-80.1968,25.8589],[-80.1968,25.8591],[-80.1968,25.8595],[-80.1969,25.8604],[-80.1969,25.8614],[-80.1969,25.8624],[-80.1975,25.8623],[-80.1975,25.8627],[-80.197,25.8627],[-80.197,25.863],[-80.1975,25.863],[-80.1975,25.8637],[-80.197,25.8637],[-80.197,25.8639],[-80.1975,25.8639],[-80.1975,25.8643],[-80.197,25.8643],[-80.197,25.8648],[-80.1976,25.8648],[-80.1976,25.8651],[-80.1973,25.8652],[-80.197,25.8652],[-80.1971,25.866],[-80.1976,25.866],[-80.1976,25.8664],[-80.1971,25.8664],[-80.1971,25.8666],[-80.1975,25.8666],[-80.1976,25.8666],[-80.1976,25.8669],[-80.1971,25.8669],[-80.1971,25.8674],[-80.1976,25.8674],[-80.1977,25.8678],[-80.1972,25.8678],[-80.1972,25.8683],[-80.1977,25.8683],[-80.1977,25.8687],[-80.1977,25.869],[-80.1972,25.869],[-80.1972,25.8692],[-80.1978,25.8692],[-80.1978,25.8696],[-80.1973,25.8696],[-80.1973,25.8701],[-80.1978,25.8701],[-80.1978,25.8704],[-80.1978,25.8705],[-80.1978,25.8713],[-80.1979,25.8723],[-80.1979,25.8728],[-80.1943,25.8729],[-80.1938,25.8729],[-80.1937,25.8726],[-80.1934,25.8726],[-80.1934,25.8725],[-80.1914,25.8726],[-80.1913,25.8727],[-80.1909,25.8727],[-80.1909,25.8726],[-80.1906,25.8727],[-80.1904,25.8727],[-80.1898,25.8727],[-80.1897,25.8735],[-80.1877,25.8736],[-80.1877,25.8731],[-80.186,25.8732],[-80.186,25.8736],[-80.1857,25.8737],[-80.1807,25.8739],[-80.1798,25.8739],[-80.1786,25.8739],[-80.1774,25.874],[-80.1772,25.874],[-80.1772,25.8736],[-80.1767,25.8737],[-80.1767,25.8738],[-80.1762,25.8738],[-80.1762,25.8739],[-80.1757,25.8739],[-80.1757,25.874],[-80.1753,25.874],[-80.1751,25.8742],[-80.1747,25.8742],[-80.1747,25.8745],[-80.1745,25.8746],[-80.1742,25.8746],[-80.174,25.8746],[-80.1737,25.8747],[-80.1736,25.8725],[-80.1731,25.8726],[-80.1731,25.8728],[-80.1722,25.8728],[-80.1713,25.8738],[-80.1699,25.8738],[-80.1695,25.8747],[-80.169,25.8747]],[[-80.193,25.8655],[-80.193,25.8656],[-80.1934,25.8656],[-80.1934,25.8655],[-80.193,25.8655]]]},"properties":{"ZIPCODE":"33138"}},{"type":"Feature","geometry":{"type":"Polygon","coordinates":[[[-80.1979,25.7789],[-80.1995,25.7788],[-80.1996,25.7792],[-80.1996,25.7798],[-80.1979,25.7798],[-80.1979,25.7793],[-80.1979,25.7793],[-80.1979,25.7789]]]},"properties":{"ZIPCODE":"33101"}},{"type":"Feature","geometry":{"type":"Polygon","coordinates":[[[-80.3225,25.7945],[-80.3226,25.7945],[-80.3226,25.7951],[-80.3225,25.7951],[-80.3225,25.7945]]]},"properties":{"ZIPCODE":"33198"}},{"type":"Feature","geometry":{"type":"Polygon","coordinates":[[[-80.4542,25.5508],[-80.4542,25.5501],[-80.4542,25.5501],[-80.4542,25.5501],[-80.4536,25.5501],[-80.4536,25.5508],[-80.4516,25.5507],[-80.4516,25.5491],[-80.4516,25.5491],[-80.4496,25.5491],[-80.4496,25.5491],[-80.4496,25.5472],[-80.4496,25.5472],[-80.4475,25.5472],[-80.4454,25.5473],[-80.4454,25.55],[-80.4445,25.55],[-80.4445,25.55],[-80.4434,25.5491],[-80.4434,25.5436],[-80.4444,25.5436],[-80.4444,25.5435],[-80.4443,25.5427],[-80.4434,25.5427],[-80.4434,25.5417],[-80.4452,25.5417],[-80.4452,25.5399],[-80.4439,25.5399],[-80.4439,25.5398],[-80.4434,25.5398],[-80.4434,25.5389],[-80.4452,25.5389],[-80.4452,25.5362],[-80.4413,25.5361],[-80.4413,25.5307],[-80.4433,25.5307],[-80.4433,25.5289],[-80.4443,25.5289],[-80.4451,25.5289],[-80.4451,25.527],[-80.4451,25.5252],[-80.445,25.5214],[-80.4435,25.5214],[-80.4431,25.5175],[-80.4442,25.5175],[-80.4442,25.5168],[-80.4431,25.5168],[-80.4431,25.515],[-80.4441,25.515],[-80.4441,25.5145],[-80.4449,25.5145],[-80.4449,25.5139],[-80.4443,25.5139],[-80.4443,25.5132],[-80.4443,25.5113],[-80.4441,25.5113],[-80.444,25.5103],[-80.4449,25.5103],[-80.4448,25.5066],[-80.446,25.5066],[-80.446,25.5057],[-80.4471,25.5057],[-80.4471,25.5057],[-80.4471,25.5062],[-80.4471,25.5062],[-80.4497,25.5061],[-80.4497,25.5061],[-80.4497,25.5065],[-80.4506,25.5065],[-80.4506,25.5061],[-80.4516,25.5061],[-80.4516,25.5061],[-80.4533,25.5061],[-80.4533,25.5061],[-80.4533,25.5061],[-80.4533,25.5061],[-80.4533,25.5061],[-80.4553,25.5061],[-80.4553,25.5061],[-80.4552,25.5056],[-80.4573,25.5056],[-80.4573,25.5061],[-80.458,25.5061],[-80.458,25.506],[-80.4583,25.506],[-80.4583,25.506],[-80.4583,25.5062],[-80.4583,25.5062],[-80.4588,25.5062],[-80.4588,25.5062],[-80.4588,25.5065],[-80.4588,25.5065],[-80.4588,25.5065],[-80.4589,25.5065],[-80.4593,25.5065],[-80.4609,25.5065],[-80.461,25.5065],[-80.4614,25.5065],[-80.4613,25.5058],[-80.4613,25.5058],[-80.4615,25.5058],[-80.4637,25.5057],[-80.4637,25.5057],[-80.4637,25.5064],[-80.4644,25.5064],[-80.4646,25.5065],[-80.4648,25.5065],[-80.4651,25.5067],[-80.4656,25.5069],[-80.4663,25.5071],[-80.4668,25.5071],[-80.4666,25.5067],[-80.4666,25.5067],[-80.4674,25.5065],[-80.4696,25.5065],[-80.471,25.5065],[-80.471,25.5065],[-80.471,25.5073],[-80.471,25.5073],[-80.4716,25.5072],[-80.472,25.5071],[-80.4727,25.5068],[-80.4723,25.5063],[-80.4727,25.5061],[-80.4727,25.5061],[-80.4731,25.5064],[-80.4731,25.5064],[-80.4735,25.5063],[-80.4739,25.5062],[-80.4745,25.5061],[-80.4756,25.506],[-80.4758,25.506],[-80.4762,25.506],[-80.4767,25.5061],[-80.4772,25.5062],[-80.4776,25.5062],[-80.4778,25.5062],[-80.4778,25.5062],[-80.4778,25.5062],[-80.4777,25.5046],[-80.4798,25.5045],[-80.4818,25.5045],[-80.4848,25.5045],[-80.4848,25.5045],[-80.4848,25.5062],[-80.4848,25.5062],[-80.4869,25.5062],[-80.4879,25.5062],[-80.4879,25.5045],[-80.4889,25.5045],[-80.4889,25.5045],[-80.489,25.5063],[-80.49,25.5063],[-80.49,25.5045],[-80.492,25.5045],[-80.492,25.5045],[-80.492,25.5051],[-80.493,25.5051],[-80.494,25.5053],[-80.494,25.5044],[-80.5,25.5044],[-80.5,25.5026],[-80.5031,25.5026],[-80.5031,25.5057],[-80.5031,25.5062],[-80.5042,25.5062],[-80.5042,25.5062],[-80.5042,25.5062],[-80.5042,25.5062],[-80.5042,25.5062],[-80.5042,25.5053],[-80.5052,25.5052],[-80.5052,25.5052],[-80.5062,25.5052],[-80.5062,25.5062],[-80.5062,25.5062],[-80.5077,25.5061],[-80.5077,25.5054],[-80.5081,25.5054],[-80.5081,25.5054],[-80.5081,25.506],[-80.5081,25.506],[-80.5102,25.506],[-80.5102,25.5043],[-80.5113,25.5043],[-80.5143,25.5043],[-80.5173,25.5043],[-80.5173,25.5043],[-80.5173,25.5043],[-80.5174,25.5052],[-80.5184,25.5052],[-80.5184,25.5052],[-80.5184,25.5052],[-80.5185,25.5052],[-80.5185,25.5043],[-80.5194,25.5043],[-80.5194,25.5025],[-80.5214,25.5024],[-80.5214,25.5061],[-80.5225,25.506],[-80.5224,25.5024],[-80.5244,25.5024],[-80.5244,25.506],[-80.5285,25.5059],[-80.5285,25.5024],[-80.5295,25.5024],[-80.5295,25.5059],[-80.5315,25.5059],[-80.5345,25.5059],[-80.5385,25.5058],[-80.5385,25.5024],[-80.5424,25.5024],[-80.5426,25.5058],[-80.5466,25.5058],[-80.5506,25.5058],[-80.5546,25.5058],[-80.5574,25.5057],[-80.5574,25.5057],[-80.5574,25.5057],[-80.5586,25.5058],[-80.5586,25.5058],[-80.5586,25.5058],[-80.5586,25.5058],[-80.5601,25.5057],[-80.5636,25.5057],[-80.5636,25.5057],[-80.5636,25.5057],[-80.5714,25.5057],[-80.5746,25.5057],[-80.5867,25.5054],[-80.6374,25.5051],[-80.6374,25.5051],[-80.6374,25.5051],[-80.68,25.5051],[-80.8732,25.5054],[-80.8733,25.5502],[-80.5885,25.5496],[-80.5885,25.5496],[-80.5885,25.5496],[-80.5749,25.5498],[-80.5631,25.5499],[-80.5591,25.5499],[-80.5485,25.5499],[-80.547,25.55],[-80.547,25.55],[-80.5468,25.5482],[-80.5429,25.5482],[-80.5429,25.5499],[-80.5412,25.5499],[-80.5412,25.5481],[-80.5407,25.5481],[-80.5407,25.549],[-80.5367,25.549],[-80.5367,25.5498],[-80.5361,25.5498],[-80.5349,25.5499],[-80.5349,25.5499],[-80.5348,25.5492],[-80.5348,25.5492],[-80.5339,25.5492],[-80.5339,25.5492],[-80.5339,25.549],[-80.5339,25.549],[-80.5333,25.549],[-80.5333,25.5499],[-80.5324,25.5499],[-80.5324,25.5499],[-80.5324,25.5499],[-80.5324,25.549],[-80.5324,25.549],[-80.5288,25.549],[-80.5279,25.549],[-80.5279,25.5492],[-80.5269,25.5492],[-80.5269,25.5501],[-80.5218,25.5502],[-80.5177,25.5502],[-80.5177,25.5502],[-80.5177,25.5484],[-80.5177,25.5484],[-80.5157,25.5484],[-80.5157,25.5495],[-80.5147,25.5495],[-80.5147,25.5495],[-80.5148,25.5501],[-80.5127,25.5501],[-80.5107,25.5501],[-80.5107,25.5501],[-80.5096,25.5501],[-80.5096,25.5493],[-80.5096,25.5493],[-80.5096,25.5493],[-80.5086,25.5493],[-80.5076,25.5493],[-80.5076,25.5492],[-80.5076,25.5485],[-80.5076,25.5485],[-80.5066,25.5484],[-80.5064,25.5484],[-80.5045,25.5485],[-80.5025,25.5485],[-80.5015,25.5484],[-80.5015,25.5484],[-80.5015,25.5484],[-80.4984,25.5484],[-80.4964,25.5485],[-80.4964,25.5501],[-80.4943,25.5502],[-80.4903,25.5503],[-80.4903,25.5467],[-80.4903,25.5467],[-80.4903,25.5467],[-80.4882,25.5467],[-80.4882,25.5479],[-80.4862,25.548],[-80.4862,25.5504],[-80.4842,25.5504],[-80.4842,25.5504],[-80.4842,25.5486],[-80.4802,25.5486],[-80.4801,25.5504],[-80.4801,25.5504],[-80.4781,25.5504],[-80.4759,25.5505],[-80.4759,25.5505],[-80.4759,25.5486],[-80.4759,25.5486],[-80.4741,25.5487],[-80.4741,25.5487],[-80.474,25.5469],[-80.474,25.5469],[-80.472,25.547],[-80.472,25.5488],[-80.47,25.5488],[-80.4699,25.5488],[-80.469,25.5488],[-80.469,25.5495],[-80.469,25.5495],[-80.4681,25.5495],[-80.4681,25.5507],[-80.4681,25.5507],[-80.4671,25.5507],[-80.4671,25.547],[-80.4649,25.5471],[-80.4649,25.5488],[-80.4618,25.5489],[-80.4597,25.549],[-80.4597,25.5499],[-80.4577,25.5499],[-80.4578,25.5508],[-80.4542,25.5508]]]},"properties":{"ZIPCODE":"33031"}},{"type":"Feature","geometry":{"type":"Polygon","coordinates":[[[-80.1999,25.7954],[-80.1999,25.7951],[-80.1995,25.7951],[-80.1993,25.7953],[-80.1989,25.7953],[-80.1989,25.7954],[-80.1984,25.7954],[-80.1984,25.795],[-80.1981,25.795],[-80.1981,25.7951],[-80.1978,25.7952],[-80.1976,25.7951],[-80.1968,25.7951],[-80.1966,25.7951],[-80.1962,25.7951],[-80.1948,25.7951],[-80.1948,25.7944],[-80.1943,25.7944],[-80.1943,25.7938],[-80.1947,25.7938],[-80.1947,25.7924],[-80.1944,25.7925],[-80.194,25.7925],[-80.194,25.7921],[-80.1944,25.7921],[-80.1943,25.7907],[-80.1947,25.7906],[-80.1947,25.7893],[-80.1943,25.7893],[-80.1943,25.7887],[-80.1943,25.7883],[-80.1941,25.7883],[-80.1941,25.7882],[-80.1937,25.7882],[-80.1937,25.7871],[-80.1941,25.7871],[-80.194,25.7847],[-80.1938,25.7847],[-80.1938,25.7843],[-80.1931,25.7843],[-80.1931,25.7843],[-80.1933,25.7843],[-80.1933,25.7842],[-80.1938,25.7842],[-80.1937,25.7839],[-80.1937,25.7837],[-80.1936,25.7837],[-80.1936,25.7834],[-80.1935,25.7831],[-80.1937,25.7831],[-80.1937,25.7829],[-80.1939,25.7829],[-80.1939,25.7818],[-80.1935,25.7818],[-80.1934,25.7811],[-80.1934,25.781],[-80.1934,25.7806],[-80.1935,25.7806],[-80.1935,25.78],[-80.1937,25.78],[-80.1937,25.7798],[-80.1937,25.7795],[-80.1938,25.7796],[-80.1942,25.7796],[-80.1942,25.7799],[-80.1949,25.7799],[-80.1954,25.7799],[-80.1954,25.7794],[-80.1953,25.7792],[-80.1957,25.7792],[-80.1957,25.7789],[-80.1963,25.7789],[-80.1963,25.7798],[-80.1969,25.7798],[-80.1969,25.7798],[-80.1974,25.7798],[-80.1974,25.7795],[-80.1978,25.7795],[-80.1979,25.7793],[-80.1979,25.7793],[-80.1979,25.7798],[-80.1996,25.7798],[-80.1996,25.7792],[-80.2003,25.7792],[-80.201,25.7792],[-80.201,25.7791],[-80.2012,25.7791],[-80.2013,25.7791],[-80.2013,25.7792],[-80.2016,25.7792],[-80.202,25.7791],[-80.2021,25.7791],[-80.2022,25.7791],[-80.2023,25.7791],[-80.2025,25.7791],[-80.2029,25.7791],[-80.2034,25.7791],[-80.2039,25.7792],[-80.2044,25.7791],[-80.2046,25.7791],[-80.205,25.7791],[-80.2049,25.7786],[-80.2059,25.7786],[-80.2059,25.7791],[-80.2062,25.7791],[-80.2061,25.7786],[-80.2064,25.7786],[-80.2066,25.7789],[-80.2071,25.7789],[-80.2071,25.7788],[-80.2088,25.7791],[-80.2089,25.7786],[-80.2089,25.7784],[-80.209,25.7786],[-80.2097,25.7786],[-80.2097,25.7789],[-80.2098,25.779],[-80.2112,25.7789],[-80.2112,25.7788],[-80.2115,25.7788],[-80.2115,25.7785],[-80.212,25.7785],[-80.212,25.7789],[-80.213,25.7789],[-80.213,25.7787],[-80.2135,25.7787],[-80.2135,25.7789],[-80.2143,25.7788],[-80.2143,25.7787],[-80.2145,25.7787],[-80.2145,25.7784],[-80.2148,25.7783],[-80.2152,25.7783],[-80.2152,25.7785],[-80.2152,25.7792],[-80.2154,25.7792],[-80.2154,25.7799],[-80.2152,25.7799],[-80.2152,25.7801],[-80.2152,25.7801],[-80.2152,25.7801],[-80.2152,25.7808],[-80.2153,25.7808],[-80.2154,25.7811],[-80.2148,25.7811],[-80.2148,25.7813],[-80.2148,25.7816],[-80.2146,25.7829],[-80.2145,25.784],[-80.2146,25.7847],[-80.2148,25.7853],[-80.2149,25.7856],[-80.2149,25.7859],[-80.2161,25.7859],[-80.2161,25.7874],[-80.215,25.7875],[-80.215,25.7881],[-80.2163,25.788],[-80.2163,25.7892],[-80.2167,25.7893],[-80.2171,25.7898],[-80.2151,25.7898],[-80.2151,25.7931],[-80.2172,25.7931],[-80.2171,25.7943],[-80.2152,25.7943],[-80.2152,25.795],[-80.2141,25.795],[-80.214,25.7941],[-80.2137,25.7937],[-80.2137,25.7933],[-80.2124,25.7933],[-80.2118,25.7934],[-80.211,25.7942],[-80.2091,25.7943],[-80.2077,25.7943],[-80.2077,25.7952],[-80.2044,25.7953],[-80.2024,25.7953],[-80.2024,25.795],[-80.2004,25.7951],[-80.2005,25.7954],[-80.1999,25.7954]]]},"properties":{"ZIPCODE":"33136"}},{"type":"Feature","geometry":{"type":"Polygon","coordinates":[[[-80.1963,25.8321],[-80.1965,25.8314],[-80.1964,25.8309],[-80.1962,25.8309],[-80.1962,25.8306],[-80.1963,25.8306],[-80.1963,25.83],[-80.1962,25.83],[-80.1961,25.8297],[-80.196,25.8295],[-80.196,25.8291],[-80.1958,25.8292],[-80.1957,25.8288],[-80.196,25.8288],[-80.1959,25.8285],[-80.1959,25.8284],[-80.1959,25.828],[-80.1959,25.8278],[-80.1958,25.8275],[-80.1958,25.8271],[-80.196,25.8271],[-80.1961,25.8268],[-80.1958,25.8268],[-80.1958,25.8267],[-80.1956,25.8267],[-80.1956,25.8265],[-80.1958,25.8265],[-80.1958,25.8262],[-80.196,25.8262],[-80.196,25.8262],[-80.1959,25.8253],[-80.1955,25.8253],[-80.1955,25.825],[-80.1957,25.825],[-80.1957,25.8246],[-80.1958,25.8246],[-80.1958,25.824],[-80.1957,25.8231],[-80.1954,25.8231],[-80.1954,25.8229],[-80.1957,25.8229],[-80.1957,25.822],[-80.1955,25.822],[-80.1955,25.8217],[-80.1957,25.8217],[-80.1957,25.8207],[-80.1955,25.8206],[-80.1955,25.8203],[-80.1953,25.8203],[-80.1953,25.8202],[-80.1956,25.8202],[-80.1956,25.8196],[-80.1953,25.8196],[-80.1952,25.8188],[-80.1956,25.8187],[-80.1955,25.8183],[-80.1952,25.8183],[-80.1952,25.8177],[-80.1952,25.817],[-80.1952,25.8169],[-80.1955,25.8169],[-80.1955,25.8167],[-80.1952,25.8167],[-80.1952,25.8166],[-80.1953,25.8166],[-80.1953,25.8163],[-80.1955,25.8163],[-80.1955,25.816],[-80.1951,25.816],[-80.1951,25.8159],[-80.1955,25.8159],[-80.1955,25.8155],[-80.1955,25.8151],[-80.1955,25.8147],[-80.1951,25.8147],[-80.1951,25.8143],[-80.1954,25.8143],[-80.1954,25.8142],[-80.1952,25.8142],[-80.1952,25.8138],[-80.1954,25.8138],[-80.1953,25.8132],[-80.1951,25.8132],[-80.195,25.8128],[-80.1953,25.8128],[-80.1953,25.8124],[-80.195,25.8124],[-80.195,25.8118],[-80.195,25.8113],[-80.1946,25.8112],[-80.1946,25.8105],[-80.1931,25.8105],[-80.1935,25.809],[-80.1936,25.809],[-80.1936,25.8088],[-80.1938,25.8081],[-80.1941,25.8068],[-80.1947,25.8067],[-80.1946,25.8059],[-80.1935,25.8059],[-80.1935,25.8058],[-80.1938,25.8045],[-80.195,25.8045],[-80.195,25.8042],[-80.1949,25.8039],[-80.1949,25.8037],[-80.1947,25.8037],[-80.1947,25.8035],[-80.1948,25.8035],[-80.1948,25.8033],[-80.1948,25.803],[-80.1946,25.803],[-80.1946,25.803],[-80.1946,25.8026],[-80.1946,25.8023],[-80.1945,25.8021],[-80.1947,25.8021],[-80.1946,25.8017],[-80.1946,25.8016],[-80.1945,25.8016],[-80.1945,25.8012],[-80.1944,25.8012],[-80.1943,25.8008],[-80.1945,25.8008],[-80.1945,25.8002],[-80.1947,25.8001],[-80.1947,25.7998],[-80.1945,25.7998],[-80.1944,25.7993],[-80.1942,25.7993],[-80.1943,25.7988],[-80.194,25.7988],[-80.1944,25.7968],[-80.1947,25.7956],[-80.1947,25.7956],[-80.1947,25.7951],[-80.1948,25.7951],[-80.1962,25.7951],[-80.1966,25.7951],[-80.1968,25.7951],[-80.1976,25.7951],[-80.1978,25.7952],[-80.1981,25.7951],[-80.1981,25.795],[-80.1984,25.795],[-80.1984,25.7954],[-80.1989,25.7954],[-80.1989,25.7953],[-80.1993,25.7953],[-80.1995,25.7951],[-80.1999,25.7951],[-80.1999,25.7954],[-80.2005,25.7954],[-80.2004,25.7951],[-80.2024,25.795],[-80.2024,25.7953],[-80.2044,25.7953],[-80.2077,25.7952],[-80.2077,25.7943],[-80.2091,25.7943],[-80.211,25.7942],[-80.2118,25.7934],[-80.2124,25.7933],[-80.2137,25.7933],[-80.2137,25.7937],[-80.214,25.7941],[-80.2141,25.795],[-80.2152,25.795],[-80.2152,25.7956],[-80.2159,25.7956],[-80.2159,25.796],[-80.2159,25.7967],[-80.2152,25.7967],[-80.2153,25.7978],[-80.2153,25.7979],[-80.2156,25.7978],[-80.2156,25.7982],[-80.2153,25.7982],[-80.2154,25.7991],[-80.2158,25.7991],[-80.2157,25.7999],[-80.2158,25.8007],[-80.2158,25.8015],[-80.2158,25.8022],[-80.2154,25.8022],[-80.2154,25.8024],[-80.2155,25.8025],[-80.2158,25.8025],[-80.2158,25.8028],[-80.2157,25.8029],[-80.2157,25.8031],[-80.2155,25.8031],[-80.2155,25.8035],[-80.2158,25.8035],[-80.2158,25.8037],[-80.2155,25.8037],[-80.2155,25.8041],[-80.2159,25.8041],[-80.2159,25.8048],[-80.2155,25.8048],[-80.2155,25.805],[-80.2158,25.8049],[-80.2158,25.8051],[-80.2159,25.8051],[-80.2159,25.8055],[-80.2155,25.8055],[-80.2156,25.8057],[-80.2156,25.8059],[-80.2159,25.8059],[-80.2159,25.8065],[-80.2156,25.8065],[-80.2156,25.8068],[-80.216,25.8067],[-80.216,25.8069],[-80.2161,25.8069],[-80.2162,25.8073],[-80.2156,25.8073],[-80.2156,25.8074],[-80.2156,25.8076],[-80.216,25.8076],[-80.216,25.808],[-80.2157,25.808],[-80.2157,25.8083],[-80.216,25.8083],[-80.2161,25.8089],[-80.2157,25.8089],[-80.2157,25.809],[-80.2159,25.809],[-80.216,25.8092],[-80.2161,25.8092],[-80.2161,25.8093],[-80.2157,25.8093],[-80.2157,25.8098],[-80.2157,25.8107],[-80.2161,25.8107],[-80.2161,25.8113],[-80.2162,25.8118],[-80.2162,25.812],[-80.216,25.8122],[-80.2161,25.8129],[-80.2161,25.8132],[-80.2161,25.8136],[-80.2159,25.8136],[-80.2159,25.8139],[-80.2161,25.8139],[-80.2161,25.8144],[-80.2163,25.8144],[-80.2163,25.815],[-80.2169,25.815],[-80.2169,25.8156],[-80.216,25.8156],[-80.216,25.816],[-80.2161,25.8165],[-80.2164,25.8165],[-80.2164,25.8168],[-80.2165,25.8168],[-80.2165,25.8169],[-80.216,25.817],[-80.216,25.8173],[-80.216,25.8174],[-80.2181,25.8174],[-80.2182,25.8191],[-80.2177,25.8191],[-80.2177,25.8209],[-80.2161,25.8209],[-80.2161,25.8212],[-80.2165,25.8212],[-80.2165,25.8213],[-80.2164,25.8214],[-80.2164,25.8217],[-80.2161,25.8217],[-80.2162,25.8221],[-80.2165,25.8221],[-80.2165,25.8224],[-80.2164,25.8225],[-80.2164,25.8228],[-80.2162,25.8228],[-80.2162,25.8233],[-80.2166,25.8233],[-80.2166,25.8236],[-80.2166,25.8239],[-80.2162,25.8239],[-80.2162,25.8244],[-80.2166,25.8243],[-80.2166,25.8246],[-80.2162,25.8246],[-80.2163,25.8247],[-80.2163,25.825],[-80.2167,25.825],[-80.2167,25.8252],[-80.2163,25.8252],[-80.2163,25.8255],[-80.2163,25.8255],[-80.2166,25.8255],[-80.2166,25.8258],[-80.2168,25.8258],[-80.2167,25.8267],[-80.2163,25.8267],[-80.2164,25.827],[-80.2168,25.827],[-80.2168,25.8273],[-80.2167,25.8273],[-80.2167,25.8275],[-80.2164,25.8276],[-80.2164,25.8278],[-80.2168,25.8278],[-80.2168,25.828],[-80.2169,25.8281],[-80.2164,25.8281],[-80.2165,25.8283],[-80.2169,25.8283],[-80.2169,25.8291],[-80.217,25.8298],[-80.217,25.8305],[-80.217,25.8306],[-80.2172,25.8306],[-80.2172,25.8309],[-80.217,25.8309],[-80.217,25.831],[-80.2167,25.831],[-80.2167,25.8313],[-80.2172,25.8313],[-80.2172,25.8316],[-80.2171,25.8316],[-80.2171,25.832],[-80.2166,25.832],[-80.2162,25.832],[-80.2162,25.8316],[-80.2149,25.8317],[-80.215,25.8318],[-80.2146,25.8318],[-80.2145,25.8319],[-80.2145,25.8317],[-80.2126,25.8318],[-80.2125,25.8317],[-80.2116,25.8318],[-80.2116,25.8322],[-80.2108,25.8322],[-80.2108,25.8318],[-80.2095,25.8318],[-80.2092,25.8318],[-80.2092,25.8322],[-80.2091,25.8322],[-80.2091,25.8321],[-80.2089,25.832],[-80.2085,25.832],[-80.2085,25.8323],[-80.2081,25.8323],[-80.2081,25.832],[-80.2074,25.8319],[-80.207,25.8319],[-80.207,25.8323],[-80.2063,25.8323],[-80.2059,25.8323],[-80.2055,25.8323],[-80.2034,25.8324],[-80.2004,25.8325],[-80.1993,25.8325],[-80.1993,25.8321],[-80.1981,25.8322],[-80.1981,25.8323],[-80.1966,25.8323],[-80.1966,25.8326],[-80.1962,25.8326],[-80.1963,25.8321]]]},"properties":{"ZIPCODE":"33127"}},{"type":"Feature","geometry":{"type":"Polygon","coordinates":[[[-80.1204,25.8764],[-80.1198,25.8722],[-80.1198,25.872],[-80.1216,25.872],[-80.1221,25.872],[-80.1226,25.872],[-80.1229,25.872],[-80.123,25.8725],[-80.1244,25.8725],[-80.1244,25.872],[-80.1329,25.8717],[-80.1458,25.8713],[-80.1457,25.8795],[-80.1457,25.8826],[-80.1456,25.8846],[-80.1452,25.8868],[-80.1448,25.8884],[-80.1442,25.89],[-80.1433,25.8915],[-80.1418,25.8931],[-80.14,25.8942],[-80.1324,25.8992],[-80.1305,25.901],[-80.1289,25.903],[-80.1282,25.9048],[-80.1278,25.907],[-80.1274,25.9159],[-80.1274,25.9159],[-80.1261,25.9159],[-80.1262,25.9179],[-80.1274,25.9194],[-80.1283,25.9206],[-80.1284,25.921],[-80.1276,25.9211],[-80.1248,25.9212],[-80.1237,25.9213],[-80.1211,25.9214],[-80.1211,25.9211],[-80.1214,25.916],[-80.1212,25.9131],[-80.1215,25.9041],[-80.1217,25.9006],[-80.1217,25.8997],[-80.1222,25.8986],[-80.1221,25.8963],[-80.1213,25.8887],[-80.1214,25.8872],[-80.1209,25.8811],[-80.1204,25.8764]]]},"properties":{"ZIPCODE":"33154"}},{"type":"Feature","geometry":{"type":"Polygon","coordinates":[[[-80.2183,25.7614],[-80.2183,25.761],[-80.2174,25.761],[-80.2174,25.7609],[-80.2171,25.7609],[-80.2171,25.7611],[-80.2169,25.7611],[-80.2169,25.7609],[-80.2163,25.7609],[-80.2163,25.7611],[-80.2157,25.7611],[-80.2157,25.7609],[-80.2153,25.7609],[-80.2153,25.7611],[-80.2148,25.7611],[-80.2147,25.7611],[-80.2144,25.7611],[-80.2143,25.7611],[-80.2143,25.7609],[-80.2148,25.7609],[-80.2148,25.7604],[-80.2146,25.7604],[-80.2146,25.7601],[-80.2148,25.7601],[-80.2148,25.7593],[-80.2148,25.7588],[-80.2142,25.7588],[-80.2142,25.7583],[-80.2148,25.7583],[-80.2147,25.7578],[-80.2147,25.757],[-80.2147,25.7566],[-80.2147,25.7564],[-80.2144,25.7564],[-80.2143,25.7561],[-80.2143,25.7558],[-80.2147,25.7558],[-80.2147,25.7554],[-80.2142,25.7554],[-80.2142,25.7551],[-80.2147,25.7551],[-80.2144,25.7548],[-80.2144,25.7547],[-80.2147,25.7547],[-80.2147,25.7545],[-80.2147,25.754],[-80.2147,25.7533],[-80.2142,25.7533],[-80.2142,25.7529],[-80.2147,25.7529],[-80.2147,25.7526],[-80.2142,25.7526],[-80.2142,25.7524],[-80.2147,25.7523],[-80.2147,25.7521],[-80.2142,25.7521],[-80.2142,25.7519],[-80.2147,25.7518],[-80.2147,25.7515],[-80.2142,25.7515],[-80.2142,25.7513],[-80.2142,25.7511],[-80.2143,25.751],[-80.2141,25.7508],[-80.2141,25.7508],[-80.2141,25.7507],[-80.2141,25.7503],[-80.2141,25.7502],[-80.2141,25.7499],[-80.2139,25.7499],[-80.2135,25.7499],[-80.2135,25.75],[-80.2133,25.75],[-80.2133,25.7498],[-80.2134,25.7497],[-80.2133,25.7497],[-80.2132,25.7493],[-80.2152,25.7486],[-80.2157,25.7484],[-80.2164,25.7481],[-80.2195,25.747],[-80.2198,25.7469],[-80.2198,25.7469],[-80.2198,25.7467],[-80.2218,25.746],[-80.2219,25.7461],[-80.2236,25.7455],[-80.2238,25.7457],[-80.224,25.7457],[-80.224,25.7458],[-80.2245,25.7458],[-80.2245,25.7462],[-80.2254,25.7461],[-80.2254,25.746],[-80.2259,25.7459],[-80.2259,25.7458],[-80.2263,25.7458],[-80.2263,25.7461],[-80.2269,25.7461],[-80.228,25.7461],[-80.2294,25.746],[-80.2294,25.7459],[-80.2295,25.7459],[-80.2295,25.7456],[-80.2299,25.7455],[-80.2299,25.746],[-80.2304,25.746],[-80.2304,25.7461],[-80.2319,25.7461],[-80.2319,25.7458],[-80.2323,25.7458],[-80.2323,25.7461],[-80.2337,25.746],[-80.2338,25.7457],[-80.2343,25.7457],[-80.2343,25.746],[-80.2358,25.746],[-80.2358,25.7457],[-80.2364,25.7456],[-80.2364,25.7459],[-80.2376,25.7459],[-80.2376,25.7456],[-80.2382,25.7456],[-80.2382,25.7453],[-80.2386,25.7453],[-80.2386,25.7457],[-80.2402,25.7456],[-80.2402,25.7454],[-80.2406,25.7454],[-80.2406,25.7452],[-80.2408,25.7452],[-80.2408,25.7456],[-80.2426,25.7456],[-80.2425,25.7451],[-80.2431,25.7451],[-80.2431,25.7454],[-80.2435,25.7454],[-80.2435,25.7455],[-80.2453,25.7455],[-80.2457,25.7455],[-80.2457,25.7455],[-80.2457,25.7453],[-80.2458,25.7453],[-80.2461,25.7453],[-80.2462,25.7453],[-80.2492,25.7452],[-80.2492,25.7448],[-80.2494,25.7448],[-80.2494,25.7451],[-80.2498,25.7451],[-80.2498,25.7451],[-80.2516,25.7451],[-80.2516,25.7447],[-80.2519,25.7446],[-80.2519,25.7449],[-80.2522,25.7449],[-80.2522,25.7451],[-80.2539,25.745],[-80.2539,25.7446],[-80.2544,25.7446],[-80.2544,25.7454],[-80.2545,25.7461],[-80.2545,25.7466],[-80.2545,25.7471],[-80.2545,25.7481],[-80.2546,25.749],[-80.2546,25.7499],[-80.2546,25.7504],[-80.2547,25.7516],[-80.2547,25.7524],[-80.2547,25.7533],[-80.2548,25.754],[-80.2548,25.7552],[-80.2549,25.7582],[-80.2549,25.7587],[-80.2549,25.759],[-80.255,25.7595],[-80.255,25.7598],[-80.255,25.7605],[-80.2548,25.7604],[-80.2547,25.7604],[-80.2547,25.7607],[-80.2532,25.7607],[-80.2532,25.7604],[-80.2526,25.7604],[-80.2527,25.7608],[-80.2521,25.7608],[-80.252,25.7604],[-80.2517,25.7605],[-80.2517,25.7608],[-80.251,25.7608],[-80.2508,25.7574],[-80.2468,25.7576],[-80.2469,25.7603],[-80.2468,25.7608],[-80.246,25.7608],[-80.2452,25.7608],[-80.2452,25.7606],[-80.2448,25.7606],[-80.2448,25.7606],[-80.2445,25.7607],[-80.2442,25.7606],[-80.2442,25.7604],[-80.2434,25.7604],[-80.2432,25.7606],[-80.243,25.7606],[-80.2428,25.7604],[-80.2428,25.7609],[-80.2414,25.7609],[-80.2407,25.7609],[-80.2391,25.761],[-80.2391,25.7605],[-80.2382,25.7606],[-80.2382,25.761],[-80.237,25.7611],[-80.237,25.7609],[-80.2366,25.7609],[-80.2366,25.7611],[-80.235,25.7612],[-80.235,25.761],[-80.2346,25.761],[-80.2346,25.7604],[-80.2343,25.7603],[-80.2343,25.7607],[-80.2337,25.7608],[-80.2337,25.7607],[-80.2335,25.7607],[-80.2335,25.7604],[-80.2319,25.7604],[-80.2316,25.7604],[-80.2316,25.7608],[-80.2315,25.7608],[-80.2315,25.7608],[-80.2313,25.7608],[-80.231,25.7608],[-80.231,25.7608],[-80.2308,25.7608],[-80.2308,25.7604],[-80.23,25.7604],[-80.2301,25.7609],[-80.2285,25.7609],[-80.2285,25.7605],[-80.2282,25.7605],[-80.2282,25.7609],[-80.2267,25.761],[-80.2267,25.7605],[-80.2264,25.7605],[-80.2265,25.7608],[-80.2262,25.7608],[-80.2262,25.7612],[-80.2247,25.7612],[-80.2247,25.7608],[-80.2244,25.7609],[-80.2243,25.7609],[-80.2244,25.7612],[-80.224,25.7612],[-80.2225,25.7613],[-80.2225,25.7609],[-80.2221,25.7609],[-80.2222,25.7613],[-80.2214,25.7613],[-80.2206,25.7613],[-80.2206,25.7609],[-80.2203,25.7609],[-80.2203,25.7613],[-80.2201,25.7613],[-80.2183,25.7614]]]},"properties":{"ZIPCODE":"33145"}},{"type":"Feature","geometry":{"type":"Polygon","coordinates":[[[-80.2637,25.9701],[-80.2637,25.9691],[-80.2625,25.9692],[-80.2624,25.9661],[-80.2623,25.964],[-80.2623,25.9625],[-80.2623,25.9614],[-80.2622,25.9588],[-80.2621,25.958],[-80.2621,25.9568],[-80.2661,25.9567],[-80.2661,25.9548],[-80.262,25.9549],[-80.262,25.9541],[-80.2624,25.954],[-80.2624,25.9537],[-80.2624,25.9534],[-80.262,25.9534],[-80.262,25.953],[-80.2625,25.953],[-80.2624,25.9509],[-80.2624,25.9508],[-80.2622,25.9507],[-80.2619,25.9507],[-80.2618,25.95],[-80.2622,25.95],[-80.2624,25.9499],[-80.2623,25.9498],[-80.2623,25.9494],[-80.2623,25.9483],[-80.2622,25.9475],[-80.2652,25.9474],[-80.2651,25.9462],[-80.2618,25.9463],[-80.2616,25.9448],[-80.2616,25.9442],[-80.2616,25.9439],[-80.2626,25.9439],[-80.2625,25.9429],[-80.2625,25.9417],[-80.2624,25.9403],[-80.2614,25.9404],[-80.2613,25.9394],[-80.2613,25.9384],[-80.2613,25.9369],[-80.2612,25.9367],[-80.2612,25.9363],[-80.2616,25.9363],[-80.2615,25.9353],[-80.2615,25.9341],[-80.2614,25.9329],[-80.2614,25.9318],[-80.2613,25.9308],[-80.2613,25.9298],[-80.2608,25.9298],[-80.2608,25.9287],[-80.2608,25.928],[-80.2607,25.9274],[-80.2615,25.9274],[-80.2614,25.927],[-80.2607,25.927],[-80.2607,25.9268],[-80.2607,25.9255],[-80.2608,25.9255],[-80.2688,25.9253],[-80.2767,25.925],[-80.2767,25.925],[-80.2774,25.925],[-80.2781,25.925],[-80.2798,25.9251],[-80.2802,25.9251],[-80.2806,25.9252],[-80.2851,25.9251],[-80.2885,25.925],[-80.2913,25.9249],[-80.2933,25.9249],[-80.2933,25.925],[-80.2933,25.9254],[-80.2934,25.9278],[-80.2936,25.9306],[-80.2936,25.9318],[-80.2938,25.9349],[-80.2938,25.936],[-80.294,25.9393],[-80.2941,25.9424],[-80.2943,25.9466],[-80.2944,25.9516],[-80.2945,25.9519],[-80.2945,25.9529],[-80.2946,25.9534],[-80.2947,25.9569],[-80.2947,25.957],[-80.2951,25.9703],[-80.2786,25.9708],[-80.2627,25.9713],[-80.2625,25.9702],[-80.2637,25.9701]]]},"properties":{"ZIPCODE":"33055"}},{"type":"Feature","geometry":{"type":"Polygon","coordinates":[[[-80.3761,25.5046],[-80.3758,25.5037],[-80.3697,25.5039],[-80.3697,25.5039],[-80.3677,25.5017],[-80.3666,25.5025],[-80.3658,25.5017],[-80.3669,25.5009],[-80.3656,25.4988],[-80.3696,25.4955],[-80.386,25.4823],[-80.3859,25.4761],[-80.3877,25.4761],[-80.3878,25.4743],[-80.4039,25.4742],[-80.4039,25.4811],[-80.4113,25.4811],[-80.4115,25.4883],[-80.4047,25.4884],[-80.405,25.4978],[-80.4042,25.4978],[-80.4042,25.4993],[-80.4042,25.4997],[-80.404,25.4997],[-80.4015,25.4998],[-80.4015,25.4998],[-80.3996,25.4998],[-80.399,25.4998],[-80.397,25.4998],[-80.3967,25.4998],[-80.3946,25.4998],[-80.3941,25.4998],[-80.3941,25.4989],[-80.3938,25.4982],[-80.3938,25.4973],[-80.3943,25.4969],[-80.3944,25.4962],[-80.395,25.4961],[-80.3949,25.4923],[-80.3944,25.4923],[-80.3944,25.4917],[-80.3928,25.4901],[-80.3923,25.4905],[-80.392,25.4903],[-80.3914,25.4908],[-80.3874,25.4939],[-80.3837,25.4967],[-80.3818,25.4982],[-80.3804,25.4991],[-80.379,25.5001],[-80.3809,25.502],[-80.3802,25.5026],[-80.3807,25.5031],[-80.3807,25.5031],[-80.3789,25.5046],[-80.3762,25.5046],[-80.3762,25.5046],[-80.3761,25.5046]]]},"properties":{"ZIPCODE":"33039"}},{"type":"Feature","geometry":{"type":"Polygon","coordinates":[[[-80.1457,25.8795],[-80.1458,25.8713],[-80.1329,25.8717],[-80.1244,25.872],[-80.1244,25.8725],[-80.123,25.8725],[-80.1229,25.872],[-80.1226,25.872],[-80.1221,25.872],[-80.1216,25.872],[-80.1198,25.872],[-80.1198,25.872],[-80.1194,25.8613],[-80.1193,25.8568],[-80.1194,25.8547],[-80.1192,25.8505],[-80.1191,25.8468],[-80.1192,25.8454],[-80.1194,25.8445],[-80.1194,25.8444],[-80.1195,25.8444],[-80.1195,25.8444],[-80.1206,25.8444],[-80.1209,25.8445],[-80.1211,25.8444],[-80.1211,25.8444],[-80.1211,25.844],[-80.1214,25.844],[-80.1214,25.844],[-80.1214,25.8441],[-80.1214,25.8442],[-80.1213,25.8443],[-80.1213,25.8443],[-80.1212,25.8444],[-80.1219,25.8443],[-80.1228,25.8441],[-80.1226,25.8433],[-80.1226,25.8427],[-80.1228,25.8419],[-80.1229,25.8418],[-80.123,25.8417],[-80.1231,25.8417],[-80.1232,25.8416],[-80.1233,25.8416],[-80.1234,25.8417],[-80.1235,25.8417],[-80.1236,25.8418],[-80.1237,25.8419],[-80.1241,25.8431],[-80.1243,25.8439],[-80.1271,25.8435],[-80.1269,25.8431],[-80.1272,25.8431],[-80.1274,25.8434],[-80.1279,25.8433],[-80.1295,25.8431],[-80.1292,25.8434],[-80.1297,25.8438],[-80.1304,25.8432],[-80.1302,25.843],[-80.1348,25.8423],[-80.1378,25.841],[-80.144,25.8394],[-80.1486,25.8374],[-80.153,25.8355],[-80.1582,25.8341],[-80.1644,25.8333],[-80.1714,25.8332],[-80.1676,25.8395],[-80.1654,25.8485],[-80.1646,25.849],[-80.1644,25.8613],[-80.1624,25.8746],[-80.1618,25.8782],[-80.1457,25.8795]]]},"properties":{"ZIPCODE":"33141"}},{"type":"Feature","geometry":{"type":"Polygon","coordinates":[[[-80.3233,25.808],[-80.3243,25.808],[-80.3243,25.8088],[-80.3233,25.8088],[-80.3233,25.808]]]},"properties":{"ZIPCODE":"33195"}},{"type":"Feature","geometry":{"type":"MultiPolygon","coordinates":[[[[-80.2708,25.7727],[-80.2707,25.7721],[-80.2697,25.7721],[-80.2697,25.772],[-80.2697,25.772],[-80.2682,25.772],[-80.2677,25.772],[-80.2677,25.7717],[-80.2669,25.7717],[-80.2669,25.7719],[-80.2671,25.7718],[-80.2671,25.7719],[-80.2669,25.7719],[-80.2669,25.7721],[-80.2664,25.7721],[-80.2657,25.7721],[-80.2657,25.7725],[-80.2649,25.7725],[-80.2649,25.7721],[-80.2641,25.7721],[-80.2641,25.772],[-80.2641,25.7717],[-80.2636,25.7717],[-80.2635,25.7717],[-80.2635,25.7722],[-80.2621,25.7722],[-80.2617,25.7724],[-80.2596,25.7725],[-80.2582,25.7725],[-80.2561,25.7725],[-80.2555,25.7725],[-80.2555,25.7718],[-80.2554,25.7702],[-80.2553,25.7699],[-80.2553,25.7694],[-80.2553,25.7691],[-80.2553,25.7687],[-80.2553,25.768],[-80.2552,25.7676],[-80.2552,25.7661],[-80.2551,25.7645],[-80.2551,25.7631],[-80.2551,25.7626],[-80.255,25.762],[-80.255,25.7605],[-80.255,25.7598],[-80.255,25.7595],[-80.2549,25.759],[-80.2549,25.7587],[-80.2549,25.7582],[-80.2548,25.7552],[-80.2548,25.754],[-80.2547,25.7533],[-80.2547,25.7524],[-80.2547,25.7516],[-80.2546,25.7504],[-80.2546,25.7499],[-80.2546,25.749],[-80.2545,25.7481],[-80.2545,25.7471],[-80.2545,25.7466],[-80.2545,25.7461],[-80.2544,25.7454],[-80.2544,25.7446],[-80.2544,25.7438],[-80.2544,25.7437],[-80.2543,25.7425],[-80.2549,25.7425],[-80.2548,25.7417],[-80.2546,25.7417],[-80.2546,25.7414],[-80.2546,25.7413],[-80.2546,25.7411],[-80.2546,25.7409],[-80.2546,25.7407],[-80.2547,25.7406],[-80.2546,25.7403],[-80.2546,25.7399],[-80.2546,25.7392],[-80.2543,25.7392],[-80.2543,25.7389],[-80.2546,25.7389],[-80.2546,25.7388],[-80.2547,25.7388],[-80.2547,25.7386],[-80.2547,25.7381],[-80.2546,25.7372],[-80.2541,25.7372],[-80.2541,25.737],[-80.2541,25.7366],[-80.2546,25.7366],[-80.2546,25.7363],[-80.2546,25.736],[-80.255,25.736],[-80.255,25.7355],[-80.256,25.7354],[-80.257,25.7354],[-80.258,25.7354],[-80.2586,25.7353],[-80.2601,25.7353],[-80.2617,25.7352],[-80.2621,25.7352],[-80.2621,25.7348],[-80.2633,25.7348],[-80.2634,25.7352],[-80.2638,25.7352],[-80.2638,25.7347],[-80.2646,25.7347],[-80.2647,25.7352],[-80.2648,25.7352],[-80.2648,25.7348],[-80.2651,25.7348],[-80.2652,25.7348],[-80.2652,25.7352],[-80.2657,25.7352],[-80.2657,25.7347],[-80.2664,25.7347],[-80.2664,25.735],[-80.2681,25.735],[-80.2681,25.7346],[-80.2687,25.7346],[-80.2687,25.7349],[-80.2691,25.7349],[-80.2691,25.7346],[-80.2714,25.7344],[-80.273,25.7344],[-80.2754,25.7344],[-80.2754,25.7349],[-80.2755,25.7349],[-80.2755,25.7344],[-80.2769,25.7344],[-80.2779,25.7344],[-80.2779,25.7346],[-80.2783,25.7347],[-80.2798,25.7346],[-80.2798,25.7343],[-80.2814,25.7343],[-80.2814,25.7346],[-80.2821,25.7346],[-80.2821,25.7342],[-80.2828,25.7342],[-80.2828,25.7346],[-80.284,25.7345],[-80.284,25.7342],[-80.2849,25.7341],[-80.2849,25.7345],[-80.2852,25.7345],[-80.2864,25.7345],[-80.2865,25.734],[-80.2866,25.7355],[-80.2867,25.7364],[-80.2867,25.7372],[-80.2867,25.7381],[-80.2868,25.739],[-80.2868,25.7393],[-80.2868,25.7399],[-80.2868,25.7401],[-80.2869,25.7409],[-80.2869,25.7416],[-80.2869,25.7421],[-80.287,25.7424],[-80.287,25.7431],[-80.287,25.7439],[-80.2871,25.7447],[-80.2871,25.7449],[-80.2871,25.7451],[-80.2867,25.7451],[-80.2867,25.7457],[-80.2871,25.7457],[-80.2872,25.7462],[-80.2867,25.7462],[-80.2868,25.7464],[-80.2872,25.7464],[-80.2872,25.7466],[-80.2872,25.747],[-80.2868,25.747],[-80.2868,25.7474],[-80.2868,25.7477],[-80.2872,25.7477],[-80.2873,25.7484],[-80.2873,25.7492],[-80.2869,25.7493],[-80.2869,25.7504],[-80.2869,25.7508],[-80.2874,25.7508],[-80.2874,25.7514],[-80.287,25.7514],[-80.287,25.7524],[-80.287,25.7535],[-80.2875,25.7535],[-80.2875,25.7539],[-80.2875,25.7541],[-80.287,25.7541],[-80.2871,25.7545],[-80.2875,25.7545],[-80.2875,25.7549],[-80.2875,25.7551],[-80.2871,25.7551],[-80.2872,25.7563],[-80.2876,25.7563],[-80.2876,25.7566],[-80.2876,25.7572],[-80.2872,25.7572],[-80.2872,25.7585],[-80.2876,25.7585],[-80.2876,25.7586],[-80.2877,25.7587],[-80.2877,25.759],[-80.2872,25.7591],[-80.2872,25.7592],[-80.2876,25.7592],[-80.2877,25.7592],[-80.2877,25.76],[-80.2876,25.7599],[-80.2873,25.7599],[-80.2873,25.7607],[-80.2876,25.7607],[-80.2877,25.7606],[-80.2878,25.761],[-80.2878,25.7614],[-80.2873,25.7617],[-80.2874,25.7628],[-80.2878,25.7628],[-80.2879,25.7636],[-80.2879,25.7636],[-80.2879,25.764],[-80.2874,25.764],[-80.2874,25.7643],[-80.2875,25.7643],[-80.2875,25.7651],[-80.2875,25.7658],[-80.2876,25.7665],[-80.2876,25.7671],[-80.288,25.767],[-80.288,25.7678],[-80.2879,25.7679],[-80.2876,25.768],[-80.2876,25.7689],[-80.2876,25.769],[-80.2876,25.7699],[-80.2877,25.7704],[-80.2881,25.7704],[-80.2882,25.7712],[-80.2865,25.7713],[-80.2856,25.7713],[-80.2856,25.7723],[-80.2842,25.7724],[-80.2833,25.7724],[-80.282,25.7722],[-80.2819,25.7712],[-80.2808,25.7712],[-80.2808,25.7715],[-80.2801,25.7715],[-80.2801,25.7717],[-80.2792,25.7718],[-80.2791,25.7715],[-80.2779,25.7716],[-80.2779,25.7712],[-80.2776,25.7712],[-80.2776,25.7717],[-80.2773,25.7717],[-80.2773,25.7712],[-80.2769,25.7713],[-80.2768,25.7713],[-80.2768,25.7717],[-80.2757,25.7718],[-80.2757,25.7713],[-80.2753,25.7713],[-80.2753,25.7718],[-80.2738,25.7718],[-80.2738,25.7718],[-80.2727,25.7718],[-80.2717,25.7719],[-80.271,25.7719],[-80.2711,25.7727],[-80.2708,25.7727]]],[[[-80.254,25.7351],[-80.2543,25.7351],[-80.2543,25.7353],[-80.254,25.7353],[-80.254,25.7351]]]]},"properties":{"ZIPCODE":"33134"}},{"type":"Feature","geometry":{"type":"Polygon","coordinates":[[[-80.193,25.8655],[-80.1934,25.8655],[-80.1934,25.8656],[-80.193,25.8656],[-80.193,25.8655]]]},"properties":{"ZIPCODE":"33153"}},{"type":"Feature","geometry":{"type":"Polygon","coordinates":[[[-80.4627,25.7529],[-80.4626,25.7511],[-80.4606,25.7512],[-80.4606,25.7495],[-80.4485,25.7497],[-80.4486,25.7512],[-80.4486,25.7519],[-80.4471,25.7519],[-80.447,25.7516],[-80.4466,25.7517],[-80.4461,25.7517],[-80.4454,25.7517],[-80.445,25.7517],[-80.4447,25.7517],[-80.4446,25.7516],[-80.4445,25.7516],[-80.4445,25.7518],[-80.4437,25.7518],[-80.4438,25.752],[-80.4433,25.752],[-80.4416,25.7519],[-80.4414,25.7516],[-80.4411,25.7517],[-80.4406,25.7517],[-80.4397,25.7517],[-80.4399,25.7514],[-80.4397,25.7512],[-80.4392,25.7517],[-80.439,25.7515],[-80.4382,25.7523],[-80.4379,25.7523],[-80.4378,25.7523],[-80.4378,25.7519],[-80.4367,25.7519],[-80.4367,25.7523],[-80.4366,25.7523],[-80.4325,25.7525],[-80.4324,25.7494],[-80.4323,25.7448],[-80.4313,25.7448],[-80.4312,25.7432],[-80.4323,25.7431],[-80.4322,25.7431],[-80.4322,25.7419],[-80.4317,25.742],[-80.4317,25.7413],[-80.4321,25.7413],[-80.432,25.7393],[-80.4319,25.7371],[-80.4301,25.7371],[-80.43,25.7357],[-80.428,25.7358],[-80.4279,25.7341],[-80.4278,25.7323],[-80.4318,25.7321],[-80.4317,25.7315],[-80.4308,25.7316],[-80.4307,25.7305],[-80.4311,25.7305],[-80.4311,25.7307],[-80.4316,25.7307],[-80.4316,25.7305],[-80.4316,25.7296],[-80.431,25.7296],[-80.431,25.7292],[-80.4317,25.7292],[-80.4317,25.7286],[-80.4315,25.7266],[-80.4315,25.7259],[-80.4315,25.7252],[-80.4314,25.7246],[-80.4312,25.7246],[-80.4312,25.7245],[-80.4314,25.7245],[-80.4314,25.7239],[-80.4314,25.7225],[-80.4313,25.7212],[-80.4312,25.718],[-80.4312,25.7166],[-80.4311,25.7139],[-80.431,25.7125],[-80.4337,25.7124],[-80.4338,25.7138],[-80.4368,25.7137],[-80.4368,25.7133],[-80.4369,25.713],[-80.438,25.7129],[-80.438,25.7122],[-80.439,25.7121],[-80.4391,25.7125],[-80.4391,25.7136],[-80.4435,25.7135],[-80.4471,25.7134],[-80.4471,25.7125],[-80.4479,25.7125],[-80.4479,25.7116],[-80.4491,25.7115],[-80.449,25.7098],[-80.4506,25.7097],[-80.4514,25.7096],[-80.453,25.7096],[-80.455,25.7095],[-80.4551,25.7105],[-80.4551,25.7117],[-80.4552,25.7132],[-80.4562,25.7132],[-80.4576,25.7132],[-80.4591,25.7131],[-80.4596,25.7131],[-80.4608,25.7131],[-80.4615,25.713],[-80.4632,25.7129],[-80.4652,25.7128],[-80.4672,25.7128],[-80.4692,25.7127],[-80.4794,25.7121],[-80.4967,25.7118],[-80.5315,25.7108],[-80.8731,25.7114],[-80.873,25.7464],[-80.6768,25.7463],[-80.6552,25.7463],[-80.5398,25.7458],[-80.506,25.7505],[-80.498,25.751],[-80.4861,25.7511],[-80.481,25.7506],[-80.4647,25.751],[-80.4646,25.7529],[-80.4627,25.7529]]]},"properties":{"ZIPCODE":"33185"}},{"type":"Feature","geometry":{"type":"Polygon","coordinates":[[[-80.3791,25.2884],[-80.3803,25.2875],[-80.3844,25.2918],[-80.3803,25.2922],[-80.3803,25.2967],[-80.3763,25.2967],[-80.3764,25.2905],[-80.3791,25.2884]]]},"properties":{"ZIPCODE":"33037"}},{"type":"Feature","geometry":{"type":"Polygon","coordinates":[[[-80.3303,25.9278],[-80.3269,25.9277],[-80.3263,25.9277],[-80.3261,25.9277],[-80.3256,25.9277],[-80.3254,25.9275],[-80.3253,25.9244],[-80.3253,25.9243],[-80.324,25.9243],[-80.324,25.9238],[-80.3253,25.9238],[-80.3253,25.9233],[-80.3253,25.9225],[-80.3252,25.9223],[-80.3251,25.9203],[-80.325,25.9172],[-80.3249,25.9151],[-80.3248,25.9133],[-80.3248,25.9125],[-80.3247,25.9096],[-80.3245,25.9051],[-80.3245,25.9043],[-80.3245,25.9037],[-80.3243,25.9006],[-80.3243,25.8976],[-80.3243,25.896],[-80.3241,25.8936],[-80.3241,25.8926],[-80.3235,25.8842],[-80.3233,25.884],[-80.3233,25.884],[-80.3233,25.8839],[-80.3232,25.8805],[-80.3229,25.8731],[-80.3228,25.8698],[-80.3226,25.8652],[-80.3226,25.8634],[-80.3224,25.8567],[-80.3225,25.8541],[-80.3225,25.8542],[-80.3233,25.8547],[-80.3239,25.8551],[-80.325,25.8559],[-80.3303,25.86],[-80.3389,25.8664],[-80.339,25.8682],[-80.339,25.8698],[-80.3391,25.8728],[-80.3392,25.8752],[-80.3392,25.877],[-80.3393,25.8778],[-80.3393,25.8788],[-80.3394,25.8815],[-80.3396,25.8841],[-80.3396,25.8848],[-80.3397,25.8855],[-80.3397,25.887],[-80.3399,25.8915],[-80.34,25.8933],[-80.3401,25.8949],[-80.3404,25.8983],[-80.3404,25.9],[-80.3405,25.9016],[-80.3405,25.9021],[-80.3405,25.9024],[-80.3407,25.906],[-80.3407,25.9073],[-80.3408,25.9091],[-80.3409,25.9103],[-80.341,25.9132],[-80.3414,25.9224],[-80.3415,25.9246],[-80.3415,25.9262],[-80.3416,25.9279],[-80.3416,25.9279],[-80.3404,25.9279],[-80.3396,25.9279],[-80.3361,25.9279],[-80.3344,25.9279],[-80.3336,25.9279],[-80.3303,25.9278]]]},"properties":{"ZIPCODE":"33016"}},{"type":"Feature","geometry":{"type":"Polygon","coordinates":[[[-80.3232,25.6651],[-80.3232,25.665],[-80.3236,25.6651],[-80.3236,25.6652],[-80.3232,25.6651]]]},"properties":{"ZIPCODE":"33256"}},{"type":"Feature","geometry":{"type":"Polygon","coordinates":[[[-80.6801,25.958],[-80.4477,25.9569],[-80.4401,25.957],[-80.4232,25.9569],[-80.4072,25.9568],[-80.3911,25.9568],[-80.3751,25.9569],[-80.359,25.9569],[-80.343,25.9569],[-80.343,25.9566],[-80.3429,25.9556],[-80.3425,25.9471],[-80.3424,25.9449],[-80.3424,25.9449],[-80.3424,25.9449],[-80.3451,25.9448],[-80.345,25.9427],[-80.3434,25.9425],[-80.3434,25.9431],[-80.3424,25.9433],[-80.3423,25.9423],[-80.342,25.9379],[-80.342,25.9366],[-80.3419,25.9351],[-80.3418,25.9316],[-80.3418,25.9315],[-80.3457,25.9315],[-80.3457,25.9305],[-80.3439,25.9305],[-80.3439,25.9297],[-80.3422,25.9297],[-80.3421,25.9292],[-80.3417,25.9292],[-80.3416,25.9279],[-80.3415,25.9262],[-80.3415,25.9246],[-80.3414,25.9224],[-80.341,25.9132],[-80.3409,25.9103],[-80.3408,25.9091],[-80.3407,25.9073],[-80.3407,25.906],[-80.3405,25.9024],[-80.3405,25.9021],[-80.3405,25.9016],[-80.3404,25.9],[-80.3404,25.8983],[-80.3401,25.8949],[-80.34,25.8933],[-80.3399,25.8915],[-80.3397,25.887],[-80.3397,25.8855],[-80.3396,25.8848],[-80.3396,25.8841],[-80.3394,25.8815],[-80.3393,25.8788],[-80.3393,25.8778],[-80.3392,25.877],[-80.3392,25.8752],[-80.3391,25.8728],[-80.339,25.8698],[-80.339,25.8682],[-80.3389,25.8664],[-80.34,25.8672],[-80.3437,25.8699],[-80.3532,25.877],[-80.3563,25.8794],[-80.362,25.8835],[-80.3721,25.891],[-80.379,25.8961],[-80.3854,25.9008],[-80.3872,25.9021],[-80.3878,25.9021],[-80.3888,25.9021],[-80.4046,25.9022],[-80.4678,25.9022],[-80.8736,25.9031],[-80.8729,25.9794],[-80.6801,25.9787],[-80.6801,25.958]]]},"properties":{"ZIPCODE":"33018"}},{"type":"Feature","geometry":{"type":"Polygon","coordinates":[[[-80.343,25.5852],[-80.3425,25.5847],[-80.3422,25.5849],[-80.3421,25.5849],[-80.3411,25.5837],[-80.3412,25.5836],[-80.3408,25.5832],[-80.3413,25.5825],[-80.3417,25.5827],[-80.3419,25.5823],[-80.3415,25.5821],[-80.3416,25.5817],[-80.3418,25.5817],[-80.3418,25.5814],[-80.3416,25.5813],[-80.3416,25.5809],[-80.3404,25.5809],[-80.3404,25.5813],[-80.3395,25.5813],[-80.3395,25.581],[-80.3381,25.581],[-80.3379,25.5814],[-80.3373,25.5814],[-80.3373,25.581],[-80.3366,25.581],[-80.3364,25.5811],[-80.3362,25.5809],[-80.3357,25.5812],[-80.3354,25.5809],[-80.3351,25.5811],[-80.3349,25.581],[-80.3319,25.581],[-80.3319,25.5814],[-80.3315,25.5814],[-80.3315,25.5824],[-80.3319,25.5823],[-80.3319,25.5836],[-80.3314,25.5836],[-80.3314,25.5847],[-80.3309,25.5847],[-80.3309,25.585],[-80.326,25.585],[-80.3259,25.5851],[-80.3258,25.5853],[-80.3245,25.5853],[-80.3245,25.585],[-80.3204,25.585],[-80.3189,25.5851],[-80.3175,25.5851],[-80.3073,25.5851],[-80.3073,25.5851],[-80.3073,25.5851],[-80.3071,25.5847],[-80.3069,25.5835],[-80.3069,25.5831],[-80.3068,25.5816],[-80.3063,25.5804],[-80.3056,25.5791],[-80.3051,25.5778],[-80.305,25.5762],[-80.3054,25.5749],[-80.3057,25.5728],[-80.3059,25.5712],[-80.3058,25.5692],[-80.3055,25.5679],[-80.3054,25.567],[-80.3054,25.567],[-80.3054,25.567],[-80.3172,25.5669],[-80.3198,25.5669],[-80.3204,25.5665],[-80.3208,25.5661],[-80.3211,25.5659],[-80.3217,25.5655],[-80.3223,25.5651],[-80.3227,25.5648],[-80.3232,25.5646],[-80.3233,25.5644],[-80.3233,25.5644],[-80.3233,25.5644],[-80.3236,25.5642],[-80.3241,25.5641],[-80.3247,25.5639],[-80.3251,25.5639],[-80.326,25.5638],[-80.3262,25.5638],[-80.3294,25.5638],[-80.331,25.5638],[-80.331,25.5638],[-80.3313,25.5638],[-80.3313,25.5638],[-80.3318,25.5641],[-80.3328,25.5641],[-80.3339,25.564],[-80.3355,25.564],[-80.3377,25.564],[-80.3379,25.564],[-80.3381,25.564],[-80.3382,25.564],[-80.3384,25.564],[-80.3385,25.564],[-80.3387,25.564],[-80.3389,25.5641],[-80.3391,25.5641],[-80.3392,25.5641],[-80.3394,25.5642],[-80.3395,25.5642],[-80.3397,25.5642],[-80.3398,25.5643],[-80.34,25.5644],[-80.3402,25.5644],[-80.3403,25.5645],[-80.3404,25.5645],[-80.3405,25.5646],[-80.3407,25.5647],[-80.3408,25.5648],[-80.341,25.5649],[-80.3411,25.565],[-80.3413,25.5651],[-80.3415,25.5653],[-80.3417,25.5654],[-80.3419,25.5656],[-80.342,25.5657],[-80.3421,25.5658],[-80.3423,25.5659],[-80.3424,25.566],[-80.3426,25.5661],[-80.3427,25.5662],[-80.3429,25.5662],[-80.3431,25.5664],[-80.3434,25.5665],[-80.3438,25.5666],[-80.3441,25.5667],[-80.3444,25.5667],[-80.3449,25.5668],[-80.3455,25.5668],[-80.3459,25.5668],[-80.3479,25.5668],[-80.3503,25.5667],[-80.3512,25.5667],[-80.3523,25.5669],[-80.3528,25.5671],[-80.3559,25.5671],[-80.3599,25.5671],[-80.3599,25.5671],[-80.36,25.567],[-80.3601,25.567],[-80.3602,25.5701],[-80.3619,25.5701],[-80.363,25.5683],[-80.3642,25.5683],[-80.3664,25.5688],[-80.3682,25.5692],[-80.3681,25.5666],[-80.3703,25.5666],[-80.3709,25.5666],[-80.3709,25.5673],[-80.3733,25.5672],[-80.3733,25.5665],[-80.3744,25.5665],[-80.3744,25.5667],[-80.3749,25.5667],[-80.3749,25.567],[-80.3751,25.567],[-80.3751,25.5674],[-80.3759,25.5674],[-80.3759,25.5672],[-80.3759,25.5671],[-80.3766,25.5671],[-80.3766,25.5667],[-80.3769,25.5666],[-80.377,25.5665],[-80.3773,25.5665],[-80.3775,25.5665],[-80.3775,25.5671],[-80.378,25.5671],[-80.378,25.5665],[-80.3781,25.5665],[-80.3781,25.5668],[-80.3783,25.5668],[-80.3783,25.5665],[-80.3785,25.5665],[-80.3785,25.5665],[-80.3785,25.5668],[-80.3791,25.5668],[-80.3791,25.5665],[-80.3795,25.5665],[-80.3795,25.5671],[-80.3806,25.5671],[-80.3806,25.5664],[-80.3823,25.5664],[-80.3823,25.5664],[-80.3823,25.5664],[-80.3806,25.5681],[-80.3765,25.5723],[-80.3765,25.5727],[-80.3768,25.5729],[-80.377,25.5729],[-80.377,25.5731],[-80.3772,25.5731],[-80.3776,25.5734],[-80.3779,25.5736],[-80.3784,25.5741],[-80.3788,25.5744],[-80.3792,25.5748],[-80.3795,25.5751],[-80.3796,25.5753],[-80.3798,25.5756],[-80.3799,25.5758],[-80.3799,25.576],[-80.38,25.5764],[-80.38,25.5776],[-80.3801,25.5784],[-80.3801,25.5805],[-80.3797,25.5805],[-80.3774,25.5805],[-80.3775,25.581],[-80.3769,25.581],[-80.3767,25.581],[-80.3765,25.581],[-80.3759,25.581],[-80.3759,25.5806],[-80.3735,25.5806],[-80.3735,25.5806],[-80.3735,25.581],[-80.3729,25.581],[-80.3719,25.581],[-80.3711,25.581],[-80.3706,25.581],[-80.3705,25.5802],[-80.3701,25.58],[-80.3696,25.5805],[-80.3695,25.5806],[-80.3687,25.58],[-80.3672,25.5816],[-80.3664,25.581],[-80.3668,25.5806],[-80.3666,25.5805],[-80.3666,25.5802],[-80.3662,25.5802],[-80.3665,25.5815],[-80.3643,25.5811],[-80.3643,25.5807],[-80.3631,25.5807],[-80.3592,25.5808],[-80.3592,25.5811],[-80.3578,25.5812],[-80.3578,25.5807],[-80.3572,25.5808],[-80.3572,25.5793],[-80.3554,25.5793],[-80.3536,25.5801],[-80.3537,25.5812],[-80.3528,25.5812],[-80.3511,25.5812],[-80.3502,25.5813],[-80.3498,25.5813],[-80.3498,25.5808],[-80.3489,25.5811],[-80.3481,25.5814],[-80.3475,25.5818],[-80.3471,25.582],[-80.3468,25.5821],[-80.3465,25.5822],[-80.3461,25.5822],[-80.3458,25.5821],[-80.3456,25.5824],[-80.3456,25.5826],[-80.3455,25.5829],[-80.3451,25.5835],[-80.3454,25.5836],[-80.3442,25.5859],[-80.344,25.5861],[-80.3437,25.5865],[-80.3433,25.5862],[-80.3428,25.5856],[-80.3427,25.5855],[-80.343,25.5852]]]},"properties":{"ZIPCODE":"33189"}},{"type":"Feature","geometry":{"type":"Polygon","coordinates":[[[-80.1274,25.9159],[-80.1278,25.907],[-80.1282,25.9048],[-80.1289,25.903],[-80.1305,25.901],[-80.1324,25.8992],[-80.14,25.8942],[-80.1418,25.8931],[-80.1433,25.8915],[-80.1442,25.89],[-80.1448,25.8884],[-80.1452,25.8868],[-80.1456,25.8846],[-80.1457,25.8826],[-80.1457,25.8795],[-80.1618,25.8782],[-80.1616,25.8784],[-80.1617,25.8792],[-80.1621,25.8797],[-80.1625,25.8791],[-80.1627,25.879],[-80.1633,25.879],[-80.1636,25.8786],[-80.1636,25.8785],[-80.1636,25.8782],[-80.1641,25.8782],[-80.1653,25.8781],[-80.1666,25.8781],[-80.1666,25.8784],[-80.1686,25.8784],[-80.1686,25.8785],[-80.1686,25.8789],[-80.1698,25.8789],[-80.1699,25.8817],[-80.1666,25.8818],[-80.1665,25.8819],[-80.1672,25.8819],[-80.1671,25.8821],[-80.1671,25.8826],[-80.166,25.8826],[-80.166,25.8828],[-80.1662,25.8828],[-80.166,25.8834],[-80.166,25.8834],[-80.166,25.8837],[-80.1661,25.8857],[-80.1661,25.8875],[-80.1661,25.8876],[-80.1661,25.8877],[-80.1662,25.8884],[-80.1657,25.8884],[-80.1657,25.889],[-80.1662,25.8889],[-80.1663,25.8893],[-80.1663,25.8907],[-80.1658,25.8907],[-80.1659,25.8917],[-80.165,25.8917],[-80.1649,25.8917],[-80.1649,25.8918],[-80.1649,25.8921],[-80.1658,25.892],[-80.1659,25.8933],[-80.1664,25.8932],[-80.1666,25.8963],[-80.1661,25.8965],[-80.1648,25.8977],[-80.1647,25.8984],[-80.1648,25.8985],[-80.1663,25.897],[-80.1665,25.8971],[-80.1661,25.8975],[-80.1664,25.8978],[-80.1663,25.8979],[-80.1664,25.8981],[-80.1662,25.8984],[-80.1664,25.8985],[-80.1664,25.8989],[-80.1661,25.8989],[-80.1659,25.8991],[-80.1659,25.8994],[-80.1667,25.8994],[-80.1668,25.9003],[-80.1669,25.9021],[-80.1669,25.9026],[-80.1666,25.9026],[-80.1666,25.903],[-80.1665,25.903],[-80.1665,25.9038],[-80.1665,25.904],[-80.1666,25.9056],[-80.167,25.9056],[-80.167,25.9059],[-80.1666,25.9059],[-80.1666,25.9065],[-80.1671,25.9065],[-80.1671,25.9071],[-80.1666,25.9071],[-80.1666,25.9072],[-80.1671,25.9072],[-80.1671,25.9075],[-80.1667,25.9075],[-80.1667,25.9083],[-80.1672,25.9083],[-80.1672,25.9084],[-80.1672,25.9087],[-80.1667,25.9087],[-80.1668,25.9089],[-80.1672,25.9089],[-80.1672,25.9096],[-80.1668,25.9096],[-80.1668,25.9099],[-80.1672,25.9099],[-80.1673,25.9102],[-80.1664,25.9103],[-80.1665,25.9111],[-80.1673,25.9111],[-80.1674,25.9131],[-80.167,25.9131],[-80.167,25.9135],[-80.1674,25.9135],[-80.1674,25.9137],[-80.1674,25.9138],[-80.1671,25.9138],[-80.1671,25.9142],[-80.1654,25.9143],[-80.1654,25.9147],[-80.1635,25.9148],[-80.1635,25.9148],[-80.1618,25.9148],[-80.1618,25.914],[-80.1608,25.9141],[-80.1608,25.9145],[-80.1595,25.9145],[-80.1595,25.9148],[-80.1587,25.9149],[-80.1586,25.9144],[-80.158,25.9144],[-80.1579,25.9149],[-80.1538,25.915],[-80.1513,25.9151],[-80.1474,25.9153],[-80.145,25.9154],[-80.1393,25.9156],[-80.1352,25.9157],[-80.131,25.9159],[-80.1275,25.9159],[-80.1274,25.9159],[-80.1274,25.9159],[-80.1274,25.9159]]]},"properties":{"ZIPCODE":"33181"}},{"type":"Feature","geometry":{"type":"Polygon","coordinates":[[[-80.3101,25.5521],[-80.3102,25.5514],[-80.3102,25.5511],[-80.3104,25.5506],[-80.311,25.5501],[-80.3116,25.5494],[-80.3117,25.5484],[-80.3118,25.5475],[-80.3117,25.5472],[-80.3118,25.5469],[-80.3118,25.5467],[-80.3121,25.5466],[-80.3123,25.5466],[-80.3123,25.5464],[-80.3125,25.5464],[-80.313,25.5466],[-80.3132,25.5467],[-80.3134,25.5469],[-80.3135,25.5468],[-80.3139,25.5471],[-80.3141,25.5474],[-80.3142,25.5476],[-80.3144,25.5482],[-80.3139,25.5482],[-80.3136,25.5482],[-80.3136,25.5484],[-80.3137,25.5485],[-80.3138,25.5486],[-80.314,25.5489],[-80.3142,25.5492],[-80.314,25.5493],[-80.3143,25.5497],[-80.3143,25.5501],[-80.3145,25.5501],[-80.3148,25.5501],[-80.3151,25.5501],[-80.3153,25.5499],[-80.3153,25.5496],[-80.3154,25.5494],[-80.3154,25.5492],[-80.3157,25.5491],[-80.3157,25.5489],[-80.3157,25.5488],[-80.3156,25.5486],[-80.3157,25.5485],[-80.3156,25.5484],[-80.3156,25.5483],[-80.3158,25.5482],[-80.3159,25.548],[-80.316,25.5479],[-80.316,25.5477],[-80.3159,25.5475],[-80.316,25.5472],[-80.3162,25.5471],[-80.3163,25.547],[-80.3163,25.5469],[-80.3162,25.5469],[-80.3161,25.5464],[-80.3162,25.5461],[-80.3166,25.5462],[-80.3172,25.5465],[-80.318,25.5467],[-80.3179,25.5466],[-80.3173,25.5463],[-80.3169,25.5461],[-80.3166,25.5457],[-80.3164,25.5456],[-80.3161,25.5455],[-80.3162,25.5452],[-80.3163,25.5449],[-80.3166,25.5447],[-80.3169,25.5447],[-80.3171,25.5445],[-80.3172,25.5444],[-80.3172,25.5442],[-80.3173,25.5442],[-80.3172,25.5441],[-80.3173,25.544],[-80.3172,25.5439],[-80.3171,25.5439],[-80.3171,25.5438],[-80.317,25.5437],[-80.3168,25.5436],[-80.3165,25.5436],[-80.3162,25.5437],[-80.3161,25.5436],[-80.3158,25.5437],[-80.3157,25.5438],[-80.3155,25.5439],[-80.3152,25.5441],[-80.3155,25.5442],[-80.3158,25.5442],[-80.3159,25.5444],[-80.3162,25.5444],[-80.3163,25.5445],[-80.3162,25.5447],[-80.3162,25.5449],[-80.3162,25.5451],[-80.3161,25.5453],[-80.3159,25.5455],[-80.3158,25.5456],[-80.3157,25.5456],[-80.3153,25.5456],[-80.3152,25.5456],[-80.315,25.5456],[-80.3149,25.5455],[-80.3148,25.5454],[-80.315,25.5454],[-80.3149,25.5452],[-80.3149,25.545],[-80.315,25.5449],[-80.3151,25.5449],[-80.3151,25.5448],[-80.315,25.5447],[-80.3149,25.5447],[-80.3147,25.5447],[-80.3146,25.5448],[-80.3147,25.5449],[-80.3148,25.5451],[-80.3147,25.5452],[-80.3148,25.5453],[-80.3147,25.5453],[-80.3145,25.5453],[-80.3146,25.5454],[-80.3147,25.5455],[-80.3147,25.5456],[-80.3146,25.5455],[-80.3145,25.5454],[-80.3143,25.5453],[-80.3144,25.5452],[-80.3144,25.5451],[-80.3144,25.545],[-80.3142,25.5449],[-80.3139,25.5448],[-80.3135,25.5449],[-80.3129,25.545],[-80.3128,25.5453],[-80.3127,25.5451],[-80.3124,25.545],[-80.3121,25.5448],[-80.3121,25.5441],[-80.3122,25.5434],[-80.3125,25.5428],[-80.3125,25.5422],[-80.3127,25.5417],[-80.3129,25.5402],[-80.3131,25.5391],[-80.3133,25.5374],[-80.3139,25.5368],[-80.3145,25.5365],[-80.3154,25.5363],[-80.3158,25.5363],[-80.3165,25.536],[-80.317,25.5363],[-80.317,25.5368],[-80.3172,25.5373],[-80.3169,25.5375],[-80.317,25.538],[-80.3166,25.5382],[-80.3162,25.5382],[-80.3158,25.5381],[-80.3159,25.5384],[-80.3154,25.5387],[-80.3153,25.539],[-80.3155,25.5396],[-80.3158,25.5399],[-80.3159,25.5401],[-80.3158,25.5405],[-80.3154,25.5409],[-80.3159,25.5409],[-80.3165,25.5408],[-80.3163,25.5403],[-80.3165,25.5401],[-80.317,25.5401],[-80.3176,25.5395],[-80.3181,25.5396],[-80.3184,25.5398],[-80.3188,25.5398],[-80.3196,25.5397],[-80.3203,25.5396],[-80.3204,25.5394],[-80.3205,25.539],[-80.3209,25.5388],[-80.3215,25.5389],[-80.3218,25.5381],[-80.3222,25.538],[-80.3222,25.5376],[-80.3227,25.5373],[-80.3231,25.537],[-80.3235,25.5366],[-80.3236,25.5362],[-80.3243,25.5362],[-80.3246,25.5359],[-80.325,25.5362],[-80.3257,25.5359],[-80.3255,25.5354],[-80.3262,25.5347],[-80.3266,25.5346],[-80.3271,25.5342],[-80.327,25.5339],[-80.3273,25.534],[-80.3276,25.5338],[-80.3277,25.5332],[-80.3281,25.5329],[-80.3283,25.5328],[-80.3285,25.5329],[-80.3285,25.5331],[-80.3288,25.533],[-80.3286,25.5329],[-80.3286,25.5325],[-80.3288,25.5324],[-80.3288,25.5322],[-80.3289,25.5318],[-80.3295,25.5315],[-80.3298,25.5314],[-80.33,25.5314],[-80.3301,25.5311],[-80.3304,25.5309],[-80.3308,25.5306],[-80.3305,25.5304],[-80.3305,25.53],[-80.3301,25.5298],[-80.3304,25.5297],[-80.3307,25.5294],[-80.331,25.5293],[-80.3312,25.529],[-80.3313,25.5285],[-80.3312,25.5279],[-80.331,25.5274],[-80.3306,25.527],[-80.3303,25.5269],[-80.33,25.5266],[-80.3299,25.5263],[-80.3303,25.5262],[-80.3308,25.5263],[-80.3311,25.5261],[-80.3315,25.5259],[-80.3312,25.5254],[-80.3314,25.5251],[-80.3313,25.5248],[-80.3315,25.5243],[-80.3312,25.5242],[-80.3313,25.5237],[-80.3317,25.5233],[-80.3317,25.5224],[-80.3317,25.5217],[-80.3317,25.5211],[-80.3312,25.5199],[-80.3311,25.519],[-80.3312,25.5183],[-80.3313,25.5176],[-80.3316,25.5176],[-80.3321,25.5175],[-80.3324,25.5175],[-80.3329,25.5171],[-80.3333,25.5167],[-80.3337,25.5162],[-80.3343,25.5158],[-80.3342,25.5153],[-80.3347,25.5145],[-80.3349,25.5141],[-80.3351,25.5129],[-80.3353,25.5122],[-80.3355,25.5106],[-80.3358,25.5105],[-80.3357,25.5097],[-80.3355,25.509],[-80.3347,25.5088],[-80.334,25.5085],[-80.3337,25.5077],[-80.3339,25.5075],[-80.3339,25.5075],[-80.3469,25.5076],[-80.3474,25.5076],[-80.3474,25.5076],[-80.3526,25.5076],[-80.3526,25.5076],[-80.3597,25.5076],[-80.3639,25.5076],[-80.3697,25.5039],[-80.3758,25.5037],[-80.3761,25.5046],[-80.3762,25.5046],[-80.3762,25.5046],[-80.3789,25.5046],[-80.3807,25.5031],[-80.3807,25.5031],[-80.3817,25.5044],[-80.384,25.5073],[-80.386,25.5091],[-80.386,25.5091],[-80.3878,25.5091],[-80.3878,25.5072],[-80.3927,25.5072],[-80.3927,25.5065],[-80.3959,25.5065],[-80.396,25.5071],[-80.3995,25.5071],[-80.3995,25.507],[-80.3995,25.5067],[-80.3995,25.5067],[-80.4005,25.5067],[-80.4006,25.5068],[-80.4007,25.5068],[-80.4007,25.5069],[-80.4007,25.5069],[-80.4007,25.507],[-80.4007,25.5071],[-80.4007,25.5071],[-80.4011,25.5071],[-80.4011,25.5068],[-80.401,25.5066],[-80.4042,25.5066],[-80.4042,25.5066],[-80.4042,25.5071],[-80.4042,25.5071],[-80.4047,25.5071],[-80.4047,25.5067],[-80.4074,25.5067],[-80.4074,25.507],[-80.4093,25.507],[-80.4093,25.5066],[-80.4097,25.5066],[-80.4101,25.5066],[-80.4101,25.5066],[-80.4102,25.5068],[-80.4102,25.5068],[-80.4105,25.5067],[-80.4105,25.5069],[-80.4105,25.5069],[-80.4113,25.5069],[-80.4113,25.5071],[-80.4116,25.5072],[-80.4116,25.5069],[-80.4117,25.5069],[-80.4117,25.5069],[-80.4117,25.507],[-80.4124,25.5071],[-80.4156,25.5072],[-80.4156,25.5072],[-80.4168,25.5068],[-80.4206,25.5068],[-80.4246,25.5068],[-80.4246,25.5068],[-80.4247,25.5068],[-80.4247,25.5065],[-80.4248,25.5061],[-80.4248,25.5059],[-80.4248,25.5056],[-80.4248,25.5053],[-80.4248,25.505],[-80.4252,25.505],[-80.4252,25.5044],[-80.4254,25.5044],[-80.4254,25.505],[-80.4262,25.505],[-80.4262,25.5055],[-80.4263,25.5055],[-80.4263,25.5056],[-80.4265,25.5056],[-80.4265,25.5055],[-80.4266,25.5055],[-80.4267,25.5054],[-80.4268,25.5054],[-80.4268,25.5054],[-80.4269,25.5055],[-80.4274,25.5055],[-80.4274,25.5055],[-80.4274,25.5055],[-80.4274,25.5049],[-80.4274,25.5042],[-80.4277,25.5042],[-80.4278,25.505],[-80.4288,25.505],[-80.4288,25.505],[-80.4288,25.5069],[-80.4301,25.5069],[-80.4301,25.5069],[-80.4302,25.5059],[-80.4311,25.5059],[-80.4311,25.5059],[-80.4311,25.5068],[-80.4311,25.5068],[-80.4323,25.5068],[-80.4377,25.5066],[-80.4377,25.5059],[-80.4389,25.5059],[-80.4389,25.5066],[-80.4415,25.5065],[-80.4414,25.5062],[-80.4418,25.5058],[-80.444,25.5057],[-80.444,25.5065],[-80.444,25.5065],[-80.444,25.5066],[-80.4448,25.5066],[-80.4449,25.5103],[-80.444,25.5103],[-80.4441,25.5113],[-80.4443,25.5113],[-80.4443,25.5132],[-80.4443,25.5139],[-80.4449,25.5139],[-80.4449,25.5145],[-80.4441,25.5145],[-80.4441,25.515],[-80.4431,25.515],[-80.4431,25.5168],[-80.4442,25.5168],[-80.4442,25.5175],[-80.4431,25.5175],[-80.4435,25.5214],[-80.445,25.5214],[-80.4451,25.5252],[-80.4451,25.527],[-80.4451,25.5289],[-80.4443,25.5289],[-80.4433,25.5289],[-80.4433,25.5307],[-80.4413,25.5307],[-80.4413,25.5361],[-80.4452,25.5362],[-80.4452,25.5389],[-80.4434,25.5389],[-80.4434,25.5398],[-80.4439,25.5398],[-80.4439,25.5399],[-80.4452,25.5399],[-80.4452,25.5417],[-80.4434,25.5417],[-80.4434,25.5427],[-80.4443,25.5427],[-80.4444,25.5435],[-80.4444,25.5436],[-80.4434,25.5436],[-80.4434,25.5491],[-80.4445,25.55],[-80.4445,25.55],[-80.4445,25.5508],[-80.4425,25.5509],[-80.4425,25.5509],[-80.4425,25.5492],[-80.4425,25.5492],[-80.4404,25.5492],[-80.4404,25.5502],[-80.4395,25.5502],[-80.4372,25.5503],[-80.4372,25.5509],[-80.4293,25.5509],[-80.4292,25.5493],[-80.4272,25.5493],[-80.4271,25.5475],[-80.4261,25.5475],[-80.4261,25.5493],[-80.4251,25.5493],[-80.4251,25.5475],[-80.4241,25.5475],[-80.4241,25.5502],[-80.4231,25.5502],[-80.4231,25.5493],[-80.4212,25.5494],[-80.4212,25.5502],[-80.421,25.5502],[-80.4191,25.5502],[-80.4191,25.551],[-80.4171,25.5511],[-80.417,25.5439],[-80.4149,25.5439],[-80.4151,25.5511],[-80.411,25.5511],[-80.4109,25.5494],[-80.4099,25.5495],[-80.4099,25.5502],[-80.4089,25.5502],[-80.409,25.5512],[-80.4068,25.5512],[-80.4068,25.5495],[-80.4058,25.5496],[-80.4058,25.5504],[-80.4047,25.5504],[-80.4047,25.5499],[-80.4017,25.5499],[-80.4017,25.5512],[-80.3986,25.5513],[-80.3986,25.5498],[-80.3972,25.5513],[-80.3925,25.5515],[-80.3904,25.5515],[-80.3904,25.5506],[-80.3883,25.5506],[-80.3874,25.5506],[-80.3874,25.5515],[-80.3859,25.5515],[-80.3859,25.5514],[-80.3863,25.5514],[-80.3863,25.5506],[-80.3843,25.5507],[-80.3843,25.5515],[-80.3802,25.5516],[-80.3802,25.5516],[-80.3802,25.5516],[-80.3741,25.5517],[-80.3741,25.5517],[-80.3741,25.5517],[-80.374,25.5512],[-80.374,25.5512],[-80.3732,25.5512],[-80.3731,25.5517],[-80.3721,25.5517],[-80.372,25.5517],[-80.3628,25.5517],[-80.3628,25.5517],[-80.3628,25.5517],[-80.3628,25.5517],[-80.3505,25.5516],[-80.3505,25.5516],[-80.3505,25.5516],[-80.3492,25.5516],[-80.3478,25.5517],[-80.3478,25.5517],[-80.3478,25.5517],[-80.3476,25.5516],[-80.3408,25.5517],[-80.3364,25.5518],[-80.3356,25.5517],[-80.3315,25.5518],[-80.3311,25.5519],[-80.329,25.5519],[-80.329,25.5519],[-80.3107,25.5521],[-80.3101,25.5521],[-80.3101,25.5521]]]},"properties":{"ZIPCODE":"33032"}},{"type":"Feature","geometry":{"type":"Polygon","coordinates":[[[-80.202,25.8731],[-80.202,25.8727],[-80.1999,25.8727],[-80.1979,25.8728],[-80.1979,25.8723],[-80.1978,25.8713],[-80.1978,25.8705],[-80.1978,25.8704],[-80.1978,25.8701],[-80.1973,25.8701],[-80.1973,25.8696],[-80.1978,25.8696],[-80.1978,25.8692],[-80.1972,25.8692],[-80.1972,25.869],[-80.1977,25.869],[-80.1977,25.8687],[-80.1977,25.8683],[-80.1972,25.8683],[-80.1972,25.8678],[-80.1977,25.8678],[-80.1976,25.8674],[-80.1971,25.8674],[-80.1971,25.8669],[-80.1976,25.8669],[-80.1976,25.8666],[-80.1975,25.8666],[-80.1971,25.8666],[-80.1971,25.8664],[-80.1976,25.8664],[-80.1976,25.866],[-80.1971,25.866],[-80.197,25.8652],[-80.1973,25.8652],[-80.1976,25.8651],[-80.1976,25.8648],[-80.197,25.8648],[-80.197,25.8643],[-80.1975,25.8643],[-80.1975,25.8639],[-80.197,25.8639],[-80.197,25.8637],[-80.1975,25.8637],[-80.1975,25.863],[-80.197,25.863],[-80.197,25.8627],[-80.1975,25.8627],[-80.1975,25.8623],[-80.1969,25.8624],[-80.1969,25.8614],[-80.1969,25.8604],[-80.1968,25.8595],[-80.1968,25.8591],[-80.1968,25.8589],[-80.1973,25.8589],[-80.1973,25.8585],[-80.1973,25.8582],[-80.1969,25.8582],[-80.1969,25.8576],[-80.1973,25.8576],[-80.1972,25.8571],[-80.1969,25.8571],[-80.1969,25.8567],[-80.1972,25.8567],[-80.1972,25.8562],[-80.1968,25.8562],[-80.1968,25.8558],[-80.1968,25.8552],[-80.1972,25.8552],[-80.1972,25.8548],[-80.1968,25.8548],[-80.1967,25.8537],[-80.197,25.8537],[-80.1971,25.8535],[-80.1971,25.8531],[-80.197,25.8529],[-80.197,25.8525],[-80.1966,25.8526],[-80.1966,25.8524],[-80.1971,25.8524],[-80.1971,25.8518],[-80.1971,25.8517],[-80.1966,25.8517],[-80.1966,25.8516],[-80.1969,25.8516],[-80.1969,25.851],[-80.1966,25.851],[-80.1965,25.8509],[-80.1969,25.8509],[-80.1969,25.8506],[-80.1965,25.8506],[-80.1965,25.8498],[-80.1969,25.8498],[-80.197,25.8497],[-80.197,25.8491],[-80.1965,25.8491],[-80.1965,25.849],[-80.197,25.8489],[-80.197,25.8486],[-80.1969,25.8474],[-80.1969,25.8463],[-80.1966,25.8463],[-80.1966,25.8459],[-80.1967,25.8458],[-80.1967,25.8456],[-80.1965,25.8456],[-80.1965,25.8453],[-80.1967,25.8453],[-80.1968,25.845],[-80.1967,25.8447],[-80.1965,25.8447],[-80.1964,25.844],[-80.1967,25.844],[-80.1967,25.8437],[-80.1962,25.8438],[-80.1961,25.8434],[-80.1965,25.8434],[-80.1965,25.8431],[-80.196,25.843],[-80.1959,25.8426],[-80.1961,25.8426],[-80.1961,25.8421],[-80.1961,25.8421],[-80.1957,25.8421],[-80.1957,25.8419],[-80.1961,25.8419],[-80.1961,25.8417],[-80.1961,25.8408],[-80.196,25.8406],[-80.1956,25.8407],[-80.1956,25.8401],[-80.1962,25.8401],[-80.1962,25.8396],[-80.1966,25.8396],[-80.1966,25.8393],[-80.1966,25.8391],[-80.1961,25.8391],[-80.1961,25.8388],[-80.1966,25.8388],[-80.1966,25.8385],[-80.1963,25.8385],[-80.1963,25.8381],[-80.196,25.8381],[-80.196,25.8378],[-80.1961,25.8377],[-80.1962,25.8377],[-80.1962,25.8375],[-80.1961,25.8375],[-80.1961,25.8372],[-80.1965,25.8372],[-80.1964,25.8369],[-80.196,25.8369],[-80.1959,25.8364],[-80.1964,25.8363],[-80.1964,25.8361],[-80.1954,25.8361],[-80.1954,25.8355],[-80.1961,25.8354],[-80.1961,25.8345],[-80.1958,25.8345],[-80.1958,25.8336],[-80.1962,25.8336],[-80.1962,25.8334],[-80.1958,25.8334],[-80.1958,25.8328],[-80.1962,25.8327],[-80.1962,25.8326],[-80.1966,25.8326],[-80.1966,25.8323],[-80.1981,25.8323],[-80.1981,25.8322],[-80.1993,25.8321],[-80.1993,25.8325],[-80.2004,25.8325],[-80.2034,25.8324],[-80.2055,25.8323],[-80.2059,25.8323],[-80.2063,25.8323],[-80.207,25.8323],[-80.207,25.8319],[-80.2074,25.8319],[-80.2081,25.832],[-80.2081,25.8323],[-80.2085,25.8323],[-80.2085,25.832],[-80.2089,25.832],[-80.2091,25.8321],[-80.2091,25.8322],[-80.2092,25.8322],[-80.2092,25.8318],[-80.2095,25.8318],[-80.2108,25.8318],[-80.2108,25.8322],[-80.2116,25.8322],[-80.2116,25.8318],[-80.2125,25.8317],[-80.2126,25.8318],[-80.2145,25.8317],[-80.2145,25.8319],[-80.2146,25.8318],[-80.215,25.8318],[-80.2149,25.8317],[-80.2162,25.8316],[-80.2162,25.832],[-80.2166,25.832],[-80.2167,25.8336],[-80.2168,25.8357],[-80.2171,25.8357],[-80.2171,25.8368],[-80.2173,25.8368],[-80.2173,25.8375],[-80.2169,25.8375],[-80.217,25.8386],[-80.2174,25.8386],[-80.2174,25.8394],[-80.218,25.8394],[-80.218,25.8399],[-80.218,25.8403],[-80.2171,25.8403],[-80.2172,25.8413],[-80.2173,25.8413],[-80.2174,25.8413],[-80.2175,25.8414],[-80.2176,25.8414],[-80.2177,25.8417],[-80.2171,25.8417],[-80.2171,25.8423],[-80.2175,25.8422],[-80.2175,25.8428],[-80.2171,25.8428],[-80.2171,25.8431],[-80.2172,25.8435],[-80.2177,25.8435],[-80.2177,25.8439],[-80.2177,25.8445],[-80.2172,25.8446],[-80.2172,25.8449],[-80.2177,25.8449],[-80.2177,25.8453],[-80.2182,25.8453],[-80.2182,25.8456],[-80.2177,25.8457],[-80.2177,25.8461],[-80.2172,25.8461],[-80.2173,25.8468],[-80.2173,25.8483],[-80.2176,25.8483],[-80.2176,25.8486],[-80.2173,25.8486],[-80.2173,25.8487],[-80.2174,25.8504],[-80.2175,25.8509],[-80.2176,25.8542],[-80.2176,25.8548],[-80.2176,25.8559],[-80.2177,25.8563],[-80.2181,25.8563],[-80.218,25.8568],[-80.218,25.8572],[-80.2179,25.8574],[-80.2176,25.8574],[-80.2175,25.8574],[-80.2173,25.8576],[-80.2171,25.8579],[-80.2173,25.8583],[-80.2171,25.8585],[-80.2167,25.8591],[-80.2164,25.8597],[-80.2165,25.8604],[-80.2167,25.8612],[-80.2165,25.8612],[-80.2159,25.8612],[-80.2159,25.8614],[-80.216,25.8618],[-80.2167,25.8627],[-80.2173,25.8634],[-80.218,25.8643],[-80.2181,25.8645],[-80.2181,25.8653],[-80.2182,25.8653],[-80.2183,25.8655],[-80.2183,25.8655],[-80.2183,25.8658],[-80.2181,25.8659],[-80.2181,25.866],[-80.2183,25.866],[-80.2183,25.8666],[-80.2182,25.8666],[-80.2182,25.867],[-80.2183,25.867],[-80.2183,25.8673],[-80.2182,25.8673],[-80.2182,25.8689],[-80.2182,25.8707],[-80.2201,25.8706],[-80.2201,25.8725],[-80.2193,25.8725],[-80.2178,25.8726],[-80.2178,25.8722],[-80.2161,25.8723],[-80.2162,25.8726],[-80.2158,25.8726],[-80.2158,25.8722],[-80.2144,25.8723],[-80.2144,25.8727],[-80.2141,25.8727],[-80.2141,25.8723],[-80.2124,25.8723],[-80.2124,25.8728],[-80.2111,25.8728],[-80.211,25.8721],[-80.2108,25.8721],[-80.2108,25.8725],[-80.2105,25.8725],[-80.2105,25.8728],[-80.2101,25.8729],[-80.2096,25.8729],[-80.2095,25.8724],[-80.2083,25.8725],[-80.2083,25.8725],[-80.2078,25.8726],[-80.2078,25.8729],[-80.2075,25.873],[-80.2075,25.8727],[-80.207,25.8727],[-80.207,25.8725],[-80.2063,25.8725],[-80.2064,25.873],[-80.2057,25.873],[-80.2057,25.8727],[-80.2032,25.8727],[-80.2032,25.8731],[-80.202,25.8731]]]},"properties":{"ZIPCODE":"33150"}},{"type":"Feature","geometry":{"type":"Polygon","coordinates":[[[-80.1323,25.7842],[-80.1328,25.7842],[-80.1328,25.7848],[-80.1322,25.7848],[-80.1323,25.7842]]]},"properties":{"ZIPCODE":"33119"}},{"type":"Feature","geometry":{"type":"Polygon","coordinates":[[[-80.1619,25.9443],[-80.1619,25.9439],[-80.1607,25.9439],[-80.1586,25.944],[-80.1566,25.944],[-80.1567,25.9435],[-80.1567,25.9426],[-80.1566,25.9417],[-80.1566,25.9409],[-80.1564,25.9354],[-80.1565,25.9354],[-80.1566,25.9354],[-80.1566,25.935],[-80.1564,25.9351],[-80.1563,25.9344],[-80.1564,25.9344],[-80.1567,25.9344],[-80.1567,25.9341],[-80.1563,25.9341],[-80.1562,25.9307],[-80.1565,25.9307],[-80.1564,25.9304],[-80.1564,25.9303],[-80.1564,25.9299],[-80.1563,25.9299],[-80.1562,25.9299],[-80.1563,25.9298],[-80.1562,25.9295],[-80.1566,25.9295],[-80.1566,25.9294],[-80.1568,25.9294],[-80.1567,25.9288],[-80.1562,25.9288],[-80.1562,25.9281],[-80.1561,25.9279],[-80.1568,25.9279],[-80.1567,25.9273],[-80.1567,25.9272],[-80.1567,25.9271],[-80.1565,25.9271],[-80.1565,25.9267],[-80.1567,25.9267],[-80.1567,25.9264],[-80.1559,25.9264],[-80.1559,25.9261],[-80.1559,25.9252],[-80.1559,25.9251],[-80.1567,25.9251],[-80.1567,25.9242],[-80.1574,25.9242],[-80.1574,25.9234],[-80.1558,25.9234],[-80.1558,25.9233],[-80.1556,25.9233],[-80.1553,25.9233],[-80.1555,25.9225],[-80.1558,25.9224],[-80.1559,25.9223],[-80.156,25.922],[-80.1563,25.9201],[-80.1579,25.9149],[-80.158,25.9144],[-80.1586,25.9144],[-80.1587,25.9149],[-80.1595,25.9148],[-80.1595,25.9145],[-80.1608,25.9145],[-80.1608,25.9141],[-80.1618,25.914],[-80.1618,25.9148],[-80.1635,25.9148],[-80.1635,25.9148],[-80.1654,25.9147],[-80.1654,25.9143],[-80.1671,25.9142],[-80.1675,25.9142],[-80.1678,25.9142],[-80.1691,25.9141],[-80.1707,25.9141],[-80.1711,25.914],[-80.1711,25.9142],[-80.1715,25.9142],[-80.1715,25.9141],[-80.1719,25.9141],[-80.1719,25.914],[-80.1732,25.914],[-80.1751,25.9139],[-80.1751,25.9139],[-80.1755,25.9139],[-80.1755,25.9137],[-80.176,25.9137],[-80.176,25.9143],[-80.1765,25.9143],[-80.1775,25.9142],[-80.1774,25.9138],[-80.1785,25.9138],[-80.1785,25.9139],[-80.1796,25.9138],[-80.1796,25.9137],[-80.18,25.9137],[-80.18,25.9137],[-80.1805,25.9136],[-80.1805,25.9141],[-80.1836,25.914],[-80.1851,25.914],[-80.1855,25.914],[-80.1862,25.914],[-80.1862,25.9135],[-80.1867,25.9135],[-80.1867,25.9144],[-80.1876,25.9144],[-80.1876,25.9141],[-80.1883,25.9141],[-80.1883,25.9133],[-80.1896,25.9133],[-80.1896,25.9137],[-80.1898,25.9137],[-80.1902,25.9133],[-80.1906,25.9136],[-80.1905,25.9137],[-80.192,25.9137],[-80.192,25.9133],[-80.1952,25.9132],[-80.1952,25.9136],[-80.1957,25.9136],[-80.1957,25.9132],[-80.1991,25.9131],[-80.1991,25.9132],[-80.1997,25.9132],[-80.1997,25.9133],[-80.1997,25.9134],[-80.1997,25.9135],[-80.1997,25.9144],[-80.1998,25.9149],[-80.1993,25.915],[-80.1993,25.9154],[-80.1985,25.9154],[-80.1986,25.9163],[-80.1998,25.9162],[-80.1998,25.9167],[-80.199,25.9168],[-80.199,25.9172],[-80.1994,25.9172],[-80.1994,25.9178],[-80.1998,25.9177],[-80.1999,25.9186],[-80.1995,25.9186],[-80.1995,25.9194],[-80.1999,25.9194],[-80.2,25.9208],[-80.1996,25.9208],[-80.1996,25.9211],[-80.1997,25.9211],[-80.1997,25.9212],[-80.1999,25.9212],[-80.1999,25.9212],[-80.2,25.9212],[-80.2,25.9217],[-80.1996,25.9217],[-80.1997,25.9222],[-80.2001,25.9222],[-80.2001,25.9226],[-80.1997,25.9226],[-80.1997,25.9231],[-80.2001,25.9231],[-80.2001,25.9235],[-80.1997,25.9235],[-80.1998,25.9244],[-80.2002,25.9244],[-80.2002,25.9249],[-80.1998,25.9249],[-80.1998,25.9258],[-80.1999,25.9267],[-80.1999,25.9272],[-80.1999,25.9276],[-80.2003,25.9276],[-80.2004,25.9286],[-80.2,25.9286],[-80.2,25.929],[-80.2004,25.929],[-80.2004,25.9299],[-80.2001,25.9299],[-80.2002,25.9306],[-80.2003,25.9321],[-80.2003,25.9329],[-80.2003,25.9335],[-80.203,25.9334],[-80.1996,25.9362],[-80.1978,25.9377],[-80.2007,25.9376],[-80.2007,25.9387],[-80.2012,25.9387],[-80.2012,25.9397],[-80.2013,25.9397],[-80.2014,25.9406],[-80.1977,25.9407],[-80.1959,25.9408],[-80.1959,25.942],[-80.1955,25.9419],[-80.1951,25.9417],[-80.1946,25.9415],[-80.194,25.9414],[-80.1932,25.9421],[-80.1927,25.9428],[-80.1925,25.9432],[-80.1915,25.9431],[-80.1903,25.9432],[-80.1898,25.9432],[-80.1898,25.9432],[-80.1898,25.9419],[-80.1896,25.9419],[-80.1893,25.9421],[-80.1882,25.943],[-80.1869,25.9434],[-80.1859,25.9434],[-80.1857,25.9433],[-80.1853,25.9434],[-80.1853,25.9433],[-80.1848,25.9433],[-80.1848,25.9434],[-80.1834,25.9435],[-80.1825,25.9435],[-80.1811,25.9436],[-80.1809,25.9435],[-80.1806,25.9438],[-80.1803,25.9436],[-80.1795,25.9436],[-80.1789,25.9431],[-80.1787,25.9431],[-80.1787,25.9432],[-80.1758,25.9433],[-80.1747,25.9433],[-80.1727,25.9434],[-80.1707,25.9435],[-80.1688,25.9436],[-80.1668,25.9436],[-80.1649,25.9437],[-80.1634,25.9438],[-80.1634,25.9442],[-80.1619,25.9443]]]},"properties":{"ZIPCODE":"33162"}},{"type":"Feature","geometry":{"type":"Polygon","coordinates":[[[-80.3826,25.7145],[-80.3825,25.7144],[-80.3822,25.7144],[-80.382,25.7144],[-80.3819,25.7129],[-80.3824,25.7129],[-80.3824,25.7126],[-80.3819,25.7125],[-80.3818,25.7106],[-80.3822,25.7106],[-80.3822,25.7104],[-80.3822,25.7104],[-80.3822,25.7102],[-80.3824,25.7098],[-80.3824,25.7095],[-80.3824,25.7094],[-80.3824,25.7094],[-80.3824,25.7094],[-80.3825,25.7081],[-80.3822,25.7045],[-80.3815,25.7045],[-80.3805,25.7034],[-80.3804,25.7008],[-80.3821,25.7007],[-80.3821,25.6995],[-80.3811,25.6995],[-80.381,25.6986],[-80.3809,25.6986],[-80.3808,25.6973],[-80.3808,25.6971],[-80.3801,25.6971],[-80.3801,25.6953],[-80.3821,25.6953],[-80.3821,25.6942],[-80.381,25.6943],[-80.381,25.6935],[-80.3813,25.6935],[-80.3813,25.6929],[-80.382,25.6929],[-80.382,25.6919],[-80.382,25.6907],[-80.3819,25.69],[-80.3819,25.6882],[-80.3819,25.6882],[-80.3819,25.6882],[-80.3819,25.6881],[-80.3819,25.688],[-80.3819,25.6868],[-80.3819,25.6865],[-80.3846,25.6864],[-80.3912,25.6862],[-80.3913,25.687],[-80.3939,25.6869],[-80.394,25.6879],[-80.3941,25.6879],[-80.396,25.6878],[-80.3971,25.6878],[-80.397,25.686],[-80.4006,25.6859],[-80.4009,25.6869],[-80.403,25.6874],[-80.4039,25.6872],[-80.4038,25.6866],[-80.4037,25.6858],[-80.4087,25.6856],[-80.4157,25.6854],[-80.4157,25.6863],[-80.4166,25.6863],[-80.4176,25.6861],[-80.4176,25.6868],[-80.4177,25.6878],[-80.4211,25.6877],[-80.423,25.6876],[-80.4228,25.6851],[-80.4249,25.685],[-80.4248,25.687],[-80.4282,25.6874],[-80.43,25.6866],[-80.43,25.6866],[-80.43,25.6871],[-80.4301,25.6885],[-80.4302,25.691],[-80.4302,25.6921],[-80.4303,25.6952],[-80.4305,25.6994],[-80.4305,25.6996],[-80.4302,25.6996],[-80.43,25.6998],[-80.4294,25.6998],[-80.4293,25.7003],[-80.4292,25.7005],[-80.4285,25.7005],[-80.4282,25.7017],[-80.4289,25.7023],[-80.4293,25.7032],[-80.4306,25.7032],[-80.4306,25.7033],[-80.4308,25.706],[-80.4308,25.7087],[-80.4309,25.7108],[-80.431,25.7125],[-80.4311,25.7139],[-80.4287,25.714],[-80.4263,25.7141],[-80.4231,25.7142],[-80.4204,25.7143],[-80.4203,25.7133],[-80.4191,25.7134],[-80.419,25.7124],[-80.4184,25.7117],[-80.4151,25.7118],[-80.4151,25.7135],[-80.4157,25.7135],[-80.4157,25.7139],[-80.4151,25.7139],[-80.4151,25.7145],[-80.4145,25.7145],[-80.4145,25.7141],[-80.4141,25.7141],[-80.4141,25.7145],[-80.4071,25.7148],[-80.403,25.7149],[-80.4029,25.7129],[-80.401,25.713],[-80.401,25.7149],[-80.4001,25.7149],[-80.4001,25.7147],[-80.3999,25.7147],[-80.3999,25.7149],[-80.3991,25.7149],[-80.395,25.7151],[-80.3949,25.7133],[-80.3939,25.7133],[-80.394,25.7151],[-80.3929,25.7151],[-80.3929,25.7147],[-80.392,25.7147],[-80.3919,25.7134],[-80.3899,25.7135],[-80.39,25.7141],[-80.389,25.7142],[-80.389,25.7145],[-80.387,25.7146],[-80.3869,25.7136],[-80.3859,25.7136],[-80.386,25.7154],[-80.385,25.7154],[-80.3843,25.7154],[-80.3836,25.7151],[-80.3826,25.7149],[-80.3826,25.7145]],[[-80.3883,25.6906],[-80.3878,25.6905],[-80.3878,25.6905],[-80.3883,25.6907],[-80.3883,25.6906]]]},"properties":{"ZIPCODE":"33183"}},{"type":"Feature","geometry":{"type":"Polygon","coordinates":[[[-80.2021,25.9721],[-80.202,25.9714],[-80.2016,25.9714],[-80.2016,25.9702],[-80.2015,25.9698],[-80.2013,25.9691],[-80.2013,25.9688],[-80.2017,25.9688],[-80.2014,25.9681],[-80.2013,25.9673],[-80.2009,25.9673],[-80.2009,25.9656],[-80.2013,25.9656],[-80.2012,25.9648],[-80.2012,25.9642],[-80.2018,25.9637],[-80.2017,25.9626],[-80.2011,25.9626],[-80.2009,25.9599],[-80.2015,25.959],[-80.2014,25.9572],[-80.2014,25.957],[-80.2011,25.957],[-80.2011,25.9558],[-80.201,25.954],[-80.2015,25.954],[-80.2015,25.9522],[-80.2014,25.9515],[-80.201,25.9515],[-80.201,25.95],[-80.2014,25.95],[-80.2014,25.9491],[-80.1995,25.9492],[-80.1995,25.9487],[-80.2009,25.9487],[-80.2008,25.9471],[-80.2013,25.9471],[-80.2012,25.9463],[-80.2009,25.9463],[-80.2009,25.9457],[-80.2008,25.9445],[-80.2008,25.9438],[-80.2011,25.9438],[-80.2011,25.9434],[-80.2002,25.9435],[-80.2001,25.9429],[-80.202,25.9428],[-80.2019,25.9405],[-80.2014,25.9406],[-80.2013,25.9397],[-80.2012,25.9397],[-80.2012,25.9387],[-80.2007,25.9387],[-80.2007,25.9376],[-80.1978,25.9377],[-80.1996,25.9362],[-80.203,25.9334],[-80.2003,25.9335],[-80.2003,25.9329],[-80.2003,25.9321],[-80.2002,25.9306],[-80.2001,25.9299],[-80.2004,25.9299],[-80.2004,25.929],[-80.2,25.929],[-80.2,25.9286],[-80.2004,25.9286],[-80.2003,25.9276],[-80.1999,25.9276],[-80.1999,25.9272],[-80.1999,25.9267],[-80.1998,25.9258],[-80.1998,25.9249],[-80.2002,25.9249],[-80.2002,25.9244],[-80.1998,25.9244],[-80.1997,25.9235],[-80.2001,25.9235],[-80.2001,25.9231],[-80.1997,25.9231],[-80.1997,25.9226],[-80.2001,25.9226],[-80.2001,25.9222],[-80.1997,25.9222],[-80.1996,25.9217],[-80.2,25.9217],[-80.2,25.9212],[-80.1999,25.9212],[-80.1999,25.9212],[-80.1997,25.9212],[-80.1997,25.9211],[-80.1996,25.9211],[-80.1996,25.9208],[-80.2,25.9208],[-80.1999,25.9194],[-80.1995,25.9194],[-80.1995,25.9186],[-80.1999,25.9186],[-80.1998,25.9177],[-80.1994,25.9178],[-80.1994,25.9172],[-80.199,25.9172],[-80.199,25.9168],[-80.1998,25.9167],[-80.1998,25.9162],[-80.1986,25.9163],[-80.1985,25.9154],[-80.1993,25.9154],[-80.1993,25.915],[-80.1998,25.9149],[-80.1997,25.9144],[-80.1997,25.9135],[-80.2001,25.9135],[-80.2001,25.9131],[-80.2005,25.913],[-80.2005,25.9135],[-80.2017,25.9134],[-80.2022,25.9134],[-80.2025,25.9137],[-80.2031,25.9133],[-80.2032,25.9134],[-80.204,25.9134],[-80.204,25.9129],[-80.2053,25.9128],[-80.2054,25.9133],[-80.2057,25.9133],[-80.206,25.9133],[-80.206,25.9128],[-80.2074,25.9127],[-80.2074,25.9132],[-80.2078,25.9132],[-80.2078,25.913],[-80.2077,25.9117],[-80.2096,25.9116],[-80.2096,25.9131],[-80.2106,25.9131],[-80.2105,25.9126],[-80.2112,25.9126],[-80.2112,25.913],[-80.2138,25.9129],[-80.2137,25.912],[-80.2158,25.9119],[-80.2158,25.9123],[-80.2179,25.9123],[-80.2179,25.9127],[-80.2183,25.9127],[-80.2183,25.9124],[-80.219,25.9123],[-80.2195,25.9123],[-80.2204,25.9123],[-80.2204,25.9125],[-80.2205,25.9125],[-80.2206,25.9126],[-80.2216,25.9137],[-80.2225,25.9129],[-80.223,25.9125],[-80.2278,25.9121],[-80.2278,25.9126],[-80.2236,25.916],[-80.2236,25.916],[-80.2279,25.9159],[-80.2279,25.9159],[-80.2282,25.9268],[-80.2283,25.9269],[-80.2283,25.9273],[-80.2284,25.929],[-80.2285,25.9296],[-80.2285,25.9302],[-80.2282,25.9302],[-80.2284,25.9322],[-80.2285,25.9341],[-80.2287,25.9341],[-80.2287,25.935],[-80.2288,25.9357],[-80.2288,25.936],[-80.2288,25.9363],[-80.2281,25.9363],[-80.2281,25.9366],[-80.2288,25.9366],[-80.2289,25.9371],[-80.2277,25.9372],[-80.2278,25.9379],[-80.2289,25.9378],[-80.229,25.9387],[-80.2287,25.9387],[-80.2288,25.9413],[-80.2291,25.9413],[-80.2291,25.9417],[-80.2292,25.9421],[-80.2283,25.9422],[-80.2284,25.9434],[-80.2293,25.9434],[-80.2294,25.9443],[-80.2295,25.9459],[-80.229,25.946],[-80.2292,25.9469],[-80.2295,25.9469],[-80.2296,25.948],[-80.2289,25.9481],[-80.229,25.9488],[-80.2296,25.9488],[-80.2296,25.9494],[-80.2297,25.9501],[-80.2298,25.9506],[-80.2302,25.9511],[-80.2306,25.9517],[-80.2306,25.952],[-80.2305,25.9521],[-80.2305,25.9525],[-80.2288,25.9525],[-80.229,25.9538],[-80.2291,25.9561],[-80.2293,25.9601],[-80.2294,25.9663],[-80.2296,25.9692],[-80.2297,25.9721],[-80.2215,25.9724],[-80.2143,25.9725],[-80.2061,25.9728],[-80.2021,25.9729],[-80.2021,25.9721]]]},"properties":{"ZIPCODE":"33169"}},{"type":"Feature","geometry":{"type":"Polygon","coordinates":[[[-80.158,25.9718],[-80.1579,25.9698],[-80.1582,25.9698],[-80.1582,25.9694],[-80.1585,25.9694],[-80.1585,25.9694],[-80.1586,25.9693],[-80.1585,25.9671],[-80.1584,25.9671],[-80.1581,25.9671],[-80.1581,25.9668],[-80.1583,25.9668],[-80.1583,25.9666],[-80.1583,25.9654],[-80.1577,25.9649],[-80.1577,25.9641],[-80.1575,25.9641],[-80.1575,25.9637],[-80.1577,25.9637],[-80.1577,25.9636],[-80.1577,25.9633],[-80.1577,25.9628],[-80.1577,25.9623],[-80.1581,25.9623],[-80.1581,25.9618],[-80.158,25.9613],[-80.158,25.9613],[-80.1579,25.9607],[-80.1576,25.9607],[-80.1576,25.9604],[-80.1579,25.9604],[-80.1579,25.9595],[-80.1575,25.9595],[-80.1575,25.9596],[-80.1575,25.9595],[-80.1575,25.9593],[-80.1578,25.9593],[-80.1578,25.9583],[-80.1578,25.9576],[-80.1577,25.9573],[-80.1578,25.957],[-80.1577,25.9563],[-80.1576,25.9558],[-80.1577,25.9557],[-80.1575,25.9555],[-80.1574,25.9554],[-80.1574,25.9554],[-80.1573,25.9554],[-80.1573,25.9553],[-80.1574,25.9553],[-80.1574,25.9553],[-80.1574,25.9553],[-80.1577,25.9551],[-80.1573,25.9548],[-80.1573,25.9547],[-80.1573,25.9541],[-80.1573,25.954],[-80.1577,25.9539],[-80.1577,25.9535],[-80.1577,25.9533],[-80.1577,25.9533],[-80.1577,25.9531],[-80.1577,25.9531],[-80.1574,25.953],[-80.1574,25.9522],[-80.1572,25.9521],[-80.1571,25.9521],[-80.1571,25.9515],[-80.1571,25.9511],[-80.158,25.951],[-80.158,25.9506],[-80.1582,25.9506],[-80.1581,25.9498],[-80.1583,25.9498],[-80.1582,25.9486],[-80.157,25.9487],[-80.157,25.9483],[-80.1572,25.9483],[-80.1572,25.948],[-80.1569,25.948],[-80.1569,25.9479],[-80.1569,25.9476],[-80.1569,25.9472],[-80.1572,25.9471],[-80.1571,25.9469],[-80.1571,25.9463],[-80.1569,25.9463],[-80.1569,25.9461],[-80.1569,25.9461],[-80.1569,25.9461],[-80.1568,25.9461],[-80.1568,25.9461],[-80.1568,25.9461],[-80.1568,25.9461],[-80.1568,25.946],[-80.1571,25.946],[-80.157,25.9447],[-80.1566,25.9447],[-80.1566,25.944],[-80.1586,25.944],[-80.1607,25.9439],[-80.1619,25.9439],[-80.1619,25.9443],[-80.1634,25.9442],[-80.1634,25.9438],[-80.1649,25.9437],[-80.1668,25.9436],[-80.1688,25.9436],[-80.1707,25.9435],[-80.1727,25.9434],[-80.1747,25.9433],[-80.1758,25.9433],[-80.1787,25.9432],[-80.1787,25.9431],[-80.1789,25.9431],[-80.1795,25.9436],[-80.1803,25.9436],[-80.1806,25.9438],[-80.1809,25.9435],[-80.1811,25.9436],[-80.1825,25.9435],[-80.1834,25.9435],[-80.1848,25.9434],[-80.1848,25.9433],[-80.1853,25.9433],[-80.1853,25.9434],[-80.1857,25.9433],[-80.1859,25.9434],[-80.1869,25.9434],[-80.1882,25.943],[-80.1893,25.9421],[-80.1896,25.9419],[-80.1898,25.9419],[-80.1898,25.9432],[-80.1898,25.9432],[-80.1903,25.9432],[-80.1915,25.9431],[-80.1925,25.9432],[-80.1927,25.9428],[-80.1932,25.9421],[-80.194,25.9414],[-80.1946,25.9415],[-80.1951,25.9417],[-80.1955,25.9419],[-80.1959,25.942],[-80.1959,25.9408],[-80.1977,25.9407],[-80.2014,25.9406],[-80.2019,25.9405],[-80.202,25.9428],[-80.2001,25.9429],[-80.2002,25.9435],[-80.2011,25.9434],[-80.2011,25.9438],[-80.2008,25.9438],[-80.2008,25.9445],[-80.2009,25.9457],[-80.2009,25.9463],[-80.2012,25.9463],[-80.2013,25.9471],[-80.2008,25.9471],[-80.2009,25.9487],[-80.1995,25.9487],[-80.1995,25.9492],[-80.2014,25.9491],[-80.2014,25.95],[-80.201,25.95],[-80.201,25.9515],[-80.2014,25.9515],[-80.2015,25.9522],[-80.2015,25.954],[-80.201,25.954],[-80.2011,25.9558],[-80.2011,25.957],[-80.2014,25.957],[-80.2014,25.9572],[-80.2015,25.959],[-80.2009,25.9599],[-80.2011,25.9626],[-80.2017,25.9626],[-80.2018,25.9637],[-80.2012,25.9642],[-80.2012,25.9648],[-80.2013,25.9656],[-80.2009,25.9656],[-80.2009,25.9673],[-80.2013,25.9673],[-80.2014,25.9681],[-80.2017,25.9688],[-80.2013,25.9688],[-80.2013,25.9691],[-80.2015,25.9698],[-80.2016,25.9702],[-80.2016,25.9714],[-80.202,25.9714],[-80.2021,25.9721],[-80.2021,25.9729],[-80.1981,25.973],[-80.1921,25.9732],[-80.1828,25.9734],[-80.1664,25.9738],[-80.1572,25.9741],[-80.1571,25.9727],[-80.1583,25.9723],[-80.158,25.9718]]]},"properties":{"ZIPCODE":"33179"}},{"type":"Feature","geometry":{"type":"Polygon","coordinates":[[[-80.3601,25.567],[-80.36,25.567],[-80.3599,25.5671],[-80.3599,25.5671],[-80.3559,25.5671],[-80.3528,25.5671],[-80.3523,25.5669],[-80.3512,25.5667],[-80.3503,25.5667],[-80.3479,25.5668],[-80.3459,25.5668],[-80.3455,25.5668],[-80.3449,25.5668],[-80.3444,25.5667],[-80.3441,25.5667],[-80.3438,25.5666],[-80.3434,25.5665],[-80.3431,25.5664],[-80.3429,25.5662],[-80.3427,25.5662],[-80.3426,25.5661],[-80.3424,25.566],[-80.3423,25.5659],[-80.3421,25.5658],[-80.342,25.5657],[-80.3419,25.5656],[-80.3417,25.5654],[-80.3415,25.5653],[-80.3413,25.5651],[-80.3411,25.565],[-80.341,25.5649],[-80.3408,25.5648],[-80.3407,25.5647],[-80.3405,25.5646],[-80.3404,25.5645],[-80.3403,25.5645],[-80.3402,25.5644],[-80.34,25.5644],[-80.3398,25.5643],[-80.3397,25.5642],[-80.3395,25.5642],[-80.3394,25.5642],[-80.3392,25.5641],[-80.3391,25.5641],[-80.3389,25.5641],[-80.3387,25.564],[-80.3385,25.564],[-80.3384,25.564],[-80.3382,25.564],[-80.3381,25.564],[-80.3379,25.564],[-80.3377,25.564],[-80.3355,25.564],[-80.3339,25.564],[-80.3328,25.5641],[-80.3318,25.5641],[-80.3313,25.5638],[-80.3313,25.5638],[-80.331,25.5638],[-80.331,25.5638],[-80.3294,25.5638],[-80.3262,25.5638],[-80.326,25.5638],[-80.3251,25.5639],[-80.3247,25.5639],[-80.3241,25.5641],[-80.3236,25.5642],[-80.3233,25.5644],[-80.3233,25.5644],[-80.3233,25.5644],[-80.3232,25.5646],[-80.3227,25.5648],[-80.3223,25.5651],[-80.3217,25.5655],[-80.3211,25.5659],[-80.3208,25.5661],[-80.3204,25.5665],[-80.3198,25.5669],[-80.3172,25.5669],[-80.3054,25.567],[-80.3054,25.567],[-80.3054,25.5668],[-80.3056,25.5664],[-80.3058,25.5662],[-80.3061,25.5659],[-80.3064,25.5657],[-80.3067,25.5656],[-80.3069,25.5656],[-80.3071,25.5657],[-80.3071,25.5659],[-80.3072,25.566],[-80.3073,25.5661],[-80.3076,25.5659],[-80.3075,25.5657],[-80.3074,25.5657],[-80.3072,25.5656],[-80.3068,25.5654],[-80.3066,25.5652],[-80.3065,25.5651],[-80.3065,25.565],[-80.3068,25.5646],[-80.3071,25.5641],[-80.3072,25.5626],[-80.3073,25.5622],[-80.3076,25.5617],[-80.3077,25.5611],[-80.3078,25.5592],[-80.3079,25.5588],[-80.3078,25.5584],[-80.3076,25.558],[-80.3074,25.5575],[-80.3075,25.5572],[-80.3077,25.5567],[-80.308,25.5562],[-80.3087,25.5553],[-80.3094,25.5546],[-80.3097,25.5541],[-80.3098,25.5537],[-80.3099,25.5531],[-80.3099,25.5525],[-80.31,25.5523],[-80.3101,25.5521],[-80.3101,25.5521],[-80.3107,25.5521],[-80.329,25.5519],[-80.329,25.5519],[-80.3311,25.5519],[-80.3315,25.5518],[-80.3356,25.5517],[-80.3364,25.5518],[-80.3408,25.5517],[-80.3476,25.5516],[-80.3478,25.5517],[-80.3478,25.5517],[-80.3478,25.5517],[-80.3492,25.5516],[-80.3505,25.5516],[-80.3505,25.5516],[-80.3505,25.5516],[-80.3628,25.5517],[-80.3629,25.5591],[-80.3629,25.5616],[-80.363,25.5662],[-80.363,25.5683],[-80.3619,25.5701],[-80.3602,25.5701],[-80.3601,25.567]]]},"properties":{"ZIPCODE":"33190"}},{"type":"Feature","geometry":{"type":"Polygon","coordinates":[[[-80.268,25.6455],[-80.2717,25.6449],[-80.2713,25.6445],[-80.2712,25.6436],[-80.2712,25.6426],[-80.2714,25.6418],[-80.2715,25.6405],[-80.2717,25.6398],[-80.2719,25.6392],[-80.2721,25.639],[-80.2727,25.6389],[-80.2732,25.6388],[-80.2741,25.6386],[-80.2747,25.6387],[-80.2761,25.6388],[-80.2758,25.6383],[-80.2757,25.6378],[-80.2761,25.6372],[-80.2763,25.6365],[-80.2767,25.6359],[-80.278,25.6335],[-80.2785,25.6326],[-80.2791,25.6313],[-80.2799,25.6298],[-80.2801,25.6293],[-80.2806,25.6283],[-80.281,25.6278],[-80.2812,25.6276],[-80.2814,25.6277],[-80.2814,25.6283],[-80.2814,25.6285],[-80.2816,25.6288],[-80.2816,25.6295],[-80.2817,25.6304],[-80.2819,25.6307],[-80.2821,25.6311],[-80.2821,25.6316],[-80.2822,25.6319],[-80.2822,25.6326],[-80.2829,25.6332],[-80.283,25.6337],[-80.2833,25.634],[-80.2841,25.634],[-80.2846,25.6343],[-80.2849,25.6346],[-80.285,25.6347],[-80.2852,25.6347],[-80.2853,25.6347],[-80.2854,25.6346],[-80.2856,25.6345],[-80.2857,25.6344],[-80.2859,25.6341],[-80.2861,25.6339],[-80.2862,25.6338],[-80.2866,25.6338],[-80.2867,25.6337],[-80.2868,25.6337],[-80.2869,25.6337],[-80.287,25.6336],[-80.2872,25.6334],[-80.2872,25.6333],[-80.2873,25.6332],[-80.2874,25.6332],[-80.2875,25.6333],[-80.2876,25.6334],[-80.2876,25.6335],[-80.2876,25.6336],[-80.2875,25.6337],[-80.2874,25.6338],[-80.2874,25.634],[-80.2875,25.6341],[-80.2876,25.6342],[-80.2878,25.6343],[-80.2879,25.6343],[-80.288,25.6343],[-80.288,25.6342],[-80.288,25.6341],[-80.288,25.634],[-80.288,25.6338],[-80.2881,25.6337],[-80.2881,25.6335],[-80.2883,25.6333],[-80.2883,25.6332],[-80.2884,25.633],[-80.2884,25.6329],[-80.2884,25.6327],[-80.2884,25.6324],[-80.2885,25.6322],[-80.2885,25.632],[-80.2885,25.6317],[-80.2887,25.6316],[-80.2888,25.6315],[-80.2889,25.6313],[-80.289,25.6311],[-80.2891,25.631],[-80.2892,25.6308],[-80.2892,25.6307],[-80.2891,25.6307],[-80.2883,25.6307],[-80.288,25.6307],[-80.2875,25.6307],[-80.2875,25.6307],[-80.2879,25.6306],[-80.2882,25.6306],[-80.2882,25.6305],[-80.2915,25.6304],[-80.2924,25.6303],[-80.2929,25.6303],[-80.293,25.6339],[-80.298,25.6338],[-80.2981,25.6343],[-80.301,25.6342],[-80.301,25.6309],[-80.3034,25.6308],[-80.3035,25.6336],[-80.3054,25.6335],[-80.3053,25.6299],[-80.3059,25.6299],[-80.3063,25.6299],[-80.3063,25.6303],[-80.3071,25.6303],[-80.3071,25.6298],[-80.3087,25.6298],[-80.3092,25.6298],[-80.3092,25.6303],[-80.3099,25.6303],[-80.3099,25.6299],[-80.3117,25.6298],[-80.3117,25.6304],[-80.3127,25.6304],[-80.3127,25.6298],[-80.3133,25.6298],[-80.3133,25.6304],[-80.3143,25.6303],[-80.3142,25.6296],[-80.3152,25.6296],[-80.3152,25.6298],[-80.3153,25.6298],[-80.3153,25.6296],[-80.316,25.6296],[-80.3173,25.6296],[-80.3174,25.6296],[-80.3174,25.6311],[-80.3175,25.6331],[-80.3186,25.6331],[-80.3191,25.6332],[-80.3195,25.6332],[-80.321,25.6331],[-80.3219,25.6331],[-80.3235,25.6331],[-80.3235,25.6327],[-80.3234,25.6302],[-80.3234,25.6294],[-80.3238,25.6294],[-80.3238,25.6298],[-80.3254,25.6298],[-80.3298,25.6297],[-80.3298,25.6292],[-80.3305,25.6292],[-80.3309,25.6292],[-80.3309,25.6296],[-80.3326,25.6296],[-80.3327,25.6296],[-80.3331,25.6296],[-80.3333,25.6326],[-80.3336,25.6326],[-80.3337,25.6334],[-80.3338,25.6347],[-80.3338,25.635],[-80.3334,25.635],[-80.3335,25.636],[-80.334,25.636],[-80.334,25.6364],[-80.3335,25.6364],[-80.3335,25.6379],[-80.334,25.6379],[-80.334,25.6387],[-80.3335,25.6387],[-80.3336,25.6391],[-80.334,25.6391],[-80.334,25.6397],[-80.3341,25.6402],[-80.3341,25.6414],[-80.3321,25.641],[-80.332,25.641],[-80.332,25.642],[-80.3321,25.6436],[-80.3321,25.6439],[-80.3321,25.6439],[-80.3305,25.644],[-80.33,25.644],[-80.328,25.644],[-80.328,25.6435],[-80.3264,25.6435],[-80.3265,25.6441],[-80.3259,25.6441],[-80.3259,25.6436],[-80.3253,25.6436],[-80.3249,25.6436],[-80.3249,25.6441],[-80.3229,25.6442],[-80.3208,25.6442],[-80.3208,25.6436],[-80.3198,25.6436],[-80.3197,25.6424],[-80.3177,25.6425],[-80.3178,25.6443],[-80.3173,25.6443],[-80.3172,25.6438],[-80.3156,25.6439],[-80.3137,25.6439],[-80.3126,25.644],[-80.3126,25.6439],[-80.3122,25.6439],[-80.3122,25.6445],[-80.3112,25.6445],[-80.3112,25.644],[-80.3107,25.644],[-80.3102,25.644],[-80.3102,25.6445],[-80.3096,25.6445],[-80.3096,25.6441],[-80.3091,25.644],[-80.309,25.6441],[-80.3081,25.6441],[-80.3079,25.644],[-80.3077,25.6446],[-80.3073,25.6446],[-80.3066,25.6446],[-80.3066,25.6442],[-80.3042,25.6442],[-80.3042,25.6447],[-80.3035,25.6447],[-80.3014,25.6448],[-80.2936,25.645],[-80.2905,25.6451],[-80.2872,25.6452],[-80.2833,25.6453],[-80.2806,25.6454],[-80.2778,25.6454],[-80.2742,25.6455],[-80.2683,25.6454],[-80.268,25.6455]]]},"properties":{"ZIPCODE":"33158"}},{"type":"Feature","geometry":{"type":"Polygon","coordinates":[[[-80.3387,25.8616],[-80.3386,25.8571],[-80.3371,25.8571],[-80.337,25.8547],[-80.3373,25.8545],[-80.337,25.8501],[-80.337,25.8489],[-80.3368,25.8423],[-80.3368,25.8423],[-80.3382,25.8423],[-80.3382,25.8407],[-80.3381,25.8398],[-80.3374,25.8398],[-80.3373,25.8372],[-80.3372,25.8362],[-80.3372,25.8362],[-80.3377,25.8362],[-80.3377,25.8362],[-80.3377,25.8344],[-80.3377,25.8344],[-80.338,25.8344],[-80.338,25.8344],[-80.338,25.8335],[-80.3374,25.8335],[-80.3374,25.8326],[-80.3374,25.8318],[-80.3375,25.8315],[-80.3375,25.8307],[-80.3375,25.8307],[-80.3378,25.8307],[-80.3378,25.8288],[-80.337,25.8288],[-80.337,25.828],[-80.337,25.828],[-80.3379,25.828],[-80.3379,25.828],[-80.3378,25.8256],[-80.337,25.8256],[-80.337,25.8243],[-80.337,25.8214],[-80.3365,25.8214],[-80.3365,25.821],[-80.3365,25.821],[-80.3371,25.821],[-80.3371,25.821],[-80.3371,25.8208],[-80.3371,25.8208],[-80.3377,25.8208],[-80.3377,25.8208],[-80.3376,25.8197],[-80.337,25.8197],[-80.337,25.8195],[-80.3365,25.8194],[-80.3365,25.8186],[-80.3364,25.8186],[-80.3364,25.818],[-80.3362,25.818],[-80.3363,25.8171],[-80.3363,25.8171],[-80.3375,25.8171],[-80.3375,25.8171],[-80.3373,25.8148],[-80.3363,25.8146],[-80.3364,25.8134],[-80.3363,25.8118],[-80.3363,25.8118],[-80.3374,25.8118],[-80.3374,25.8118],[-80.3374,25.8099],[-80.3372,25.8098],[-80.3372,25.8088],[-80.3364,25.8088],[-80.3364,25.808],[-80.3342,25.808],[-80.3342,25.8072],[-80.3342,25.8071],[-80.3342,25.8071],[-80.3349,25.8071],[-80.3349,25.8071],[-80.335,25.8054],[-80.335,25.8054],[-80.3362,25.8055],[-80.3363,25.8055],[-80.3363,25.8055],[-80.3371,25.8055],[-80.3371,25.8072],[-80.3373,25.8072],[-80.3375,25.8072],[-80.3375,25.808],[-80.3412,25.808],[-80.3412,25.808],[-80.3412,25.8078],[-80.3412,25.8078],[-80.3453,25.8077],[-80.3494,25.8077],[-80.3497,25.808],[-80.3512,25.808],[-80.3534,25.808],[-80.3534,25.808],[-80.3534,25.8061],[-80.3534,25.8044],[-80.3534,25.8044],[-80.3654,25.8044],[-80.3654,25.8052],[-80.3672,25.8052],[-80.3672,25.8044],[-80.3693,25.8044],[-80.3692,25.8048],[-80.3695,25.8048],[-80.3775,25.8047],[-80.3775,25.8049],[-80.3775,25.805],[-80.3775,25.805],[-80.3776,25.8051],[-80.3776,25.8051],[-80.3777,25.8052],[-80.3777,25.8052],[-80.3778,25.8052],[-80.379,25.8052],[-80.379,25.8052],[-80.379,25.805],[-80.379,25.8043],[-80.3808,25.8043],[-80.3837,25.8043],[-80.3853,25.8043],[-80.3853,25.8071],[-80.3855,25.8071],[-80.3858,25.8071],[-80.3863,25.8071],[-80.3863,25.808],[-80.3867,25.808],[-80.387,25.8079],[-80.3906,25.8079],[-80.3935,25.8079],[-80.3935,25.8079],[-80.3936,25.8115],[-80.3936,25.8115],[-80.4168,25.8117],[-80.4168,25.7967],[-80.4222,25.7967],[-80.4222,25.7967],[-80.4223,25.7971],[-80.4261,25.7972],[-80.4306,25.7972],[-80.4333,25.7972],[-80.4333,25.7974],[-80.4333,25.7978],[-80.4337,25.8095],[-80.4337,25.8116],[-80.4338,25.8116],[-80.4498,25.8118],[-80.4818,25.8054],[-80.511,25.8055],[-80.6242,25.8058],[-80.865,25.8062],[-80.8732,25.8132],[-80.8736,25.9031],[-80.4678,25.9022],[-80.4046,25.9022],[-80.3888,25.9021],[-80.3878,25.9021],[-80.3872,25.9021],[-80.3854,25.9008],[-80.379,25.8961],[-80.3721,25.891],[-80.362,25.8835],[-80.3563,25.8794],[-80.3532,25.877],[-80.3437,25.8699],[-80.34,25.8672],[-80.3389,25.8664],[-80.3388,25.8652],[-80.3375,25.8643],[-80.3387,25.8643],[-80.3388,25.8643],[-80.3387,25.8625],[-80.3381,25.8625],[-80.338,25.8616],[-80.338,25.8616],[-80.3387,25.8616]]]},"properties":{"ZIPCODE":"33178"}},{"type":"Feature","geometry":{"type":"Polygon","coordinates":[[[-80.2206,25.9126],[-80.2205,25.9125],[-80.2204,25.9125],[-80.2204,25.9123],[-80.2204,25.9119],[-80.22,25.9115],[-80.2203,25.9113],[-80.2205,25.9112],[-80.2201,25.9108],[-80.2203,25.9106],[-80.22,25.9103],[-80.22,25.9102],[-80.2198,25.9102],[-80.2198,25.9097],[-80.2199,25.9096],[-80.2203,25.9093],[-80.2198,25.9093],[-80.2198,25.9086],[-80.22,25.9086],[-80.2202,25.9078],[-80.22,25.9052],[-80.2196,25.9053],[-80.2195,25.9016],[-80.2199,25.9016],[-80.2198,25.8994],[-80.2194,25.8994],[-80.2193,25.898],[-80.2193,25.897],[-80.2213,25.897],[-80.2211,25.8942],[-80.2192,25.8943],[-80.2191,25.894],[-80.2196,25.894],[-80.2196,25.8937],[-80.2191,25.8937],[-80.2191,25.8932],[-80.2196,25.8931],[-80.2196,25.8928],[-80.2191,25.8928],[-80.2191,25.8923],[-80.2195,25.8923],[-80.2195,25.892],[-80.2195,25.8919],[-80.2191,25.8919],[-80.219,25.8914],[-80.2195,25.8913],[-80.2195,25.891],[-80.219,25.891],[-80.219,25.8902],[-80.2194,25.8902],[-80.2194,25.8898],[-80.219,25.8898],[-80.2189,25.8889],[-80.2189,25.888],[-80.2189,25.8877],[-80.2193,25.8877],[-80.2192,25.887],[-80.2192,25.887],[-80.2191,25.8866],[-80.2188,25.8866],[-80.2188,25.8859],[-80.2192,25.8858],[-80.2192,25.8857],[-80.2188,25.8857],[-80.2188,25.8852],[-80.2191,25.8852],[-80.2191,25.8848],[-80.2187,25.8848],[-80.2187,25.8834],[-80.2186,25.8826],[-80.2189,25.8826],[-80.2189,25.8823],[-80.2186,25.8823],[-80.2186,25.8815],[-80.2189,25.8815],[-80.2188,25.8812],[-80.2186,25.8812],[-80.2185,25.8806],[-80.2195,25.8806],[-80.2195,25.8797],[-80.2188,25.8798],[-80.2188,25.8794],[-80.219,25.8794],[-80.219,25.8787],[-80.2185,25.8787],[-80.2184,25.878],[-80.2189,25.8779],[-80.2189,25.8776],[-80.2188,25.8776],[-80.2188,25.8769],[-80.2188,25.8768],[-80.2189,25.8768],[-80.2189,25.8765],[-80.2185,25.8765],[-80.2185,25.8761],[-80.2187,25.8761],[-80.2187,25.8757],[-80.2189,25.8757],[-80.2189,25.8745],[-80.2194,25.8744],[-80.2193,25.8728],[-80.2193,25.8725],[-80.2201,25.8725],[-80.2201,25.8725],[-80.2263,25.8722],[-80.2283,25.8722],[-80.2294,25.871],[-80.2298,25.8713],[-80.2303,25.8716],[-80.2318,25.8716],[-80.2337,25.8715],[-80.2337,25.8719],[-80.2342,25.8719],[-80.2342,25.8715],[-80.2426,25.8714],[-80.2509,25.871],[-80.256,25.8709],[-80.26,25.8707],[-80.2594,25.8823],[-80.2595,25.8856],[-80.2596,25.8893],[-80.2515,25.8895],[-80.2435,25.8898],[-80.2437,25.8937],[-80.2437,25.8946],[-80.2438,25.8966],[-80.2438,25.8977],[-80.2432,25.8977],[-80.2424,25.8977],[-80.2396,25.8978],[-80.2365,25.8979],[-80.2365,25.8981],[-80.2355,25.8982],[-80.2355,25.8975],[-80.2349,25.8975],[-80.2344,25.8975],[-80.2344,25.8982],[-80.2335,25.8982],[-80.2334,25.8975],[-80.2314,25.8976],[-80.2314,25.8979],[-80.2308,25.8979],[-80.2301,25.8983],[-80.2288,25.8985],[-80.2279,25.8986],[-80.2279,25.898],[-80.2274,25.898],[-80.2274,25.8991],[-80.2275,25.9013],[-80.2275,25.9049],[-80.2276,25.9081],[-80.2278,25.9121],[-80.223,25.9125],[-80.2225,25.9129],[-80.2216,25.9137],[-80.2206,25.9126]]]},"properties":{"ZIPCODE":"33167"}},{"type":"Feature","geometry":{"type":"Polygon","coordinates":[[[-80.2943,25.9466],[-80.2941,25.9424],[-80.294,25.9393],[-80.2938,25.936],[-80.2938,25.9349],[-80.2936,25.9318],[-80.2936,25.9306],[-80.2934,25.9278],[-80.2933,25.9254],[-80.2933,25.925],[-80.2933,25.9249],[-80.2934,25.9249],[-80.294,25.9249],[-80.2947,25.9248],[-80.2956,25.9247],[-80.2967,25.9246],[-80.2976,25.9246],[-80.3029,25.9246],[-80.307,25.9246],[-80.3094,25.9246],[-80.3123,25.9245],[-80.32,25.9243],[-80.3208,25.9242],[-80.3215,25.924],[-80.3228,25.9233],[-80.3229,25.9233],[-80.3232,25.9231],[-80.3232,25.923],[-80.3233,25.923],[-80.3235,25.9228],[-80.3238,25.9225],[-80.3239,25.9224],[-80.3239,25.9223],[-80.3239,25.9223],[-80.3251,25.9223],[-80.3252,25.9223],[-80.3253,25.9225],[-80.3253,25.9233],[-80.3253,25.9238],[-80.324,25.9238],[-80.324,25.9243],[-80.3253,25.9243],[-80.3253,25.9244],[-80.3254,25.9275],[-80.3256,25.9277],[-80.3261,25.9277],[-80.3263,25.9277],[-80.3269,25.9277],[-80.3303,25.9278],[-80.3336,25.9279],[-80.3344,25.9279],[-80.3361,25.9279],[-80.3396,25.9279],[-80.3404,25.9279],[-80.3416,25.9279],[-80.3416,25.9279],[-80.3417,25.9292],[-80.3421,25.9292],[-80.3422,25.9297],[-80.3439,25.9297],[-80.3439,25.9305],[-80.3457,25.9305],[-80.3457,25.9315],[-80.3418,25.9315],[-80.3418,25.9316],[-80.3419,25.9351],[-80.342,25.9366],[-80.342,25.9379],[-80.3423,25.9423],[-80.3424,25.9433],[-80.3434,25.9431],[-80.3434,25.9425],[-80.345,25.9427],[-80.3451,25.9448],[-80.3424,25.9449],[-80.3424,25.9449],[-80.3424,25.9449],[-80.3425,25.9471],[-80.3429,25.9556],[-80.343,25.9566],[-80.343,25.9569],[-80.3429,25.9569],[-80.3269,25.9569],[-80.3108,25.9569],[-80.2948,25.9569],[-80.2947,25.9569],[-80.2946,25.9534],[-80.2945,25.9529],[-80.2945,25.9519],[-80.2944,25.9516],[-80.2943,25.9466]]]},"properties":{"ZIPCODE":"33015"}},{"type":"Feature","geometry":{"type":"Polygon","coordinates":[[[-80.4472,25.6272],[-80.4471,25.6254],[-80.447,25.6254],[-80.4451,25.6254],[-80.4429,25.6254],[-80.4429,25.6256],[-80.4428,25.6256],[-80.4428,25.6254],[-80.4424,25.6254],[-80.4387,25.6255],[-80.4354,25.6256],[-80.4307,25.6257],[-80.4302,25.6257],[-80.4302,25.6256],[-80.4302,25.6246],[-80.4301,25.6243],[-80.4302,25.6243],[-80.4302,25.624],[-80.4302,25.6236],[-80.4302,25.6236],[-80.4301,25.6236],[-80.4301,25.6232],[-80.43,25.6219],[-80.43,25.6197],[-80.4299,25.6187],[-80.4304,25.6187],[-80.4304,25.6183],[-80.4302,25.6152],[-80.4301,25.6128],[-80.4301,25.612],[-80.4296,25.612],[-80.4296,25.6116],[-80.4296,25.6111],[-80.43,25.6111],[-80.43,25.6099],[-80.4299,25.6074],[-80.4299,25.6047],[-80.4281,25.6048],[-80.4281,25.6037],[-80.4299,25.6037],[-80.4298,25.6013],[-80.4297,25.601],[-80.4297,25.6007],[-80.4291,25.601],[-80.429,25.6009],[-80.4296,25.6004],[-80.4296,25.5998],[-80.4295,25.596],[-80.4295,25.592],[-80.4286,25.592],[-80.4286,25.5911],[-80.4276,25.5911],[-80.4275,25.588],[-80.4294,25.588],[-80.4294,25.5843],[-80.4266,25.5843],[-80.4266,25.5818],[-80.4281,25.5818],[-80.4281,25.5806],[-80.4294,25.5806],[-80.4293,25.5769],[-80.4293,25.576],[-80.4293,25.5737],[-80.4294,25.5695],[-80.4274,25.5695],[-80.4273,25.5677],[-80.4284,25.5677],[-80.4284,25.566],[-80.4287,25.566],[-80.4287,25.5665],[-80.4294,25.5664],[-80.4294,25.5677],[-80.4335,25.5676],[-80.4416,25.5676],[-80.4416,25.5657],[-80.4476,25.5657],[-80.4477,25.5693],[-80.4487,25.5693],[-80.4487,25.5657],[-80.4537,25.5656],[-80.4537,25.5665],[-80.4558,25.5665],[-80.4578,25.5665],[-80.4578,25.5674],[-80.4599,25.5673],[-80.4598,25.5656],[-80.4619,25.5656],[-80.4702,25.5654],[-80.4702,25.5671],[-80.4712,25.5671],[-80.4712,25.5661],[-80.4722,25.566],[-80.4722,25.5726],[-80.4742,25.5725],[-80.4742,25.5653],[-80.4793,25.5652],[-80.4793,25.566],[-80.4803,25.566],[-80.4803,25.5669],[-80.4843,25.5669],[-80.4843,25.5652],[-80.4853,25.5651],[-80.4854,25.5687],[-80.4864,25.5687],[-80.4864,25.5723],[-80.4894,25.5723],[-80.4894,25.5686],[-80.4879,25.5687],[-80.4879,25.5659],[-80.4883,25.5659],[-80.4883,25.5656],[-80.4889,25.5656],[-80.4889,25.5651],[-80.4894,25.5651],[-80.4894,25.5659],[-80.4897,25.5659],[-80.4897,25.5656],[-80.4905,25.5657],[-80.4909,25.5657],[-80.4909,25.5651],[-80.4914,25.5651],[-80.4914,25.5686],[-80.4919,25.5686],[-80.4919,25.5651],[-80.4927,25.565],[-80.4927,25.5658],[-80.4935,25.5658],[-80.4935,25.565],[-80.4961,25.565],[-80.4961,25.5662],[-80.4946,25.5662],[-80.4946,25.5669],[-80.4971,25.5669],[-80.4971,25.5686],[-80.5006,25.5685],[-80.5006,25.5655],[-80.5013,25.5655],[-80.5013,25.5658],[-80.5016,25.5658],[-80.5016,25.5648],[-80.5067,25.5648],[-80.5067,25.5657],[-80.5093,25.5657],[-80.5093,25.5648],[-80.5118,25.5648],[-80.5118,25.5659],[-80.5149,25.5659],[-80.5149,25.5684],[-80.5188,25.5683],[-80.5188,25.5657],[-80.5209,25.5657],[-80.5209,25.5648],[-80.523,25.5647],[-80.523,25.5684],[-80.5249,25.5683],[-80.5249,25.5665],[-80.527,25.5665],[-80.527,25.5686],[-80.5313,25.5686],[-80.5313,25.5656],[-80.5331,25.5656],[-80.5336,25.5656],[-80.5342,25.5656],[-80.5352,25.5656],[-80.5371,25.5656],[-80.5381,25.5656],[-80.5382,25.5665],[-80.5392,25.5665],[-80.5399,25.566],[-80.5398,25.5646],[-80.553,25.5649],[-80.5592,25.5648],[-80.5668,25.5647],[-80.5887,25.5644],[-80.8693,25.5651],[-80.8737,25.5651],[-80.8734,25.6235],[-80.5954,25.623],[-80.5954,25.6238],[-80.5945,25.6238],[-80.5945,25.623],[-80.5918,25.623],[-80.576,25.6229],[-80.576,25.6229],[-80.5756,25.6229],[-80.5699,25.623],[-80.5609,25.623],[-80.5585,25.623],[-80.5558,25.623],[-80.5519,25.623],[-80.5479,25.6231],[-80.5464,25.6231],[-80.5463,25.6239],[-80.5457,25.624],[-80.5456,25.6231],[-80.5438,25.6231],[-80.5427,25.6231],[-80.5426,25.6249],[-80.5406,25.6249],[-80.5406,25.6231],[-80.5398,25.6231],[-80.5383,25.6231],[-80.5381,25.6249],[-80.5377,25.6249],[-80.5375,25.6231],[-80.5358,25.6231],[-80.5316,25.6232],[-80.5316,25.6249],[-80.5306,25.6249],[-80.5305,25.6231],[-80.5298,25.6231],[-80.5276,25.6232],[-80.5276,25.624],[-80.5266,25.624],[-80.5265,25.6232],[-80.5258,25.6232],[-80.5248,25.6232],[-80.5246,25.625],[-80.5237,25.625],[-80.5237,25.6232],[-80.5226,25.6232],[-80.5226,25.625],[-80.5217,25.625],[-80.5216,25.6232],[-80.5197,25.6232],[-80.5194,25.6232],[-80.5195,25.625],[-80.5186,25.625],[-80.5185,25.6232],[-80.5157,25.6232],[-80.5146,25.6232],[-80.5146,25.625],[-80.5136,25.625],[-80.5135,25.6232],[-80.5117,25.6232],[-80.498,25.6233],[-80.4957,25.6233],[-80.4799,25.6234],[-80.4796,25.6241],[-80.4715,25.6245],[-80.4673,25.6247],[-80.4658,25.6248],[-80.4634,25.6249],[-80.4552,25.6251],[-80.4492,25.6253],[-80.4492,25.6271],[-80.4472,25.6272]]]},"properties":{"ZIPCODE":"33187"}},{"type":"Feature","geometry":{"type":"Polygon","coordinates":[[[-80.134,25.9748],[-80.1339,25.9741],[-80.1233,25.9744],[-80.1233,25.9744],[-80.1238,25.9694],[-80.1242,25.9605],[-80.1263,25.953],[-80.1281,25.9471],[-80.1301,25.9471],[-80.1301,25.9475],[-80.13,25.948],[-80.13,25.9482],[-80.1301,25.9483],[-80.1301,25.9484],[-80.1303,25.9485],[-80.1304,25.9485],[-80.1305,25.9485],[-80.1307,25.9485],[-80.1308,25.9485],[-80.1309,25.9484],[-80.1311,25.9481],[-80.1316,25.9475],[-80.1319,25.9471],[-80.1326,25.9471],[-80.1354,25.947],[-80.1355,25.9482],[-80.1364,25.9482],[-80.1363,25.9483],[-80.1393,25.9482],[-80.1392,25.9471],[-80.1434,25.9469],[-80.1439,25.9469],[-80.1442,25.947],[-80.1449,25.9472],[-80.1448,25.9468],[-80.1446,25.9468],[-80.1446,25.9466],[-80.1454,25.9465],[-80.1455,25.947],[-80.1458,25.947],[-80.1469,25.947],[-80.147,25.9465],[-80.1474,25.9465],[-80.1486,25.9466],[-80.1493,25.9466],[-80.1493,25.9469],[-80.1502,25.9469],[-80.1508,25.9468],[-80.1509,25.9472],[-80.1513,25.9472],[-80.1513,25.9468],[-80.1515,25.9468],[-80.152,25.9468],[-80.1527,25.9468],[-80.1527,25.9465],[-80.1528,25.9465],[-80.1529,25.9465],[-80.1529,25.9462],[-80.1535,25.9462],[-80.1535,25.9465],[-80.1538,25.9464],[-80.1539,25.9465],[-80.1545,25.9464],[-80.1568,25.9461],[-80.1568,25.9461],[-80.1568,25.9461],[-80.1569,25.9461],[-80.1569,25.9461],[-80.1569,25.9461],[-80.1569,25.9463],[-80.1571,25.9463],[-80.1571,25.9469],[-80.1572,25.9471],[-80.1569,25.9472],[-80.1569,25.9476],[-80.1569,25.9479],[-80.1569,25.948],[-80.1572,25.948],[-80.1572,25.9483],[-80.157,25.9483],[-80.157,25.9487],[-80.1582,25.9486],[-80.1583,25.9498],[-80.1581,25.9498],[-80.1582,25.9506],[-80.158,25.9506],[-80.158,25.951],[-80.1571,25.9511],[-80.1571,25.9515],[-80.1571,25.9521],[-80.1572,25.9521],[-80.1574,25.9522],[-80.1574,25.953],[-80.1577,25.9531],[-80.1577,25.9531],[-80.1577,25.9533],[-80.1577,25.9533],[-80.1577,25.9535],[-80.1577,25.9539],[-80.1573,25.954],[-80.1573,25.9541],[-80.1573,25.9547],[-80.1573,25.9548],[-80.1577,25.9551],[-80.1574,25.9553],[-80.1574,25.9553],[-80.1574,25.9553],[-80.1573,25.9553],[-80.1573,25.9554],[-80.1574,25.9554],[-80.1574,25.9554],[-80.1575,25.9555],[-80.1577,25.9557],[-80.1576,25.9558],[-80.1577,25.9563],[-80.1578,25.957],[-80.1577,25.9573],[-80.1578,25.9576],[-80.1578,25.9583],[-80.1578,25.9593],[-80.1575,25.9593],[-80.1575,25.9595],[-80.1575,25.9596],[-80.1575,25.9595],[-80.1579,25.9595],[-80.1579,25.9604],[-80.1576,25.9604],[-80.1576,25.9607],[-80.1579,25.9607],[-80.158,25.9613],[-80.158,25.9613],[-80.1581,25.9618],[-80.1581,25.9623],[-80.1577,25.9623],[-80.1577,25.9628],[-80.1577,25.9633],[-80.1577,25.9636],[-80.1577,25.9637],[-80.1575,25.9637],[-80.1575,25.9641],[-80.1577,25.9641],[-80.1577,25.9649],[-80.1583,25.9654],[-80.1583,25.9666],[-80.1583,25.9668],[-80.1581,25.9668],[-80.1581,25.9671],[-80.1584,25.9671],[-80.1585,25.9671],[-80.1586,25.9693],[-80.1585,25.9694],[-80.1585,25.9694],[-80.1582,25.9694],[-80.1582,25.9698],[-80.1579,25.9698],[-80.158,25.9718],[-80.1583,25.9723],[-80.1571,25.9727],[-80.1572,25.9741],[-80.1502,25.9744],[-80.134,25.9748]]]},"properties":{"ZIPCODE":"33180"}},{"type":"Feature","geometry":{"type":"Polygon","coordinates":[[[-80.3932,25.754],[-80.3932,25.7535],[-80.3922,25.7535],[-80.3921,25.7533],[-80.3915,25.7533],[-80.3914,25.7536],[-80.3912,25.7536],[-80.3911,25.7538],[-80.3907,25.7538],[-80.3906,25.7532],[-80.3892,25.7533],[-80.389,25.7529],[-80.3886,25.7528],[-80.3883,25.7535],[-80.3874,25.7535],[-80.3874,25.7531],[-80.3869,25.7531],[-80.3869,25.7536],[-80.3858,25.7536],[-80.3842,25.7532],[-80.3841,25.7525],[-80.3828,25.7525],[-80.3828,25.7507],[-80.384,25.7506],[-80.3839,25.7499],[-80.3839,25.7467],[-80.3839,25.7464],[-80.3839,25.7459],[-80.383,25.7459],[-80.3829,25.7432],[-80.3838,25.7432],[-80.3838,25.7428],[-80.3838,25.7426],[-80.3829,25.7426],[-80.3828,25.7398],[-80.3837,25.7398],[-80.3836,25.7393],[-80.3835,25.7365],[-80.3818,25.7366],[-80.3818,25.7357],[-80.3823,25.7349],[-80.3822,25.7334],[-80.3815,25.7334],[-80.3815,25.7331],[-80.3819,25.7331],[-80.3819,25.7329],[-80.3822,25.7329],[-80.3822,25.7328],[-80.3833,25.7327],[-80.3833,25.732],[-80.3832,25.7316],[-80.3827,25.7316],[-80.3826,25.729],[-80.3826,25.7283],[-80.3824,25.7233],[-80.3829,25.7233],[-80.3829,25.7229],[-80.3828,25.7223],[-80.3804,25.7224],[-80.3803,25.7212],[-80.3823,25.7212],[-80.3822,25.7195],[-80.3821,25.7172],[-80.3821,25.7151],[-80.3826,25.7151],[-80.3826,25.7149],[-80.3836,25.7151],[-80.3843,25.7154],[-80.385,25.7154],[-80.386,25.7154],[-80.3859,25.7136],[-80.3869,25.7136],[-80.387,25.7146],[-80.389,25.7145],[-80.389,25.7142],[-80.39,25.7141],[-80.3899,25.7135],[-80.3919,25.7134],[-80.392,25.7147],[-80.3929,25.7147],[-80.3929,25.7151],[-80.394,25.7151],[-80.3939,25.7133],[-80.3949,25.7133],[-80.395,25.7151],[-80.3991,25.7149],[-80.3999,25.7149],[-80.3999,25.7147],[-80.4001,25.7147],[-80.4001,25.7149],[-80.401,25.7149],[-80.401,25.713],[-80.4029,25.7129],[-80.403,25.7149],[-80.4071,25.7148],[-80.4141,25.7145],[-80.4141,25.7141],[-80.4145,25.7141],[-80.4145,25.7145],[-80.4151,25.7145],[-80.4151,25.7139],[-80.4157,25.7139],[-80.4157,25.7135],[-80.4151,25.7135],[-80.4151,25.7118],[-80.4184,25.7117],[-80.419,25.7124],[-80.4191,25.7134],[-80.4203,25.7133],[-80.4204,25.7143],[-80.4231,25.7142],[-80.4263,25.7141],[-80.4287,25.714],[-80.4311,25.7139],[-80.4312,25.7166],[-80.4312,25.718],[-80.4313,25.7212],[-80.4314,25.7225],[-80.4314,25.7239],[-80.4314,25.7245],[-80.4312,25.7245],[-80.4312,25.7246],[-80.4314,25.7246],[-80.4315,25.7252],[-80.4315,25.7259],[-80.4315,25.7266],[-80.4317,25.7286],[-80.4317,25.7292],[-80.431,25.7292],[-80.431,25.7296],[-80.4316,25.7296],[-80.4316,25.7305],[-80.4316,25.7307],[-80.4311,25.7307],[-80.4311,25.7305],[-80.4307,25.7305],[-80.4308,25.7316],[-80.4317,25.7315],[-80.4318,25.7321],[-80.4278,25.7323],[-80.4279,25.7341],[-80.428,25.7358],[-80.43,25.7357],[-80.4301,25.7371],[-80.4319,25.7371],[-80.432,25.7393],[-80.4321,25.7413],[-80.4317,25.7413],[-80.4317,25.742],[-80.4322,25.7419],[-80.4322,25.7431],[-80.4323,25.7431],[-80.4312,25.7432],[-80.4313,25.7448],[-80.4323,25.7448],[-80.4324,25.7494],[-80.4325,25.7525],[-80.431,25.7526],[-80.4309,25.7522],[-80.4306,25.7522],[-80.4306,25.7525],[-80.4302,25.7525],[-80.4302,25.7526],[-80.429,25.7526],[-80.429,25.7522],[-80.4287,25.7522],[-80.4283,25.752],[-80.4279,25.752],[-80.4278,25.752],[-80.4257,25.752],[-80.4246,25.7521],[-80.4246,25.7523],[-80.4242,25.7524],[-80.4234,25.7524],[-80.4234,25.7533],[-80.4229,25.7533],[-80.4229,25.7529],[-80.4227,25.7529],[-80.4227,25.7528],[-80.4226,25.7524],[-80.4225,25.7524],[-80.4225,25.7525],[-80.4225,25.7528],[-80.4225,25.7529],[-80.4223,25.7529],[-80.4223,25.7533],[-80.4212,25.7533],[-80.4212,25.7524],[-80.4202,25.7525],[-80.4202,25.7528],[-80.4198,25.7528],[-80.4197,25.7525],[-80.4171,25.7526],[-80.4166,25.7525],[-80.4161,25.7526],[-80.4161,25.7527],[-80.416,25.7527],[-80.4151,25.7528],[-80.415,25.7529],[-80.4136,25.7527],[-80.4104,25.7529],[-80.4099,25.7528],[-80.4099,25.7525],[-80.4088,25.7525],[-80.4086,25.7525],[-80.4081,25.7526],[-80.4073,25.7527],[-80.4074,25.7529],[-80.4074,25.7532],[-80.407,25.7532],[-80.4069,25.7529],[-80.4033,25.7531],[-80.403,25.7538],[-80.4015,25.7533],[-80.4005,25.7534],[-80.4005,25.7531],[-80.3999,25.7531],[-80.3996,25.7531],[-80.3986,25.7534],[-80.3983,25.7534],[-80.3983,25.7534],[-80.3982,25.7534],[-80.3981,25.7534],[-80.3978,25.7534],[-80.3975,25.7535],[-80.3973,25.7535],[-80.397,25.7537],[-80.397,25.7538],[-80.3967,25.7535],[-80.3966,25.7536],[-80.3964,25.7537],[-80.3963,25.7538],[-80.396,25.7535],[-80.3958,25.7533],[-80.3942,25.7545],[-80.3932,25.754]]]},"properties":{"ZIPCODE":"33175"}},{"type":"Feature","geometry":{"type":"Polygon","coordinates":[[[-80.3142,25.8978],[-80.3146,25.8978],[-80.3147,25.8985],[-80.3143,25.8985],[-80.3142,25.8978]]]},"properties":{"ZIPCODE":"33018"}},{"type":"Feature","geometry":{"type":"Polygon","coordinates":[[[-80.4498,25.8118],[-80.4338,25.8116],[-80.4337,25.8116],[-80.4337,25.8095],[-80.4333,25.7978],[-80.4333,25.7974],[-80.4333,25.7972],[-80.4333,25.7972],[-80.4332,25.772],[-80.433,25.7667],[-80.4491,25.7662],[-80.4651,25.7657],[-80.4733,25.7655],[-80.4734,25.7707],[-80.4814,25.7704],[-80.4813,25.7652],[-80.4966,25.765],[-80.6081,25.766],[-80.6719,25.7666],[-80.8173,25.7678],[-80.8206,25.7678],[-80.865,25.8062],[-80.6242,25.8058],[-80.511,25.8055],[-80.4818,25.8054],[-80.4498,25.8118]]]},"properties":{"ZIPCODE":"33192"}},{"type":"Feature","geometry":{"type":"Polygon","coordinates":[[[-80.4608,25.4625],[-80.4606,25.4595],[-80.4606,25.4572],[-80.4606,25.4564],[-80.4594,25.4564],[-80.4591,25.4555],[-80.4606,25.4555],[-80.4605,25.4541],[-80.4605,25.4526],[-80.4605,25.4482],[-80.4605,25.4482],[-80.4605,25.4482],[-80.4605,25.4454],[-80.4605,25.4454],[-80.4605,25.4453],[-80.4605,25.4407],[-80.4605,25.4333],[-80.4605,25.4331],[-80.4605,25.4258],[-80.4605,25.4206],[-80.4605,25.4206],[-80.4605,25.4187],[-80.4605,25.4187],[-80.4605,25.4185],[-80.4605,25.4185],[-80.4605,25.4185],[-80.4605,25.4149],[-80.4606,25.413],[-80.4606,25.4111],[-80.4607,25.4076],[-80.4607,25.4053],[-80.4607,25.404],[-80.4608,25.4038],[-80.4608,25.3967],[-80.4609,25.3893],[-80.4609,25.3857],[-80.4609,25.3857],[-80.4609,25.3857],[-80.4609,25.3749],[-80.4611,25.3198],[-80.4611,25.3198],[-80.4597,25.2872],[-80.4596,25.2858],[-80.4541,25.2863],[-80.3846,25.2918],[-80.3844,25.2918],[-80.3803,25.2875],[-80.3791,25.2884],[-80.3792,25.2879],[-80.3806,25.2865],[-80.3951,25.273],[-80.395,25.2535],[-80.411,25.2535],[-80.4187,25.2448],[-80.4189,25.2363],[-80.4452,25.2361],[-80.4767,25.2301],[-80.6772,25.1722],[-80.8582,25.1764],[-80.8622,25.3641],[-80.8731,25.3644],[-80.8733,25.4043],[-80.8735,25.4622],[-80.6375,25.4618],[-80.6375,25.4618],[-80.5341,25.4622],[-80.5341,25.4611],[-80.532,25.4611],[-80.53,25.4611],[-80.5301,25.4621],[-80.526,25.4621],[-80.523,25.4622],[-80.5229,25.4612],[-80.5219,25.4612],[-80.5219,25.4621],[-80.5097,25.4622],[-80.5019,25.4622],[-80.5016,25.4624],[-80.4975,25.4624],[-80.4975,25.4619],[-80.4965,25.462],[-80.4965,25.4624],[-80.4943,25.4623],[-80.4935,25.4623],[-80.4895,25.4624],[-80.4766,25.4624],[-80.4732,25.4624],[-80.469,25.4624],[-80.469,25.4607],[-80.4669,25.4607],[-80.467,25.4624],[-80.466,25.4624],[-80.4608,25.4626],[-80.4608,25.4626],[-80.4608,25.4625]]]},"properties":{"ZIPCODE":"33034"}},{"type":"Feature","geometry":{"type":"Polygon","coordinates":[[[-80.3349,25.7158],[-80.3348,25.7149],[-80.334,25.7149],[-80.334,25.714],[-80.3337,25.714],[-80.3335,25.7101],[-80.3346,25.71],[-80.3345,25.7095],[-80.333,25.7095],[-80.3344,25.7079],[-80.3343,25.706],[-80.3343,25.7056],[-80.3338,25.7056],[-80.3337,25.7042],[-80.3337,25.7041],[-80.3336,25.7034],[-80.3342,25.7034],[-80.3341,25.7023],[-80.3341,25.7016],[-80.3335,25.7017],[-80.3334,25.7005],[-80.3341,25.7005],[-80.334,25.6987],[-80.332,25.6988],[-80.3319,25.6979],[-80.3326,25.6979],[-80.3325,25.6971],[-80.3339,25.697],[-80.3338,25.6954],[-80.3337,25.6936],[-80.3335,25.6881],[-80.3335,25.6881],[-80.3335,25.6881],[-80.3344,25.688],[-80.3344,25.6886],[-80.3376,25.6885],[-80.3385,25.6884],[-80.3406,25.6884],[-80.3418,25.6884],[-80.3441,25.6883],[-80.3448,25.6882],[-80.3448,25.6877],[-80.3467,25.6876],[-80.3467,25.6885],[-80.3468,25.6915],[-80.3471,25.6916],[-80.3481,25.6904],[-80.3485,25.6896],[-80.3487,25.6885],[-80.3487,25.6881],[-80.3497,25.6881],[-80.3497,25.6875],[-80.3523,25.6874],[-80.3518,25.688],[-80.3548,25.6879],[-80.3548,25.6891],[-80.3568,25.689],[-80.3568,25.6885],[-80.3563,25.6885],[-80.3563,25.6882],[-80.3568,25.6882],[-80.3568,25.6878],[-80.3602,25.6877],[-80.3609,25.6877],[-80.361,25.6908],[-80.3619,25.6908],[-80.3619,25.6889],[-80.3639,25.6888],[-80.3652,25.6888],[-80.3658,25.6888],[-80.3658,25.6881],[-80.3669,25.6881],[-80.3669,25.6887],[-80.3688,25.6886],[-80.3698,25.6886],[-80.3698,25.688],[-80.3714,25.6879],[-80.3717,25.6902],[-80.3731,25.6902],[-80.374,25.6902],[-80.3759,25.6902],[-80.3759,25.6866],[-80.3764,25.6867],[-80.3796,25.6866],[-80.3801,25.6865],[-80.3801,25.6882],[-80.3819,25.6881],[-80.3819,25.6882],[-80.3819,25.6882],[-80.3819,25.6882],[-80.3819,25.69],[-80.382,25.6907],[-80.382,25.6919],[-80.382,25.6929],[-80.3813,25.6929],[-80.3813,25.6935],[-80.381,25.6935],[-80.381,25.6943],[-80.3821,25.6942],[-80.3821,25.6953],[-80.3801,25.6953],[-80.3801,25.6971],[-80.3808,25.6971],[-80.3808,25.6973],[-80.3809,25.6986],[-80.381,25.6986],[-80.3811,25.6995],[-80.3821,25.6995],[-80.3821,25.7007],[-80.3804,25.7008],[-80.3805,25.7034],[-80.3815,25.7045],[-80.3822,25.7045],[-80.3825,25.7081],[-80.3824,25.7094],[-80.3824,25.7094],[-80.3824,25.7094],[-80.3824,25.7095],[-80.3824,25.7098],[-80.3822,25.7102],[-80.3822,25.7104],[-80.3822,25.7104],[-80.3822,25.7106],[-80.3818,25.7106],[-80.3819,25.7125],[-80.3824,25.7126],[-80.3824,25.7129],[-80.3819,25.7129],[-80.382,25.7144],[-80.3818,25.7144],[-80.3763,25.7146],[-80.3763,25.7151],[-80.376,25.7151],[-80.3749,25.7151],[-80.3748,25.7151],[-80.3748,25.7147],[-80.3722,25.7148],[-80.3722,25.7153],[-80.3691,25.7154],[-80.3691,25.7144],[-80.3681,25.7144],[-80.3681,25.713],[-80.3669,25.7131],[-80.367,25.7155],[-80.3609,25.7157],[-80.3609,25.7148],[-80.3594,25.7149],[-80.3594,25.7153],[-80.3589,25.7153],[-80.3589,25.7151],[-80.3582,25.7152],[-80.3581,25.7149],[-80.3554,25.715],[-80.3554,25.716],[-80.3544,25.716],[-80.3543,25.7151],[-80.3539,25.7151],[-80.3539,25.716],[-80.3509,25.7161],[-80.348,25.7162],[-80.348,25.7151],[-80.3453,25.7152],[-80.3453,25.7163],[-80.3445,25.7164],[-80.3445,25.7159],[-80.3432,25.7159],[-80.3432,25.7164],[-80.3429,25.7164],[-80.3428,25.7164],[-80.3428,25.716],[-80.3388,25.7161],[-80.3388,25.716],[-80.338,25.7161],[-80.338,25.7158],[-80.3376,25.7158],[-80.3377,25.7161],[-80.3373,25.7161],[-80.3373,25.7166],[-80.3349,25.7167],[-80.3349,25.7158]]]},"properties":{"ZIPCODE":"33173"}},{"type":"Feature","geometry":{"type":"Polygon","coordinates":[[[-80.3754,25.7603],[-80.3774,25.7603],[-80.3773,25.761],[-80.3754,25.7611],[-80.3754,25.7603]]]},"properties":{"ZIPCODE":"33199"}},{"type":"Feature","geometry":{"type":"Polygon","coordinates":[[[-80.2824,25.8483],[-80.2823,25.8475],[-80.2823,25.8466],[-80.2821,25.8457],[-80.2821,25.8448],[-80.282,25.8437],[-80.282,25.8429],[-80.282,25.8424],[-80.2819,25.8415],[-80.2819,25.8415],[-80.278,25.8416],[-80.278,25.8416],[-80.2741,25.8418],[-80.2739,25.8418],[-80.2739,25.8418],[-80.2739,25.8415],[-80.2736,25.8411],[-80.2736,25.8408],[-80.2735,25.8403],[-80.2737,25.8402],[-80.2737,25.8397],[-80.2737,25.8397],[-80.2736,25.8397],[-80.2736,25.8397],[-80.2735,25.8397],[-80.2735,25.8393],[-80.2735,25.8393],[-80.2735,25.8393],[-80.2735,25.8393],[-80.2735,25.8393],[-80.2734,25.8393],[-80.2734,25.8393],[-80.2733,25.8388],[-80.2735,25.8388],[-80.2735,25.8384],[-80.2737,25.8384],[-80.2737,25.8382],[-80.2737,25.8382],[-80.2737,25.8382],[-80.2736,25.8382],[-80.2736,25.8382],[-80.2736,25.8379],[-80.2736,25.8379],[-80.2733,25.8379],[-80.272,25.8379],[-80.272,25.8382],[-80.272,25.8383],[-80.2718,25.8383],[-80.2718,25.8383],[-80.2718,25.8383],[-80.2718,25.8379],[-80.2718,25.8379],[-80.2715,25.838],[-80.2699,25.838],[-80.2699,25.8383],[-80.2699,25.8383],[-80.2698,25.8383],[-80.2698,25.8383],[-80.2698,25.838],[-80.2698,25.838],[-80.2694,25.838],[-80.2678,25.8381],[-80.2679,25.8382],[-80.2679,25.8382],[-80.2671,25.8382],[-80.2671,25.8382],[-80.2671,25.8382],[-80.2659,25.8383],[-80.2658,25.8383],[-80.2657,25.8383],[-80.2643,25.8384],[-80.2643,25.8388],[-80.2643,25.8389],[-80.264,25.8389],[-80.2639,25.8389],[-80.2637,25.8389],[-80.2635,25.8389],[-80.2635,25.8389],[-80.2634,25.8384],[-80.2619,25.8385],[-80.2608,25.8385],[-80.2608,25.8385],[-80.26,25.8385],[-80.26,25.839],[-80.2598,25.839],[-80.2597,25.839],[-80.2597,25.839],[-80.2597,25.839],[-80.2596,25.839],[-80.2596,25.8371],[-80.2595,25.8325],[-80.2595,25.8305],[-80.2595,25.8305],[-80.2595,25.8305],[-80.2594,25.8283],[-80.2593,25.8242],[-80.2593,25.8234],[-80.2592,25.8211],[-80.2592,25.8194],[-80.2591,25.8181],[-80.259,25.8159],[-80.259,25.8159],[-80.2588,25.8159],[-80.2588,25.8159],[-80.2585,25.8099],[-80.2588,25.8098],[-80.2588,25.8092],[-80.2601,25.8085],[-80.2608,25.8085],[-80.2618,25.8085],[-80.2618,25.8085],[-80.2648,25.8108],[-80.267,25.8124],[-80.2747,25.818],[-80.2837,25.8247],[-80.2895,25.829],[-80.297,25.8346],[-80.3068,25.8418],[-80.3147,25.8478],[-80.3148,25.8479],[-80.3148,25.8479],[-80.3147,25.8479],[-80.3131,25.8479],[-80.3131,25.8475],[-80.3104,25.8475],[-80.3103,25.848],[-80.3099,25.848],[-80.3099,25.8475],[-80.3091,25.8476],[-80.3091,25.8472],[-80.3079,25.8472],[-80.3079,25.8471],[-80.3072,25.8471],[-80.3072,25.8474],[-80.307,25.8474],[-80.307,25.8472],[-80.3064,25.8472],[-80.3064,25.8474],[-80.3062,25.848],[-80.3057,25.848],[-80.3057,25.8475],[-80.3055,25.8475],[-80.3055,25.8476],[-80.3053,25.8476],[-80.3053,25.8475],[-80.3042,25.8476],[-80.3042,25.8472],[-80.3028,25.8472],[-80.3028,25.8475],[-80.3003,25.8476],[-80.3003,25.8462],[-80.2989,25.8462],[-80.299,25.8474],[-80.2983,25.8474],[-80.298,25.8472],[-80.2976,25.8472],[-80.2976,25.8475],[-80.2947,25.8476],[-80.2947,25.8475],[-80.2946,25.8475],[-80.2946,25.8472],[-80.2943,25.8472],[-80.2943,25.8476],[-80.2923,25.8476],[-80.2905,25.8476],[-80.2902,25.8479],[-80.2895,25.848],[-80.2895,25.8477],[-80.2891,25.8477],[-80.2889,25.8475],[-80.2883,25.8475],[-80.2883,25.8477],[-80.2864,25.8477],[-80.2864,25.8482],[-80.2858,25.8482],[-80.2858,25.8477],[-80.2828,25.8478],[-80.2828,25.8483],[-80.2824,25.8483],[-80.2824,25.8483]]]},"properties":{"ZIPCODE":"33010"}},{"type":"Feature","geometry":{"type":"Polygon","coordinates":[[[-80.2201,25.8725],[-80.2201,25.8706],[-80.2182,25.8707],[-80.2182,25.8689],[-80.2182,25.8673],[-80.2183,25.8673],[-80.2183,25.867],[-80.2182,25.867],[-80.2182,25.8666],[-80.2183,25.8666],[-80.2183,25.866],[-80.2181,25.866],[-80.2181,25.8659],[-80.2183,25.8658],[-80.2183,25.8655],[-80.2183,25.8655],[-80.2182,25.8653],[-80.2181,25.8653],[-80.2181,25.8645],[-80.218,25.8643],[-80.2173,25.8634],[-80.2167,25.8627],[-80.216,25.8618],[-80.2159,25.8614],[-80.2159,25.8612],[-80.2165,25.8612],[-80.2167,25.8612],[-80.2165,25.8604],[-80.2164,25.8597],[-80.2167,25.8591],[-80.2171,25.8585],[-80.2173,25.8583],[-80.2171,25.8579],[-80.2173,25.8576],[-80.2175,25.8574],[-80.2176,25.8574],[-80.2179,25.8574],[-80.218,25.8572],[-80.218,25.8568],[-80.2181,25.8563],[-80.2177,25.8563],[-80.2176,25.8559],[-80.2176,25.8548],[-80.2176,25.8542],[-80.2175,25.8509],[-80.2174,25.8504],[-80.2173,25.8487],[-80.2173,25.8486],[-80.2176,25.8486],[-80.2176,25.8483],[-80.2173,25.8483],[-80.2173,25.8468],[-80.2172,25.8461],[-80.2177,25.8461],[-80.2177,25.8457],[-80.2182,25.8456],[-80.2182,25.8453],[-80.2177,25.8453],[-80.2177,25.8449],[-80.2172,25.8449],[-80.2172,25.8446],[-80.2177,25.8445],[-80.2177,25.8439],[-80.2177,25.8435],[-80.2172,25.8435],[-80.2171,25.8431],[-80.2171,25.8428],[-80.2175,25.8428],[-80.2175,25.8422],[-80.2171,25.8423],[-80.2171,25.8417],[-80.2177,25.8417],[-80.2176,25.8414],[-80.2175,25.8414],[-80.2174,25.8413],[-80.2173,25.8413],[-80.2172,25.8413],[-80.2171,25.8403],[-80.218,25.8403],[-80.218,25.8399],[-80.218,25.8394],[-80.2174,25.8394],[-80.2174,25.8386],[-80.217,25.8386],[-80.2169,25.8375],[-80.2173,25.8375],[-80.2173,25.8368],[-80.2171,25.8368],[-80.2171,25.8357],[-80.2168,25.8357],[-80.2167,25.8336],[-80.2166,25.832],[-80.2171,25.832],[-80.2171,25.8316],[-80.2172,25.8316],[-80.218,25.8316],[-80.2187,25.8316],[-80.2194,25.8315],[-80.2208,25.8315],[-80.2225,25.8314],[-80.2229,25.8314],[-80.2245,25.8314],[-80.2245,25.8317],[-80.2249,25.8317],[-80.2249,25.83],[-80.2257,25.83],[-80.2258,25.8313],[-80.2267,25.8312],[-80.2267,25.8317],[-80.2269,25.8316],[-80.2289,25.8316],[-80.2289,25.831],[-80.2293,25.831],[-80.2293,25.8313],[-80.2299,25.8312],[-80.2299,25.8311],[-80.2309,25.831],[-80.2309,25.8315],[-80.233,25.8314],[-80.233,25.8311],[-80.234,25.831],[-80.2349,25.831],[-80.235,25.8309],[-80.2359,25.8309],[-80.237,25.8309],[-80.2391,25.8308],[-80.2404,25.8308],[-80.2404,25.8311],[-80.241,25.8311],[-80.2418,25.8311],[-80.2418,25.8304],[-80.243,25.8303],[-80.243,25.8307],[-80.2447,25.8307],[-80.2447,25.8308],[-80.2452,25.8308],[-80.2452,25.8306],[-80.2456,25.8306],[-80.2456,25.8307],[-80.2485,25.8306],[-80.2485,25.8309],[-80.2508,25.8308],[-80.2508,25.8299],[-80.2531,25.8298],[-80.2533,25.8299],[-80.2554,25.8298],[-80.2555,25.8298],[-80.2557,25.8298],[-80.256,25.8298],[-80.2578,25.8298],[-80.2584,25.8299],[-80.2588,25.8301],[-80.2588,25.8305],[-80.2595,25.8305],[-80.2595,25.8305],[-80.2595,25.8325],[-80.2596,25.8371],[-80.2596,25.839],[-80.2596,25.8399],[-80.2593,25.8399],[-80.2594,25.8409],[-80.2596,25.8409],[-80.2596,25.8475],[-80.2596,25.8485],[-80.2595,25.8601],[-80.2599,25.8675],[-80.26,25.8707],[-80.256,25.8709],[-80.2509,25.871],[-80.2426,25.8714],[-80.2342,25.8715],[-80.2342,25.8719],[-80.2337,25.8719],[-80.2337,25.8715],[-80.2318,25.8716],[-80.2303,25.8716],[-80.2298,25.8713],[-80.2294,25.871],[-80.2283,25.8722],[-80.2263,25.8722],[-80.2201,25.8725],[-80.2201,25.8725]]]},"properties":{"ZIPCODE":"33147"}},{"type":"Feature","geometry":{"type":"Polygon","coordinates":[[[-80.1947,25.775],[-80.1947,25.7746],[-80.1945,25.7746],[-80.1943,25.7746],[-80.1939,25.7746],[-80.1938,25.7743],[-80.1936,25.7743],[-80.1936,25.7743],[-80.1936,25.7741],[-80.1936,25.7741],[-80.1935,25.773],[-80.1932,25.773],[-80.1932,25.7726],[-80.1935,25.7726],[-80.1933,25.7713],[-80.193,25.7713],[-80.1928,25.7712],[-80.1927,25.771],[-80.1927,25.771],[-80.1926,25.7709],[-80.1926,25.7709],[-80.1926,25.7706],[-80.1933,25.7703],[-80.1933,25.7695],[-80.1928,25.7698],[-80.1928,25.7689],[-80.1932,25.7689],[-80.1932,25.7672],[-80.1927,25.7671],[-80.1927,25.7669],[-80.1928,25.7669],[-80.1932,25.7668],[-80.1932,25.7664],[-80.1928,25.7664],[-80.1928,25.7661],[-80.193,25.766],[-80.193,25.7658],[-80.1929,25.7654],[-80.1925,25.7654],[-80.1924,25.7654],[-80.1924,25.7653],[-80.1925,25.7648],[-80.1928,25.7648],[-80.1928,25.7648],[-80.1928,25.7647],[-80.1931,25.7647],[-80.1931,25.7644],[-80.193,25.7644],[-80.1929,25.7642],[-80.1931,25.7641],[-80.1931,25.7635],[-80.1929,25.7635],[-80.1931,25.7628],[-80.193,25.7626],[-80.193,25.7619],[-80.1932,25.7612],[-80.1927,25.7611],[-80.1928,25.7609],[-80.1933,25.7609],[-80.1934,25.7605],[-80.1932,25.7604],[-80.1932,25.7602],[-80.193,25.7602],[-80.1931,25.76],[-80.1932,25.7594],[-80.1933,25.7594],[-80.1933,25.7593],[-80.1934,25.7593],[-80.1935,25.7589],[-80.1934,25.7589],[-80.1935,25.7586],[-80.1935,25.7586],[-80.1935,25.7586],[-80.1935,25.7585],[-80.1936,25.7585],[-80.1938,25.7587],[-80.1943,25.759],[-80.1944,25.7596],[-80.195,25.7595],[-80.195,25.7593],[-80.1964,25.7601],[-80.1962,25.7604],[-80.1962,25.7605],[-80.197,25.7604],[-80.1997,25.7619],[-80.2,25.7623],[-80.2002,25.7624],[-80.2002,25.7629],[-80.2005,25.7629],[-80.2006,25.7626],[-80.2019,25.7633],[-80.2024,25.7633],[-80.2024,25.7636],[-80.2024,25.7637],[-80.2038,25.7637],[-80.2038,25.7632],[-80.204,25.7632],[-80.204,25.7637],[-80.2053,25.7636],[-80.2053,25.7637],[-80.2054,25.7637],[-80.2054,25.7632],[-80.2059,25.7632],[-80.2059,25.7636],[-80.207,25.7636],[-80.207,25.7631],[-80.2073,25.7631],[-80.2073,25.7634],[-80.2084,25.7634],[-80.2084,25.7631],[-80.2088,25.7631],[-80.2088,25.7634],[-80.2092,25.7634],[-80.2093,25.7634],[-80.2098,25.7633],[-80.2098,25.7633],[-80.21,25.7632],[-80.21,25.7634],[-80.2105,25.7634],[-80.2105,25.7635],[-80.211,25.7635],[-80.211,25.763],[-80.2118,25.763],[-80.2118,25.7635],[-80.2121,25.7635],[-80.2123,25.7635],[-80.2123,25.7633],[-80.2124,25.7633],[-80.2124,25.763],[-80.213,25.763],[-80.213,25.7635],[-80.2138,25.7635],[-80.2138,25.7633],[-80.214,25.7633],[-80.2139,25.7632],[-80.2141,25.7632],[-80.2141,25.763],[-80.2143,25.763],[-80.2143,25.7632],[-80.2143,25.7635],[-80.2148,25.7634],[-80.2149,25.7644],[-80.2147,25.7644],[-80.2147,25.7646],[-80.2149,25.7646],[-80.2149,25.7656],[-80.2144,25.7656],[-80.2145,25.7663],[-80.215,25.7663],[-80.215,25.7667],[-80.2148,25.7667],[-80.2149,25.767],[-80.215,25.767],[-80.215,25.7672],[-80.2152,25.7672],[-80.2152,25.7676],[-80.2151,25.7676],[-80.2151,25.7677],[-80.2151,25.7681],[-80.2152,25.7682],[-80.2152,25.7683],[-80.2149,25.7683],[-80.2149,25.7684],[-80.215,25.7686],[-80.2152,25.7686],[-80.2153,25.7691],[-80.2151,25.7691],[-80.2151,25.7696],[-80.2147,25.7696],[-80.2147,25.7698],[-80.2151,25.7698],[-80.2151,25.7701],[-80.2153,25.7701],[-80.2153,25.7697],[-80.2154,25.7697],[-80.2154,25.7705],[-80.2152,25.7705],[-80.2152,25.7706],[-80.215,25.7706],[-80.215,25.7709],[-80.2152,25.7709],[-80.2152,25.7713],[-80.2149,25.7713],[-80.2149,25.7714],[-80.2146,25.7715],[-80.2146,25.7716],[-80.2147,25.7738],[-80.2147,25.7738],[-80.2146,25.7742],[-80.2146,25.7742],[-80.2141,25.7742],[-80.2141,25.7742],[-80.2141,25.7744],[-80.214,25.7745],[-80.214,25.7741],[-80.2138,25.7741],[-80.2135,25.7741],[-80.2134,25.7741],[-80.213,25.7741],[-80.213,25.7737],[-80.2128,25.7737],[-80.2128,25.7741],[-80.2118,25.7741],[-80.2115,25.7741],[-80.2115,25.774],[-80.2111,25.774],[-80.2111,25.774],[-80.211,25.7741],[-80.211,25.7741],[-80.2103,25.7742],[-80.2103,25.7742],[-80.2103,25.7746],[-80.2103,25.7746],[-80.2094,25.7746],[-80.2094,25.7742],[-80.2077,25.7742],[-80.2063,25.7743],[-80.2063,25.7738],[-80.2061,25.7738],[-80.2061,25.7738],[-80.2061,25.7743],[-80.2061,25.7743],[-80.2049,25.7743],[-80.2049,25.7745],[-80.2046,25.7745],[-80.2046,25.774],[-80.2044,25.7738],[-80.2044,25.7738],[-80.2044,25.7742],[-80.2044,25.7742],[-80.204,25.7742],[-80.204,25.7742],[-80.204,25.7743],[-80.2028,25.7744],[-80.2028,25.7743],[-80.2025,25.7743],[-80.2025,25.7744],[-80.2025,25.7744],[-80.2023,25.7741],[-80.2008,25.7742],[-80.2001,25.7743],[-80.1992,25.7743],[-80.1988,25.7742],[-80.1987,25.7742],[-80.198,25.774],[-80.1977,25.774],[-80.1977,25.774],[-80.1977,25.774],[-80.1978,25.775],[-80.197,25.775],[-80.197,25.7741],[-80.1955,25.7742],[-80.1955,25.775],[-80.1947,25.775]]]},"properties":{"ZIPCODE":"33130"}},{"type":"Feature","geometry":{"type":"Polygon","coordinates":[[[-80.1872,25.7962],[-80.1872,25.7956],[-80.1807,25.7959],[-80.1805,25.7889],[-80.1707,25.7894],[-80.1702,25.7791],[-80.1403,25.7664],[-80.1448,25.7652],[-80.158,25.7651],[-80.1636,25.7651],[-80.1855,25.7744],[-80.1886,25.7743],[-80.1886,25.7748],[-80.1899,25.7748],[-80.1899,25.7745],[-80.1903,25.7745],[-80.1904,25.7745],[-80.1904,25.7747],[-80.1906,25.7747],[-80.1906,25.7749],[-80.1919,25.7748],[-80.1919,25.7742],[-80.1923,25.7742],[-80.1923,25.7747],[-80.1928,25.7747],[-80.1928,25.7743],[-80.1929,25.7743],[-80.1929,25.7746],[-80.1932,25.7746],[-80.1932,25.7746],[-80.1932,25.7747],[-80.1932,25.7748],[-80.1932,25.7748],[-80.1932,25.7749],[-80.1936,25.7748],[-80.1935,25.7752],[-80.1936,25.7756],[-80.1936,25.7756],[-80.1934,25.7756],[-80.1934,25.7756],[-80.1934,25.7758],[-80.1934,25.7758],[-80.1933,25.7758],[-80.1933,25.7758],[-80.1933,25.7761],[-80.1933,25.7765],[-80.1933,25.7766],[-80.1933,25.7767],[-80.1933,25.777],[-80.1933,25.7771],[-80.1933,25.7771],[-80.1929,25.7771],[-80.1929,25.778],[-80.1936,25.778],[-80.1936,25.779],[-80.1936,25.7791],[-80.1931,25.7791],[-80.1932,25.7795],[-80.1932,25.7795],[-80.1937,25.7795],[-80.1937,25.7798],[-80.1937,25.78],[-80.1935,25.78],[-80.1935,25.7806],[-80.1934,25.7806],[-80.1934,25.781],[-80.1934,25.7811],[-80.1935,25.7818],[-80.1939,25.7818],[-80.1939,25.7829],[-80.1937,25.7829],[-80.1937,25.7831],[-80.1935,25.7831],[-80.1936,25.7834],[-80.1936,25.7837],[-80.1937,25.7837],[-80.1937,25.7839],[-80.1938,25.7842],[-80.1933,25.7842],[-80.1933,25.7843],[-80.1931,25.7843],[-80.1931,25.7843],[-80.1938,25.7843],[-80.1938,25.7847],[-80.194,25.7847],[-80.1941,25.7871],[-80.1937,25.7871],[-80.1937,25.7882],[-80.1941,25.7882],[-80.1941,25.7883],[-80.1943,25.7883],[-80.1943,25.7887],[-80.1943,25.7893],[-80.1947,25.7893],[-80.1947,25.7906],[-80.1943,25.7907],[-80.1944,25.7921],[-80.194,25.7921],[-80.194,25.7925],[-80.1944,25.7925],[-80.1947,25.7924],[-80.1947,25.7938],[-80.1943,25.7938],[-80.1943,25.7944],[-80.1948,25.7944],[-80.1948,25.7951],[-80.1947,25.7951],[-80.1947,25.7956],[-80.1947,25.7956],[-80.1939,25.7956],[-80.194,25.7952],[-80.1931,25.7952],[-80.1931,25.7956],[-80.193,25.7956],[-80.193,25.7952],[-80.1924,25.7952],[-80.1924,25.7956],[-80.1921,25.7957],[-80.1921,25.7954],[-80.1917,25.7954],[-80.1918,25.7957],[-80.1914,25.7957],[-80.1913,25.7957],[-80.1913,25.7957],[-80.1908,25.7958],[-80.1907,25.7958],[-80.1907,25.7955],[-80.1906,25.7955],[-80.1904,25.7956],[-80.1904,25.7956],[-80.1904,25.7952],[-80.19,25.7952],[-80.1894,25.7952],[-80.1894,25.7954],[-80.1889,25.7955],[-80.1889,25.795],[-80.188,25.795],[-80.188,25.7958],[-80.1878,25.7958],[-80.1878,25.7962],[-80.1872,25.7962]]]},"properties":{"ZIPCODE":"33132"}},{"type":"Feature","geometry":{"type":"Polygon","coordinates":[[[-80.6081,25.766],[-80.4966,25.765],[-80.4813,25.7652],[-80.4814,25.7704],[-80.4734,25.7707],[-80.4733,25.7655],[-80.4651,25.7657],[-80.4491,25.7662],[-80.433,25.7667],[-80.4329,25.7648],[-80.4328,25.7647],[-80.4328,25.7618],[-80.4328,25.7608],[-80.4327,25.7581],[-80.4324,25.7581],[-80.4324,25.7579],[-80.4326,25.7579],[-80.4326,25.7575],[-80.4326,25.7572],[-80.4323,25.7572],[-80.4323,25.757],[-80.4326,25.7569],[-80.4326,25.7566],[-80.4325,25.7525],[-80.4366,25.7523],[-80.4367,25.7523],[-80.4367,25.7519],[-80.4378,25.7519],[-80.4378,25.7523],[-80.4379,25.7523],[-80.4382,25.7523],[-80.439,25.7515],[-80.4392,25.7517],[-80.4397,25.7512],[-80.4399,25.7514],[-80.4397,25.7517],[-80.4406,25.7517],[-80.4411,25.7517],[-80.4414,25.7516],[-80.4416,25.7519],[-80.4433,25.752],[-80.4438,25.752],[-80.4437,25.7518],[-80.4445,25.7518],[-80.4445,25.7516],[-80.4446,25.7516],[-80.4447,25.7517],[-80.445,25.7517],[-80.4454,25.7517],[-80.4461,25.7517],[-80.4466,25.7517],[-80.447,25.7516],[-80.4471,25.7519],[-80.4486,25.7519],[-80.4486,25.7512],[-80.4485,25.7497],[-80.4606,25.7495],[-80.4606,25.7512],[-80.4626,25.7511],[-80.4627,25.7529],[-80.4646,25.7529],[-80.4647,25.751],[-80.481,25.7506],[-80.4861,25.7511],[-80.498,25.751],[-80.506,25.7505],[-80.5398,25.7458],[-80.6552,25.7463],[-80.6768,25.7463],[-80.873,25.7464],[-80.8732,25.8132],[-80.865,25.8062],[-80.8206,25.7678],[-80.8173,25.7678],[-80.6719,25.7666],[-80.6081,25.766]]]},"properties":{"ZIPCODE":"33194"}},{"type":"Feature","geometry":{"type":"Polygon","coordinates":[[[-80.2887,25.8843],[-80.2887,25.8836],[-80.2887,25.8836],[-80.2874,25.8836],[-80.2874,25.8836],[-80.2873,25.8814],[-80.2873,25.8814],[-80.2873,25.8814],[-80.2836,25.8814],[-80.2836,25.8814],[-80.2836,25.8814],[-80.2835,25.881],[-80.2835,25.881],[-80.2833,25.881],[-80.2833,25.881],[-80.2831,25.881],[-80.2831,25.881],[-80.2831,25.8807],[-80.2831,25.8807],[-80.2834,25.8808],[-80.2835,25.8808],[-80.2835,25.8808],[-80.2835,25.8805],[-80.2835,25.8803],[-80.2835,25.8803],[-80.2833,25.8803],[-80.2833,25.8803],[-80.283,25.8803],[-80.283,25.8803],[-80.2829,25.8796],[-80.2829,25.8787],[-80.2835,25.8787],[-80.2834,25.8778],[-80.2831,25.8778],[-80.2831,25.8775],[-80.2831,25.8775],[-80.283,25.8775],[-80.283,25.8775],[-80.283,25.8772],[-80.283,25.8772],[-80.2833,25.8772],[-80.2834,25.8772],[-80.2834,25.8769],[-80.2834,25.8769],[-80.2832,25.8769],[-80.2832,25.8769],[-80.283,25.8769],[-80.283,25.8769],[-80.283,25.876],[-80.2829,25.8759],[-80.2829,25.8756],[-80.2829,25.8751],[-80.2829,25.8742],[-80.2828,25.8737],[-80.2828,25.8733],[-80.2821,25.8733],[-80.2821,25.8728],[-80.2821,25.8728],[-80.282,25.8728],[-80.282,25.8728],[-80.2812,25.8729],[-80.2812,25.8729],[-80.2812,25.8725],[-80.2826,25.8723],[-80.2826,25.8719],[-80.2827,25.8719],[-80.2826,25.871],[-80.2826,25.871],[-80.2826,25.871],[-80.2825,25.871],[-80.2825,25.871],[-80.2825,25.8707],[-80.2832,25.8707],[-80.2832,25.87],[-80.2831,25.8696],[-80.2831,25.8696],[-80.2831,25.8696],[-80.2827,25.8697],[-80.2827,25.8697],[-80.2827,25.8692],[-80.2827,25.8683],[-80.2827,25.8679],[-80.2831,25.8678],[-80.2831,25.8669],[-80.2831,25.8669],[-80.283,25.8669],[-80.2826,25.8669],[-80.2826,25.8669],[-80.2825,25.866],[-80.2825,25.8651],[-80.2817,25.865],[-80.2817,25.8643],[-80.2824,25.8641],[-80.2824,25.8639],[-80.2824,25.8639],[-80.2823,25.8639],[-80.2823,25.8639],[-80.2823,25.8637],[-80.2826,25.8637],[-80.2826,25.8633],[-80.2825,25.8631],[-80.2824,25.8628],[-80.2827,25.8628],[-80.2827,25.8624],[-80.2827,25.8622],[-80.2827,25.8622],[-80.2827,25.8622],[-80.2825,25.8622],[-80.2825,25.8622],[-80.2824,25.8618],[-80.2824,25.8618],[-80.2824,25.8618],[-80.2824,25.8619],[-80.2824,25.8619],[-80.2824,25.8614],[-80.2827,25.8614],[-80.2827,25.8613],[-80.2825,25.8613],[-80.2822,25.8613],[-80.2822,25.8613],[-80.2822,25.8609],[-80.2822,25.8609],[-80.2821,25.8609],[-80.2819,25.8609],[-80.2819,25.8609],[-80.2819,25.8605],[-80.2823,25.8604],[-80.2823,25.8596],[-80.2826,25.8596],[-80.2826,25.8594],[-80.2826,25.8594],[-80.2823,25.8594],[-80.2823,25.8594],[-80.2823,25.8591],[-80.2823,25.8588],[-80.2823,25.8587],[-80.2819,25.8585],[-80.2819,25.8579],[-80.282,25.8579],[-80.282,25.8577],[-80.2825,25.8577],[-80.2825,25.8572],[-80.2822,25.8572],[-80.2822,25.8572],[-80.2822,25.8572],[-80.2822,25.8568],[-80.2825,25.8568],[-80.2826,25.8568],[-80.2826,25.8559],[-80.2825,25.8556],[-80.2822,25.8556],[-80.2821,25.8549],[-80.2821,25.853],[-80.2819,25.8529],[-80.2819,25.8526],[-80.2819,25.8526],[-80.2818,25.8526],[-80.2818,25.8526],[-80.2818,25.8521],[-80.2818,25.8521],[-80.2816,25.8521],[-80.2816,25.8521],[-80.2812,25.8521],[-80.2812,25.8521],[-80.2811,25.8512],[-80.2825,25.8512],[-80.2824,25.8502],[-80.2824,25.8492],[-80.2824,25.8483],[-80.2824,25.8483],[-80.2828,25.8483],[-80.2828,25.8478],[-80.2858,25.8477],[-80.2858,25.8482],[-80.2864,25.8482],[-80.2864,25.8477],[-80.2883,25.8477],[-80.2883,25.8475],[-80.2889,25.8475],[-80.2891,25.8477],[-80.2895,25.8477],[-80.2895,25.848],[-80.2902,25.8479],[-80.2905,25.8476],[-80.2923,25.8476],[-80.2943,25.8476],[-80.2943,25.8472],[-80.2946,25.8472],[-80.2946,25.8475],[-80.2947,25.8475],[-80.2947,25.8476],[-80.2976,25.8475],[-80.2976,25.8472],[-80.298,25.8472],[-80.2983,25.8474],[-80.299,25.8474],[-80.2989,25.8462],[-80.3003,25.8462],[-80.3003,25.8476],[-80.3028,25.8475],[-80.3028,25.8472],[-80.3042,25.8472],[-80.3042,25.8476],[-80.3053,25.8475],[-80.3053,25.8476],[-80.3055,25.8476],[-80.3055,25.8475],[-80.3057,25.8475],[-80.3057,25.848],[-80.3062,25.848],[-80.3064,25.8474],[-80.3064,25.8472],[-80.307,25.8472],[-80.307,25.8474],[-80.3072,25.8474],[-80.3072,25.8471],[-80.3079,25.8471],[-80.3079,25.8472],[-80.3091,25.8472],[-80.3091,25.8476],[-80.3099,25.8475],[-80.3099,25.848],[-80.3103,25.848],[-80.3104,25.8475],[-80.3131,25.8475],[-80.3131,25.8479],[-80.3147,25.8479],[-80.3148,25.8479],[-80.315,25.848],[-80.3199,25.8522],[-80.3215,25.8534],[-80.3225,25.8541],[-80.3224,25.8567],[-80.3226,25.8634],[-80.3226,25.8652],[-80.3228,25.8698],[-80.3229,25.8731],[-80.3232,25.8805],[-80.3233,25.8839],[-80.3233,25.884],[-80.3233,25.884],[-80.3219,25.8841],[-80.3219,25.8841],[-80.3213,25.8836],[-80.3215,25.8829],[-80.3218,25.8826],[-80.3226,25.8822],[-80.3226,25.8822],[-80.32,25.8822],[-80.32,25.8828],[-80.3196,25.8828],[-80.3196,25.8831],[-80.3174,25.8831],[-80.3157,25.8831],[-80.3156,25.8837],[-80.3144,25.8837],[-80.3144,25.8837],[-80.3136,25.8837],[-80.3136,25.8837],[-80.3121,25.8837],[-80.3116,25.8842],[-80.3116,25.8842],[-80.3114,25.8842],[-80.3113,25.8838],[-80.3113,25.8838],[-80.3111,25.8838],[-80.3111,25.8842],[-80.3108,25.8842],[-80.3108,25.8842],[-80.3108,25.8838],[-80.3104,25.8838],[-80.3104,25.8842],[-80.3101,25.8842],[-80.31,25.8842],[-80.3099,25.8833],[-80.3099,25.8833],[-80.3076,25.8833],[-80.3075,25.8836],[-80.3072,25.8836],[-80.3072,25.8836],[-80.3071,25.8833],[-80.3071,25.8833],[-80.3064,25.8834],[-80.3064,25.8841],[-80.3051,25.8841],[-80.3051,25.8838],[-80.3019,25.8838],[-80.3018,25.8838],[-80.2996,25.8838],[-80.2994,25.8841],[-80.2993,25.8841],[-80.2974,25.8842],[-80.2974,25.8841],[-80.2972,25.884],[-80.2968,25.8839],[-80.2968,25.8842],[-80.2912,25.8842],[-80.2897,25.8843],[-80.2887,25.8843],[-80.2887,25.8843]],[[-80.3044,25.866],[-80.3045,25.8656],[-80.3043,25.8656],[-80.3043,25.866],[-80.3044,25.866]]]},"properties":{"ZIPCODE":"33012"}},{"type":"Feature","geometry":{"type":"Polygon","coordinates":[[[-80.2296,25.9692],[-80.2294,25.9663],[-80.2293,25.9601],[-80.2291,25.9561],[-80.229,25.9538],[-80.2288,25.9525],[-80.2305,25.9525],[-80.2305,25.9521],[-80.2306,25.952],[-80.2306,25.9517],[-80.2302,25.9511],[-80.2298,25.9506],[-80.2297,25.9501],[-80.2296,25.9494],[-80.2296,25.9488],[-80.229,25.9488],[-80.2289,25.9481],[-80.2296,25.948],[-80.2295,25.9469],[-80.2292,25.9469],[-80.229,25.946],[-80.2295,25.9459],[-80.2294,25.9443],[-80.2293,25.9434],[-80.2284,25.9434],[-80.2283,25.9422],[-80.2292,25.9421],[-80.2291,25.9417],[-80.2291,25.9413],[-80.2288,25.9413],[-80.2287,25.9387],[-80.229,25.9387],[-80.2289,25.9378],[-80.2278,25.9379],[-80.2277,25.9372],[-80.2289,25.9371],[-80.2288,25.9366],[-80.2281,25.9366],[-80.2281,25.9363],[-80.2288,25.9363],[-80.2288,25.936],[-80.2288,25.9357],[-80.2287,25.935],[-80.2287,25.9341],[-80.2285,25.9341],[-80.2284,25.9322],[-80.2282,25.9302],[-80.2285,25.9302],[-80.2285,25.9296],[-80.2284,25.929],[-80.2283,25.9273],[-80.2283,25.9269],[-80.2282,25.9268],[-80.2282,25.9268],[-80.2366,25.9265],[-80.2446,25.9263],[-80.2471,25.9261],[-80.2489,25.926],[-80.2527,25.9259],[-80.2536,25.9258],[-80.2557,25.9256],[-80.2588,25.9256],[-80.2601,25.9255],[-80.2607,25.9255],[-80.2607,25.9268],[-80.2607,25.927],[-80.2614,25.927],[-80.2615,25.9274],[-80.2607,25.9274],[-80.2608,25.928],[-80.2608,25.9287],[-80.2608,25.9298],[-80.2613,25.9298],[-80.2613,25.9308],[-80.2614,25.9318],[-80.2614,25.9329],[-80.2615,25.9341],[-80.2615,25.9353],[-80.2616,25.9363],[-80.2612,25.9363],[-80.2612,25.9367],[-80.2613,25.9369],[-80.2613,25.9384],[-80.2613,25.9394],[-80.2614,25.9404],[-80.2624,25.9403],[-80.2625,25.9417],[-80.2625,25.9429],[-80.2626,25.9439],[-80.2616,25.9439],[-80.2616,25.9442],[-80.2616,25.9448],[-80.2618,25.9463],[-80.2651,25.9462],[-80.2652,25.9474],[-80.2622,25.9475],[-80.2623,25.9483],[-80.2623,25.9494],[-80.2623,25.9498],[-80.2624,25.9499],[-80.2622,25.95],[-80.2618,25.95],[-80.2619,25.9507],[-80.2622,25.9507],[-80.2624,25.9508],[-80.2624,25.9509],[-80.2625,25.953],[-80.262,25.953],[-80.262,25.9534],[-80.2624,25.9534],[-80.2624,25.9537],[-80.2624,25.954],[-80.262,25.9541],[-80.262,25.9549],[-80.2661,25.9548],[-80.2661,25.9567],[-80.2621,25.9568],[-80.2621,25.958],[-80.2622,25.9588],[-80.2623,25.9614],[-80.2623,25.9625],[-80.2623,25.964],[-80.2624,25.9661],[-80.2625,25.9692],[-80.2637,25.9691],[-80.2637,25.9701],[-80.2625,25.9702],[-80.2627,25.9713],[-80.2465,25.9718],[-80.2297,25.9721],[-80.2296,25.9692]]]},"properties":{"ZIPCODE":"33056"}},{"type":"Feature","geometry":{"type":"Polygon","coordinates":[[[-80.3161,25.8329],[-80.3162,25.8329],[-80.3162,25.8334],[-80.3161,25.8334],[-80.3161,25.8329]]]},"properties":{"ZIPCODE":"33195"}},{"type":"Feature","geometry":{"type":"Polygon","coordinates":[[[-80.1942,25.7799],[-80.1942,25.7796],[-80.1938,25.7796],[-80.1937,25.7795],[-80.1932,25.7795],[-80.1932,25.7795],[-80.1931,25.7791],[-80.1936,25.7791],[-80.1936,25.779],[-80.1936,25.778],[-80.1929,25.778],[-80.1929,25.7771],[-80.1933,25.7771],[-80.1933,25.7771],[-80.1933,25.777],[-80.1933,25.7767],[-80.1933,25.7766],[-80.1933,25.7765],[-80.1933,25.7761],[-80.1933,25.7758],[-80.1933,25.7758],[-80.1934,25.7758],[-80.1934,25.7758],[-80.1934,25.7756],[-80.1934,25.7756],[-80.1936,25.7756],[-80.1936,25.7756],[-80.1935,25.7752],[-80.1936,25.7748],[-80.1932,25.7749],[-80.1932,25.7748],[-80.1934,25.7748],[-80.1934,25.7748],[-80.1934,25.7748],[-80.1934,25.7747],[-80.1934,25.7747],[-80.1935,25.7747],[-80.1936,25.7747],[-80.1936,25.7747],[-80.1936,25.7746],[-80.1936,25.7743],[-80.1936,25.7743],[-80.1938,25.7743],[-80.1939,25.7746],[-80.1943,25.7746],[-80.1945,25.7746],[-80.1947,25.7746],[-80.1947,25.775],[-80.1955,25.775],[-80.1955,25.7742],[-80.197,25.7741],[-80.197,25.775],[-80.1978,25.775],[-80.1977,25.774],[-80.1977,25.774],[-80.1977,25.774],[-80.198,25.774],[-80.1987,25.7742],[-80.1988,25.7742],[-80.1992,25.7743],[-80.2001,25.7743],[-80.2008,25.7742],[-80.2023,25.7741],[-80.2025,25.7744],[-80.2025,25.7744],[-80.2025,25.7743],[-80.2028,25.7743],[-80.2028,25.7744],[-80.204,25.7743],[-80.204,25.7742],[-80.204,25.7742],[-80.2044,25.7742],[-80.2044,25.7742],[-80.2044,25.7738],[-80.2044,25.7738],[-80.2046,25.774],[-80.2046,25.7745],[-80.2049,25.7745],[-80.2049,25.7743],[-80.2061,25.7743],[-80.2061,25.7743],[-80.2061,25.7738],[-80.2061,25.7738],[-80.2063,25.7738],[-80.2063,25.7743],[-80.2077,25.7742],[-80.2094,25.7742],[-80.2094,25.7746],[-80.2103,25.7746],[-80.2103,25.7746],[-80.2103,25.7742],[-80.2103,25.7742],[-80.211,25.7741],[-80.211,25.7741],[-80.2111,25.774],[-80.2111,25.774],[-80.2115,25.774],[-80.2115,25.7741],[-80.2118,25.7741],[-80.2128,25.7741],[-80.2128,25.7737],[-80.213,25.7737],[-80.213,25.7741],[-80.2134,25.7741],[-80.2135,25.7741],[-80.2138,25.7741],[-80.214,25.7741],[-80.214,25.7745],[-80.2141,25.7744],[-80.2141,25.7742],[-80.2141,25.7742],[-80.2146,25.7742],[-80.2146,25.7742],[-80.2147,25.7738],[-80.2147,25.7738],[-80.2152,25.7738],[-80.2156,25.7745],[-80.2156,25.7745],[-80.2156,25.7753],[-80.2151,25.7756],[-80.2151,25.7763],[-80.2153,25.7765],[-80.2153,25.777],[-80.2152,25.777],[-80.2152,25.7773],[-80.2153,25.7773],[-80.2153,25.7774],[-80.2152,25.7774],[-80.2152,25.7777],[-80.2152,25.7783],[-80.2148,25.7783],[-80.2145,25.7784],[-80.2145,25.7787],[-80.2143,25.7787],[-80.2143,25.7788],[-80.2135,25.7789],[-80.2135,25.7787],[-80.213,25.7787],[-80.213,25.7789],[-80.212,25.7789],[-80.212,25.7785],[-80.2115,25.7785],[-80.2115,25.7788],[-80.2112,25.7788],[-80.2112,25.7789],[-80.2098,25.779],[-80.2097,25.7789],[-80.2097,25.7786],[-80.209,25.7786],[-80.2089,25.7784],[-80.2089,25.7786],[-80.2088,25.7791],[-80.2071,25.7788],[-80.2071,25.7789],[-80.2066,25.7789],[-80.2064,25.7786],[-80.2061,25.7786],[-80.2062,25.7791],[-80.2059,25.7791],[-80.2059,25.7786],[-80.2049,25.7786],[-80.205,25.7791],[-80.2046,25.7791],[-80.2044,25.7791],[-80.2039,25.7792],[-80.2034,25.7791],[-80.2029,25.7791],[-80.2025,25.7791],[-80.2023,25.7791],[-80.2022,25.7791],[-80.2021,25.7791],[-80.202,25.7791],[-80.2016,25.7792],[-80.2013,25.7792],[-80.2013,25.7791],[-80.2012,25.7791],[-80.201,25.7791],[-80.201,25.7792],[-80.2003,25.7792],[-80.1996,25.7792],[-80.1995,25.7788],[-80.1979,25.7789],[-80.1979,25.7793],[-80.1978,25.7795],[-80.1974,25.7795],[-80.1974,25.7798],[-80.1969,25.7798],[-80.1969,25.7798],[-80.1963,25.7798],[-80.1963,25.7789],[-80.1957,25.7789],[-80.1957,25.7792],[-80.1953,25.7792],[-80.1954,25.7794],[-80.1954,25.7799],[-80.1949,25.7799],[-80.1942,25.7799]]]},"properties":{"ZIPCODE":"33128"}},{"type":"Feature","geometry":{"type":"Polygon","coordinates":[[[-80.394,25.6879],[-80.3939,25.6869],[-80.3913,25.687],[-80.3912,25.6862],[-80.3846,25.6864],[-80.3847,25.6863],[-80.3846,25.6846],[-80.3845,25.6827],[-80.3841,25.6828],[-80.384,25.6818],[-80.384,25.6809],[-80.3845,25.6809],[-80.3844,25.68],[-80.3834,25.6801],[-80.3833,25.6792],[-80.3844,25.6791],[-80.3844,25.6786],[-80.3843,25.6777],[-80.3843,25.6767],[-80.3842,25.6741],[-80.3841,25.6729],[-80.3834,25.673],[-80.3833,25.6725],[-80.3841,25.6725],[-80.3841,25.6719],[-80.384,25.6696],[-80.3833,25.6696],[-80.3833,25.6695],[-80.3832,25.6686],[-80.384,25.6686],[-80.3839,25.6668],[-80.3833,25.6664],[-80.3831,25.6661],[-80.3835,25.666],[-80.3835,25.6656],[-80.3831,25.6656],[-80.3831,25.6651],[-80.383,25.6649],[-80.3833,25.6647],[-80.3833,25.6646],[-80.3831,25.6644],[-80.3831,25.6642],[-80.3838,25.6642],[-80.3838,25.6635],[-80.3836,25.6609],[-80.3836,25.6593],[-80.3834,25.6566],[-80.3825,25.6566],[-80.3823,25.6548],[-80.3834,25.6547],[-80.3833,25.6518],[-80.3833,25.6515],[-80.3833,25.6512],[-80.3833,25.6509],[-80.3832,25.6499],[-80.3832,25.649],[-80.3831,25.6477],[-80.3831,25.6467],[-80.383,25.6452],[-80.3822,25.6452],[-80.3821,25.6438],[-80.3829,25.6438],[-80.3828,25.6418],[-80.3828,25.64],[-80.3823,25.6401],[-80.3822,25.6397],[-80.3827,25.6397],[-80.3827,25.6378],[-80.3822,25.6378],[-80.3822,25.6374],[-80.3827,25.6374],[-80.3826,25.637],[-80.3822,25.637],[-80.3821,25.6363],[-80.3826,25.6363],[-80.3826,25.6356],[-80.3821,25.6356],[-80.3821,25.6353],[-80.3826,25.6352],[-80.3826,25.6345],[-80.3825,25.6336],[-80.382,25.6336],[-80.3819,25.6333],[-80.3825,25.6333],[-80.3825,25.6329],[-80.3819,25.6329],[-80.3818,25.6317],[-80.3819,25.6317],[-80.3819,25.6314],[-80.3819,25.631],[-80.3818,25.631],[-80.3818,25.6309],[-80.3823,25.6309],[-80.3823,25.63],[-80.3823,25.6285],[-80.3843,25.6285],[-80.3849,25.6288],[-80.3862,25.6298],[-80.3879,25.6297],[-80.3896,25.6297],[-80.3895,25.6289],[-80.3891,25.6289],[-80.3891,25.6282],[-80.3897,25.6282],[-80.3896,25.6276],[-80.3902,25.6276],[-80.3902,25.627],[-80.3949,25.6268],[-80.398,25.6267],[-80.4,25.6267],[-80.404,25.6266],[-80.4074,25.6265],[-80.4095,25.6264],[-80.4119,25.6263],[-80.4134,25.6263],[-80.4134,25.6266],[-80.4136,25.6268],[-80.4143,25.6268],[-80.4147,25.6268],[-80.4147,25.6279],[-80.4163,25.6279],[-80.4165,25.6279],[-80.4175,25.6278],[-80.4172,25.6275],[-80.417,25.6272],[-80.4169,25.6262],[-80.4202,25.6261],[-80.4228,25.6261],[-80.427,25.6259],[-80.4302,25.6257],[-80.4307,25.6257],[-80.4307,25.6258],[-80.4307,25.6262],[-80.4309,25.6263],[-80.4309,25.6265],[-80.431,25.6265],[-80.431,25.6269],[-80.431,25.627],[-80.431,25.6272],[-80.4312,25.6272],[-80.4312,25.6274],[-80.4312,25.6279],[-80.4308,25.6279],[-80.4308,25.6284],[-80.4307,25.6284],[-80.4307,25.6309],[-80.4322,25.6309],[-80.4322,25.6311],[-80.4321,25.6314],[-80.4317,25.6319],[-80.4313,25.6324],[-80.4311,25.6327],[-80.431,25.6329],[-80.431,25.6336],[-80.4307,25.6336],[-80.4307,25.635],[-80.4306,25.6352],[-80.4307,25.6354],[-80.4309,25.6357],[-80.4319,25.6368],[-80.4325,25.6375],[-80.4328,25.6377],[-80.4327,25.638],[-80.4326,25.638],[-80.4324,25.6384],[-80.4318,25.6381],[-80.4314,25.6384],[-80.4312,25.6385],[-80.4313,25.6388],[-80.4307,25.6389],[-80.4307,25.6395],[-80.4314,25.6394],[-80.4314,25.6405],[-80.4471,25.6401],[-80.4481,25.6549],[-80.432,25.6555],[-80.4321,25.6565],[-80.4307,25.6566],[-80.4307,25.6571],[-80.4301,25.6571],[-80.4301,25.6592],[-80.4321,25.6592],[-80.4322,25.6607],[-80.4322,25.6614],[-80.4323,25.6629],[-80.4323,25.6643],[-80.4324,25.6647],[-80.4324,25.6667],[-80.4325,25.6685],[-80.4326,25.6703],[-80.4326,25.6718],[-80.4326,25.6735],[-80.4326,25.6747],[-80.4328,25.6775],[-80.4328,25.6783],[-80.4327,25.6787],[-80.4326,25.6792],[-80.4323,25.6796],[-80.4317,25.6803],[-80.4311,25.6807],[-80.4306,25.6812],[-80.4303,25.6816],[-80.43,25.6823],[-80.4299,25.6821],[-80.4299,25.6813],[-80.4288,25.6813],[-80.4288,25.6828],[-80.4288,25.6848],[-80.4299,25.6848],[-80.4299,25.685],[-80.43,25.6866],[-80.4282,25.6874],[-80.4248,25.687],[-80.4249,25.685],[-80.4228,25.6851],[-80.423,25.6876],[-80.4211,25.6877],[-80.4177,25.6878],[-80.4176,25.6868],[-80.4176,25.6861],[-80.4166,25.6863],[-80.4157,25.6863],[-80.4157,25.6854],[-80.4087,25.6856],[-80.4037,25.6858],[-80.4038,25.6866],[-80.4039,25.6872],[-80.403,25.6874],[-80.4009,25.6869],[-80.4006,25.6859],[-80.397,25.686],[-80.3971,25.6878],[-80.396,25.6878],[-80.3941,25.6879],[-80.394,25.6879]]]},"properties":{"ZIPCODE":"33186"}},{"type":"Feature","geometry":{"type":"Polygon","coordinates":[[[-80.3165,25.7953],[-80.3163,25.7953],[-80.3163,25.7953],[-80.3153,25.7953],[-80.3149,25.7953],[-80.3129,25.7953],[-80.3128,25.7931],[-80.3128,25.7931],[-80.3148,25.793],[-80.3148,25.7928],[-80.3148,25.7925],[-80.3174,25.7925],[-80.3179,25.7925],[-80.3179,25.7925],[-80.318,25.7928],[-80.318,25.793],[-80.3179,25.793],[-80.3179,25.7969],[-80.3178,25.7969],[-80.3177,25.7969],[-80.3178,25.7968],[-80.3178,25.7966],[-80.3178,25.7964],[-80.3178,25.7964],[-80.3177,25.7962],[-80.3176,25.796],[-80.3176,25.796],[-80.3175,25.7958],[-80.3174,25.7957],[-80.3172,25.7956],[-80.3171,25.7955],[-80.317,25.7954],[-80.3168,25.7954],[-80.3166,25.7953],[-80.3165,25.7953]]]},"properties":{"ZIPCODE":"33152"}},{"type":"Feature","geometry":{"type":"Polygon","coordinates":[[[-80.3324,25.79],[-80.3338,25.79],[-80.3338,25.7906],[-80.3325,25.7906],[-80.3324,25.7902],[-80.3324,25.79]]]},"properties":{"ZIPCODE":"33191"}},{"type":"Feature","geometry":{"type":"Polygon","coordinates":[[[-80.2024,25.7636],[-80.2024,25.7633],[-80.2019,25.7633],[-80.2006,25.7626],[-80.2005,25.7629],[-80.2002,25.7629],[-80.2002,25.7624],[-80.2,25.7623],[-80.1997,25.7619],[-80.197,25.7604],[-80.1962,25.7605],[-80.1962,25.7604],[-80.1964,25.7601],[-80.195,25.7593],[-80.195,25.7595],[-80.1944,25.7596],[-80.1943,25.759],[-80.1938,25.7587],[-80.1936,25.7585],[-80.1935,25.7585],[-80.1922,25.7578],[-80.1921,25.7583],[-80.1917,25.7582],[-80.1918,25.7578],[-80.1916,25.7578],[-80.1917,25.7576],[-80.1917,25.7575],[-80.1907,25.7569],[-80.1903,25.7573],[-80.1899,25.7569],[-80.1908,25.7561],[-80.1956,25.7517],[-80.1987,25.7488],[-80.1787,25.7489],[-80.179,25.7453],[-80.1884,25.745],[-80.1951,25.7448],[-80.1992,25.7447],[-80.2045,25.7455],[-80.2081,25.7432],[-80.2095,25.7401],[-80.2137,25.745],[-80.2116,25.7467],[-80.2133,25.7488],[-80.2132,25.7491],[-80.2132,25.7493],[-80.2133,25.7497],[-80.2134,25.7497],[-80.2133,25.7498],[-80.2133,25.75],[-80.2135,25.75],[-80.2135,25.7499],[-80.2139,25.7499],[-80.2141,25.7499],[-80.2141,25.7502],[-80.2141,25.7503],[-80.2141,25.7507],[-80.2141,25.7508],[-80.2141,25.7508],[-80.2143,25.751],[-80.2142,25.7511],[-80.2142,25.7513],[-80.2142,25.7515],[-80.2147,25.7515],[-80.2147,25.7518],[-80.2142,25.7519],[-80.2142,25.7521],[-80.2147,25.7521],[-80.2147,25.7523],[-80.2142,25.7524],[-80.2142,25.7526],[-80.2147,25.7526],[-80.2147,25.7529],[-80.2142,25.7529],[-80.2142,25.7533],[-80.2147,25.7533],[-80.2147,25.754],[-80.2147,25.7545],[-80.2147,25.7547],[-80.2144,25.7547],[-80.2144,25.7548],[-80.2147,25.7551],[-80.2142,25.7551],[-80.2142,25.7554],[-80.2147,25.7554],[-80.2147,25.7558],[-80.2143,25.7558],[-80.2143,25.7561],[-80.2144,25.7564],[-80.2147,25.7564],[-80.2147,25.7566],[-80.2147,25.757],[-80.2147,25.7578],[-80.2148,25.7583],[-80.2142,25.7583],[-80.2142,25.7588],[-80.2148,25.7588],[-80.2148,25.7593],[-80.2148,25.7601],[-80.2146,25.7601],[-80.2146,25.7604],[-80.2148,25.7604],[-80.2148,25.7609],[-80.2143,25.7609],[-80.2143,25.7611],[-80.2144,25.7611],[-80.2147,25.7611],[-80.2148,25.7618],[-80.2143,25.7618],[-80.2143,25.7623],[-80.2148,25.7623],[-80.2148,25.7632],[-80.2143,25.7632],[-80.2143,25.763],[-80.2141,25.763],[-80.2141,25.7632],[-80.2139,25.7632],[-80.214,25.7633],[-80.2138,25.7633],[-80.2138,25.7635],[-80.213,25.7635],[-80.213,25.763],[-80.2124,25.763],[-80.2124,25.7633],[-80.2123,25.7633],[-80.2123,25.7635],[-80.2121,25.7635],[-80.2118,25.7635],[-80.2118,25.763],[-80.211,25.763],[-80.211,25.7635],[-80.2105,25.7635],[-80.2105,25.7634],[-80.21,25.7634],[-80.21,25.7632],[-80.2098,25.7633],[-80.2098,25.7633],[-80.2093,25.7634],[-80.2092,25.7634],[-80.2088,25.7634],[-80.2088,25.7631],[-80.2084,25.7631],[-80.2084,25.7634],[-80.2073,25.7634],[-80.2073,25.7631],[-80.207,25.7631],[-80.207,25.7636],[-80.2059,25.7636],[-80.2059,25.7632],[-80.2054,25.7632],[-80.2054,25.7637],[-80.2053,25.7637],[-80.2053,25.7636],[-80.204,25.7637],[-80.204,25.7632],[-80.2038,25.7632],[-80.2038,25.7637],[-80.2024,25.7637],[-80.2024,25.7636]]]},"properties":{"ZIPCODE":"33129"}},{"type":"Feature","geometry":{"type":"Polygon","coordinates":[[[-80.3807,25.7937],[-80.3818,25.7937],[-80.3818,25.7941],[-80.3807,25.7941],[-80.3807,25.7937]]]},"properties":{"ZIPCODE":"33192"}},{"type":"Feature","geometry":{"type":"Polygon","coordinates":[[[-80.3406,25.4601],[-80.3394,25.4599],[-80.3384,25.4599],[-80.3376,25.4602],[-80.3367,25.4606],[-80.3368,25.4604],[-80.337,25.4602],[-80.3371,25.46],[-80.3372,25.4598],[-80.3372,25.4595],[-80.3372,25.4594],[-80.3373,25.4594],[-80.3374,25.4593],[-80.3377,25.4594],[-80.3378,25.4592],[-80.3376,25.4592],[-80.3375,25.4591],[-80.3373,25.459],[-80.3373,25.4588],[-80.3373,25.4585],[-80.3373,25.4583],[-80.3373,25.458],[-80.3373,25.4578],[-80.3373,25.4577],[-80.3372,25.4573],[-80.3371,25.4571],[-80.337,25.4567],[-80.337,25.4564],[-80.337,25.4561],[-80.3369,25.4559],[-80.3368,25.4557],[-80.3366,25.4556],[-80.3363,25.4554],[-80.3362,25.4552],[-80.336,25.455],[-80.3359,25.4549],[-80.3359,25.4549],[-80.336,25.4548],[-80.3362,25.4547],[-80.3363,25.4546],[-80.3364,25.4545],[-80.3365,25.4544],[-80.3364,25.4544],[-80.3363,25.4545],[-80.3362,25.4545],[-80.3361,25.4546],[-80.3361,25.4547],[-80.3359,25.4546],[-80.3358,25.4545],[-80.3357,25.4545],[-80.3355,25.4544],[-80.3354,25.4542],[-80.3353,25.4541],[-80.3353,25.454],[-80.3351,25.4539],[-80.3349,25.4538],[-80.3348,25.4537],[-80.3347,25.4537],[-80.3346,25.4536],[-80.3345,25.4535],[-80.3344,25.4534],[-80.3343,25.4533],[-80.3342,25.4531],[-80.334,25.4528],[-80.3339,25.4526],[-80.3338,25.4525],[-80.3337,25.4523],[-80.3336,25.4522],[-80.3335,25.4521],[-80.3334,25.452],[-80.3334,25.4519],[-80.3334,25.4519],[-80.3335,25.4519],[-80.3337,25.4519],[-80.3337,25.4519],[-80.3338,25.4519],[-80.3339,25.4518],[-80.3339,25.4517],[-80.334,25.4516],[-80.3341,25.4517],[-80.3343,25.4516],[-80.3343,25.4514],[-80.3344,25.4513],[-80.3345,25.4511],[-80.3344,25.4512],[-80.3343,25.4513],[-80.3343,25.4513],[-80.3342,25.4514],[-80.3342,25.4514],[-80.3342,25.4515],[-80.3342,25.4516],[-80.3341,25.4516],[-80.3341,25.4516],[-80.334,25.4515],[-80.3339,25.4516],[-80.3338,25.4516],[-80.3338,25.4517],[-80.3338,25.4518],[-80.3337,25.4518],[-80.3336,25.4518],[-80.3334,25.4518],[-80.3334,25.4518],[-80.3332,25.4518],[-80.3331,25.4518],[-80.333,25.4518],[-80.3329,25.4518],[-80.3328,25.4518],[-80.3327,25.4517],[-80.3325,25.4515],[-80.3325,25.4514],[-80.3324,25.4513],[-80.3323,25.4512],[-80.3321,25.4512],[-80.3319,25.4511],[-80.3317,25.4512],[-80.3316,25.4511],[-80.3314,25.4509],[-80.3312,25.4508],[-80.331,25.4508],[-80.3308,25.4508],[-80.3306,25.4509],[-80.3305,25.4507],[-80.3305,25.4503],[-80.3306,25.4502],[-80.3307,25.4501],[-80.3308,25.45],[-80.331,25.4497],[-80.3311,25.4495],[-80.3311,25.4493],[-80.3312,25.4491],[-80.3312,25.449],[-80.3311,25.4489],[-80.331,25.4488],[-80.3309,25.4486],[-80.3308,25.4485],[-80.3307,25.4484],[-80.3307,25.4483],[-80.3306,25.4483],[-80.3306,25.4482],[-80.3307,25.448],[-80.3308,25.4478],[-80.331,25.4477],[-80.3311,25.4474],[-80.3312,25.4474],[-80.3312,25.4472],[-80.3312,25.4468],[-80.3313,25.4464],[-80.3311,25.4462],[-80.331,25.446],[-80.3308,25.4458],[-80.3307,25.4456],[-80.3307,25.4453],[-80.3307,25.4451],[-80.3308,25.4449],[-80.3308,25.4446],[-80.3307,25.4442],[-80.3306,25.444],[-80.3306,25.4436],[-80.3305,25.4434],[-80.3304,25.4432],[-80.3303,25.443],[-80.3303,25.4425],[-80.3301,25.4424],[-80.3301,25.4422],[-80.3299,25.4419],[-80.3299,25.4415],[-80.3298,25.4414],[-80.3297,25.4413],[-80.3294,25.4412],[-80.3293,25.4408],[-80.3291,25.4407],[-80.329,25.4406],[-80.3287,25.4403],[-80.3287,25.4401],[-80.3285,25.4402],[-80.3283,25.4401],[-80.3283,25.4399],[-80.3281,25.4398],[-80.3279,25.4398],[-80.3277,25.4397],[-80.3276,25.4396],[-80.3275,25.4394],[-80.3275,25.4392],[-80.3274,25.4391],[-80.3274,25.439],[-80.3272,25.4389],[-80.3272,25.4388],[-80.3272,25.4387],[-80.327,25.4387],[-80.327,25.4385],[-80.3272,25.4384],[-80.3277,25.4381],[-80.328,25.4379],[-80.3283,25.4376],[-80.3286,25.4374],[-80.3288,25.4371],[-80.3291,25.4369],[-80.3293,25.4367],[-80.3295,25.4366],[-80.3297,25.4365],[-80.3299,25.4363],[-80.33,25.4362],[-80.3301,25.436],[-80.3301,25.4359],[-80.33,25.4359],[-80.3298,25.4359],[-80.3296,25.4359],[-80.3294,25.4359],[-80.3292,25.4359],[-80.3292,25.436],[-80.329,25.4361],[-80.3282,25.4368],[-80.3273,25.4374],[-80.3264,25.4381],[-80.3262,25.4379],[-80.326,25.4378],[-80.3258,25.4377],[-80.3254,25.4377],[-80.3251,25.4377],[-80.3248,25.4377],[-80.3246,25.4377],[-80.3243,25.4378],[-80.324,25.4376],[-80.3235,25.4376],[-80.3231,25.4376],[-80.3228,25.4375],[-80.3223,25.4374],[-80.3221,25.4374],[-80.3216,25.4375],[-80.3213,25.4375],[-80.3208,25.4375],[-80.32,25.4377],[-80.3195,25.438],[-80.3189,25.4382],[-80.3182,25.4387],[-80.3178,25.4388],[-80.3175,25.4391],[-80.3174,25.4389],[-80.3174,25.4386],[-80.3177,25.4385],[-80.318,25.4383],[-80.3184,25.4382],[-80.3188,25.4379],[-80.3192,25.4377],[-80.3195,25.4376],[-80.3198,25.4373],[-80.3201,25.4371],[-80.3203,25.4369],[-80.3207,25.4367],[-80.321,25.4365],[-80.3211,25.4364],[-80.3215,25.436],[-80.3217,25.4355],[-80.3219,25.4352],[-80.3219,25.4348],[-80.322,25.4345],[-80.3219,25.4342],[-80.322,25.4338],[-80.3219,25.4336],[-80.3218,25.4334],[-80.3217,25.4331],[-80.3216,25.4329],[-80.3216,25.4328],[-80.3217,25.4326],[-80.322,25.4326],[-80.3221,25.4327],[-80.3222,25.4327],[-80.3222,25.433],[-80.3222,25.4332],[-80.3222,25.4334],[-80.3223,25.4337],[-80.3224,25.4338],[-80.3225,25.4341],[-80.3226,25.4343],[-80.3226,25.4344],[-80.3227,25.4345],[-80.3228,25.4347],[-80.3229,25.4348],[-80.3229,25.435],[-80.323,25.4352],[-80.323,25.435],[-80.3231,25.4348],[-80.323,25.4347],[-80.323,25.4346],[-80.3229,25.4344],[-80.323,25.4343],[-80.323,25.4342],[-80.3231,25.4341],[-80.3232,25.434],[-80.3235,25.434],[-80.3237,25.4339],[-80.3239,25.4339],[-80.324,25.4339],[-80.3241,25.4338],[-80.3242,25.4337],[-80.3243,25.4337],[-80.3243,25.4337],[-80.3244,25.4336],[-80.3245,25.4336],[-80.3246,25.4336],[-80.3247,25.4336],[-80.3248,25.4336],[-80.3248,25.4337],[-80.3249,25.4337],[-80.325,25.4337],[-80.3251,25.4337],[-80.3252,25.4337],[-80.3253,25.4336],[-80.3255,25.4336],[-80.3257,25.4335],[-80.3257,25.4333],[-80.3258,25.4332],[-80.3257,25.4331],[-80.3257,25.4329],[-80.3257,25.4327],[-80.3257,25.4326],[-80.3257,25.4324],[-80.3258,25.4323],[-80.3258,25.4322],[-80.3258,25.432],[-80.3258,25.432],[-80.3257,25.4319],[-80.3257,25.4319],[-80.3257,25.4318],[-80.3257,25.4317],[-80.3256,25.4316],[-80.3255,25.4315],[-80.3255,25.4314],[-80.3254,25.4313],[-80.3253,25.4312],[-80.3251,25.431],[-80.325,25.4309],[-80.3251,25.4308],[-80.3251,25.4307],[-80.3254,25.4307],[-80.3255,25.4306],[-80.3257,25.4307],[-80.3259,25.4308],[-80.326,25.4309],[-80.3261,25.431],[-80.3263,25.4311],[-80.3265,25.4311],[-80.3269,25.4311],[-80.3271,25.4312],[-80.3272,25.4313],[-80.3276,25.4312],[-80.3278,25.4308],[-80.3279,25.4305],[-80.3281,25.4305],[-80.3282,25.4304],[-80.3283,25.4303],[-80.3283,25.4302],[-80.3282,25.4301],[-80.3281,25.43],[-80.3281,25.4299],[-80.3282,25.4298],[-80.3283,25.4297],[-80.3283,25.4296],[-80.3283,25.4295],[-80.3284,25.4294],[-80.3284,25.4293],[-80.3286,25.4292],[-80.3287,25.4291],[-80.3288,25.429],[-80.3288,25.4289],[-80.3289,25.4289],[-80.329,25.4288],[-80.3291,25.4287],[-80.3292,25.4286],[-80.3293,25.4285],[-80.3294,25.4284],[-80.3293,25.4283],[-80.3292,25.4281],[-80.3291,25.428],[-80.329,25.4278],[-80.329,25.4275],[-80.329,25.4272],[-80.3289,25.4271],[-80.3288,25.4269],[-80.3288,25.4268],[-80.3287,25.4267],[-80.3285,25.4267],[-80.3284,25.4265],[-80.3283,25.4265],[-80.3282,25.4264],[-80.3282,25.4263],[-80.3281,25.4263],[-80.328,25.4262],[-80.3279,25.4262],[-80.3278,25.4263],[-80.3278,25.4262],[-80.3278,25.4261],[-80.328,25.426],[-80.3281,25.4259],[-80.3282,25.4259],[-80.3283,25.4258],[-80.3284,25.4257],[-80.3286,25.4257],[-80.3288,25.4258],[-80.329,25.4257],[-80.3291,25.4255],[-80.3291,25.4253],[-80.3293,25.4252],[-80.3296,25.4252],[-80.3297,25.4251],[-80.3298,25.425],[-80.3298,25.4249],[-80.3299,25.4248],[-80.3299,25.4247],[-80.33,25.4247],[-80.33,25.4246],[-80.33,25.4244],[-80.33,25.4244],[-80.33,25.4243],[-80.3299,25.4245],[-80.3299,25.4245],[-80.3299,25.4247],[-80.3298,25.4248],[-80.3298,25.4249],[-80.3298,25.425],[-80.3298,25.425],[-80.3297,25.425],[-80.3296,25.425],[-80.3294,25.425],[-80.3293,25.425],[-80.3291,25.4252],[-80.3289,25.4254],[-80.3288,25.4256],[-80.3285,25.4255],[-80.3282,25.4256],[-80.328,25.4258],[-80.3279,25.426],[-80.3278,25.4261],[-80.3277,25.4261],[-80.3278,25.4259],[-80.3276,25.4257],[-80.3277,25.4256],[-80.3277,25.4255],[-80.3276,25.4255],[-80.3275,25.4255],[-80.3274,25.4255],[-80.3273,25.4255],[-80.3273,25.4254],[-80.3273,25.4254],[-80.3273,25.4253],[-80.3275,25.4253],[-80.3276,25.4252],[-80.3273,25.4251],[-80.3273,25.425],[-80.3272,25.425],[-80.3271,25.4249],[-80.327,25.4249],[-80.327,25.4249],[-80.3269,25.4248],[-80.3269,25.4248],[-80.3268,25.4247],[-80.3267,25.4247],[-80.3266,25.4246],[-80.3265,25.4246],[-80.3265,25.4246],[-80.3264,25.4245],[-80.3264,25.4243],[-80.3263,25.4242],[-80.3262,25.4241],[-80.3262,25.424],[-80.3262,25.4239],[-80.3261,25.4238],[-80.3261,25.4237],[-80.3262,25.4235],[-80.3262,25.4232],[-80.3263,25.4231],[-80.3264,25.4229],[-80.3265,25.4228],[-80.3266,25.4228],[-80.3267,25.4227],[-80.3267,25.4227],[-80.3268,25.4226],[-80.3268,25.4226],[-80.3269,25.4225],[-80.3268,25.4225],[-80.3268,25.4224],[-80.3267,25.4224],[-80.3267,25.4223],[-80.3266,25.4223],[-80.3266,25.4222],[-80.3267,25.4222],[-80.3268,25.4221],[-80.3268,25.422],[-80.3269,25.422],[-80.327,25.4219],[-80.327,25.4218],[-80.327,25.4217],[-80.327,25.4215],[-80.327,25.4214],[-80.3269,25.4212],[-80.3268,25.4211],[-80.3268,25.421],[-80.3268,25.4208],[-80.3268,25.4207],[-80.327,25.4206],[-80.3273,25.4201],[-80.3275,25.4199],[-80.3273,25.4198],[-80.327,25.4198],[-80.3268,25.4197],[-80.3267,25.4195],[-80.3267,25.4194],[-80.3265,25.4193],[-80.3263,25.4193],[-80.3259,25.4191],[-80.3259,25.4189],[-80.326,25.4187],[-80.3266,25.4183],[-80.327,25.418],[-80.3271,25.4178],[-80.3273,25.4174],[-80.3275,25.4172],[-80.3277,25.4167],[-80.3281,25.4162],[-80.3278,25.4155],[-80.3274,25.4153],[-80.3274,25.4151],[-80.3278,25.4149],[-80.3279,25.4147],[-80.3279,25.4144],[-80.3277,25.4143],[-80.3275,25.4142],[-80.3272,25.414],[-80.3271,25.4136],[-80.3269,25.4134],[-80.3267,25.4132],[-80.3266,25.413],[-80.3264,25.4127],[-80.3264,25.4124],[-80.3269,25.4122],[-80.3271,25.4121],[-80.3271,25.4118],[-80.3269,25.4116],[-80.3259,25.4103],[-80.3255,25.4098],[-80.3254,25.4097],[-80.3258,25.4097],[-80.3263,25.4101],[-80.3266,25.4102],[-80.3271,25.41],[-80.3272,25.4097],[-80.3273,25.4095],[-80.3276,25.4093],[-80.3279,25.4092],[-80.328,25.409],[-80.328,25.4085],[-80.3283,25.4081],[-80.3285,25.408],[-80.329,25.4077],[-80.3293,25.4074],[-80.3293,25.4069],[-80.3294,25.4065],[-80.3297,25.4062],[-80.3297,25.4055],[-80.3296,25.4053],[-80.3287,25.4049],[-80.3281,25.4051],[-80.3279,25.4047],[-80.3279,25.4044],[-80.3279,25.4036],[-80.3276,25.4028],[-80.327,25.4019],[-80.3268,25.4011],[-80.3272,25.401],[-80.3274,25.4012],[-80.3273,25.4018],[-80.3276,25.402],[-80.328,25.402],[-80.3284,25.4015],[-80.3285,25.4013],[-80.3287,25.4012],[-80.329,25.4009],[-80.3294,25.4004],[-80.3297,25.3998],[-80.3297,25.3991],[-80.3297,25.3988],[-80.3295,25.3982],[-80.3292,25.3977],[-80.3284,25.3974],[-80.3283,25.3973],[-80.3278,25.3972],[-80.3276,25.3969],[-80.3276,25.3964],[-80.3271,25.3961],[-80.3271,25.3959],[-80.3275,25.3952],[-80.3275,25.3948],[-80.3273,25.3946],[-80.3268,25.3948],[-80.3266,25.3947],[-80.3266,25.3942],[-80.3263,25.394],[-80.3263,25.3939],[-80.3257,25.3936],[-80.3254,25.3932],[-80.3254,25.3927],[-80.3254,25.3923],[-80.3252,25.3923],[-80.3251,25.3923],[-80.3247,25.3931],[-80.3246,25.3937],[-80.3241,25.3938],[-80.3235,25.3932],[-80.3234,25.393],[-80.3235,25.3925],[-80.3235,25.392],[-80.3232,25.392],[-80.323,25.3918],[-80.3228,25.3916],[-80.3225,25.3914],[-80.3223,25.3916],[-80.322,25.3918],[-80.3215,25.3919],[-80.3213,25.3917],[-80.3214,25.3909],[-80.3209,25.3899],[-80.321,25.3892],[-80.3208,25.389],[-80.32,25.3885],[-80.32,25.3883],[-80.3198,25.3881],[-80.3192,25.3884],[-80.319,25.3885],[-80.3182,25.3887],[-80.3173,25.3889],[-80.3168,25.389],[-80.3167,25.3888],[-80.3167,25.3885],[-80.3169,25.3882],[-80.317,25.3877],[-80.3171,25.3875],[-80.3175,25.3874],[-80.3176,25.3873],[-80.3176,25.3871],[-80.3175,25.387],[-80.3171,25.3867],[-80.317,25.386],[-80.317,25.3859],[-80.3164,25.3856],[-80.3162,25.3854],[-80.3161,25.3842],[-80.316,25.384],[-80.3157,25.3839],[-80.3157,25.3842],[-80.3153,25.3843],[-80.3148,25.3836],[-80.3149,25.3834],[-80.3155,25.3834],[-80.3158,25.3827],[-80.3161,25.3823],[-80.3161,25.3819],[-80.3159,25.3815],[-80.3159,25.3809],[-80.3157,25.3808],[-80.3154,25.3808],[-80.3153,25.3809],[-80.315,25.3816],[-80.3147,25.3817],[-80.3144,25.3815],[-80.3143,25.3819],[-80.3136,25.3821],[-80.3136,25.3824],[-80.3139,25.3827],[-80.3139,25.383],[-80.3137,25.3831],[-80.3134,25.3831],[-80.313,25.3826],[-80.313,25.3824],[-80.3125,25.3821],[-80.3126,25.3817],[-80.3131,25.3817],[-80.3131,25.3813],[-80.313,25.381],[-80.313,25.3804],[-80.3125,25.3802],[-80.3124,25.3796],[-80.3123,25.3799],[-80.3124,25.3803],[-80.3122,25.3811],[-80.3123,25.3814],[-80.3122,25.3816],[-80.3114,25.3817],[-80.3112,25.3819],[-80.3103,25.382],[-80.3098,25.3825],[-80.3096,25.3832],[-80.3097,25.3835],[-80.3099,25.3839],[-80.31,25.3841],[-80.3104,25.3845],[-80.3104,25.385],[-80.3101,25.3854],[-80.3099,25.3856],[-80.3094,25.3861],[-80.3095,25.387],[-80.3101,25.3875],[-80.3107,25.3874],[-80.3112,25.3872],[-80.3115,25.3873],[-80.3115,25.3875],[-80.3105,25.388],[-80.309,25.3894],[-80.309,25.3897],[-80.3089,25.3898],[-80.3088,25.3903],[-80.3085,25.3903],[-80.3082,25.3899],[-80.3071,25.3891],[-80.3065,25.3878],[-80.3064,25.3875],[-80.3061,25.3866],[-80.3059,25.3863],[-80.3058,25.3858],[-80.306,25.3855],[-80.3063,25.3853],[-80.3066,25.3852],[-80.3074,25.385],[-80.3078,25.3848],[-80.308,25.3845],[-80.3087,25.3845],[-80.3088,25.3843],[-80.3088,25.3839],[-80.3086,25.3835],[-80.3087,25.3822],[-80.3083,25.3822],[-80.3082,25.3821],[-80.3083,25.3819],[-80.3083,25.3817],[-80.3087,25.3816],[-80.3087,25.3812],[-80.3093,25.3804],[-80.3095,25.3797],[-80.3098,25.3793],[-80.3099,25.379],[-80.31,25.3782],[-80.31,25.3773],[-80.31,25.3769],[-80.31,25.3763],[-80.3099,25.3754],[-80.3101,25.3747],[-80.3102,25.3737],[-80.3106,25.3723],[-80.3114,25.3707],[-80.3115,25.3705],[-80.3115,25.3704],[-80.3116,25.3704],[-80.3134,25.3676],[-80.3148,25.3664],[-80.3167,25.3645],[-80.318,25.3637],[-80.3188,25.3632],[-80.3205,25.363],[-80.322,25.3622],[-80.3229,25.3615],[-80.324,25.3593],[-80.3257,25.3579],[-80.3274,25.3558],[-80.3286,25.3532],[-80.3299,25.3506],[-80.33,25.3499],[-80.3316,25.3471],[-80.3313,25.3462],[-80.3313,25.3458],[-80.3324,25.3452],[-80.3329,25.3443],[-80.3332,25.3433],[-80.3341,25.3441],[-80.3336,25.3429],[-80.3353,25.3407],[-80.3365,25.3396],[-80.3382,25.3379],[-80.3384,25.3366],[-80.3393,25.336],[-80.34,25.3357],[-80.3411,25.3337],[-80.3423,25.3319],[-80.3423,25.3314],[-80.3434,25.3318],[-80.3441,25.3316],[-80.3447,25.332],[-80.3439,25.3323],[-80.3443,25.333],[-80.3457,25.3327],[-80.3476,25.3321],[-80.3491,25.3316],[-80.3503,25.3314],[-80.3526,25.3302],[-80.3526,25.3295],[-80.3521,25.329],[-80.3516,25.3288],[-80.351,25.3285],[-80.3513,25.3282],[-80.3515,25.328],[-80.352,25.3283],[-80.3525,25.3284],[-80.3528,25.3283],[-80.3533,25.3285],[-80.3541,25.3289],[-80.3547,25.3289],[-80.3553,25.329],[-80.3558,25.3293],[-80.3567,25.3291],[-80.3572,25.3283],[-80.3577,25.3278],[-80.3582,25.3282],[-80.3585,25.3286],[-80.3584,25.329],[-80.3583,25.3293],[-80.3592,25.3292],[-80.3599,25.3291],[-80.3609,25.3282],[-80.3627,25.3288],[-80.3631,25.3281],[-80.3637,25.328],[-80.3647,25.3274],[-80.3654,25.327],[-80.3656,25.3261],[-80.3661,25.3256],[-80.3656,25.3247],[-80.3657,25.3242],[-80.3662,25.3242],[-80.3665,25.3242],[-80.3677,25.324],[-80.3686,25.3237],[-80.3697,25.3235],[-80.3704,25.3232],[-80.371,25.3228],[-80.3717,25.3222],[-80.3721,25.3213],[-80.372,25.3205],[-80.3716,25.3196],[-80.3802,25.306],[-80.3803,25.2967],[-80.3803,25.2922],[-80.3844,25.2918],[-80.3846,25.2918],[-80.4541,25.2863],[-80.4596,25.2858],[-80.4597,25.2872],[-80.4611,25.3198],[-80.4611,25.3198],[-80.4609,25.3749],[-80.4609,25.3857],[-80.4609,25.3857],[-80.4609,25.3857],[-80.4609,25.3893],[-80.4608,25.3967],[-80.4608,25.4038],[-80.4607,25.404],[-80.4607,25.4053],[-80.4607,25.4076],[-80.4606,25.4111],[-80.4606,25.413],[-80.4605,25.4149],[-80.4605,25.4185],[-80.4605,25.4185],[-80.4605,25.4185],[-80.4605,25.4187],[-80.4605,25.4187],[-80.4605,25.4206],[-80.4605,25.4206],[-80.4605,25.4258],[-80.4605,25.4331],[-80.4605,25.4333],[-80.4605,25.4407],[-80.4605,25.4453],[-80.4605,25.4454],[-80.4605,25.4454],[-80.4605,25.4482],[-80.4605,25.4482],[-80.4605,25.4482],[-80.4605,25.4526],[-80.4605,25.4541],[-80.4606,25.4555],[-80.4591,25.4555],[-80.4594,25.4564],[-80.4606,25.4564],[-80.4606,25.4572],[-80.4606,25.4595],[-80.4608,25.4625],[-80.4608,25.4626],[-80.4608,25.4626],[-80.4608,25.4626],[-80.4534,25.4626],[-80.4527,25.4623],[-80.452,25.4623],[-80.4372,25.4623],[-80.4321,25.4624],[-80.4321,25.4621],[-80.4318,25.4621],[-80.4318,25.4624],[-80.431,25.4624],[-80.4279,25.4625],[-80.4038,25.4626],[-80.3997,25.4626],[-80.3957,25.4626],[-80.3916,25.4626],[-80.3888,25.4626],[-80.3876,25.4626],[-80.3836,25.4626],[-80.3823,25.4626],[-80.3823,25.4602],[-80.3809,25.4602],[-80.3809,25.4626],[-80.3796,25.4626],[-80.3632,25.4626],[-80.3552,25.4626],[-80.3473,25.4627],[-80.3466,25.4626],[-80.3459,25.4623],[-80.3447,25.4618],[-80.3436,25.4612],[-80.3424,25.4607],[-80.3416,25.4604],[-80.3406,25.4601]]]},"properties":{"ZIPCODE":"33035"}},{"type":"Feature","geometry":{"type":"Polygon","coordinates":[[[-80.2798,25.9251],[-80.2781,25.925],[-80.2774,25.925],[-80.2767,25.925],[-80.2767,25.925],[-80.2767,25.9234],[-80.2765,25.9193],[-80.2765,25.9178],[-80.2764,25.916],[-80.2764,25.9153],[-80.2763,25.9142],[-80.2802,25.9139],[-80.2839,25.9138],[-80.2915,25.9136],[-80.2926,25.9136],[-80.2921,25.8999],[-80.292,25.8951],[-80.2919,25.8942],[-80.2916,25.8942],[-80.2916,25.8946],[-80.2899,25.8958],[-80.288,25.8959],[-80.2879,25.8959],[-80.2877,25.8916],[-80.2855,25.8916],[-80.2855,25.8898],[-80.2876,25.8897],[-80.2875,25.8862],[-80.2874,25.8836],[-80.2874,25.8836],[-80.2887,25.8836],[-80.2887,25.8836],[-80.2887,25.8843],[-80.2887,25.8843],[-80.2897,25.8843],[-80.2912,25.8842],[-80.2968,25.8842],[-80.2968,25.8839],[-80.2972,25.884],[-80.2974,25.8841],[-80.2974,25.8842],[-80.2993,25.8841],[-80.2994,25.8841],[-80.2996,25.8838],[-80.3018,25.8838],[-80.3019,25.8838],[-80.3051,25.8838],[-80.3051,25.8841],[-80.3064,25.8841],[-80.3064,25.8834],[-80.3071,25.8833],[-80.3071,25.8833],[-80.3072,25.8836],[-80.3072,25.8836],[-80.3075,25.8836],[-80.3076,25.8833],[-80.3099,25.8833],[-80.3099,25.8833],[-80.31,25.8842],[-80.3101,25.8842],[-80.3104,25.8842],[-80.3104,25.8838],[-80.3108,25.8838],[-80.3108,25.8842],[-80.3108,25.8842],[-80.3111,25.8842],[-80.3111,25.8838],[-80.3113,25.8838],[-80.3113,25.8838],[-80.3114,25.8842],[-80.3116,25.8842],[-80.3116,25.8842],[-80.3121,25.8837],[-80.3136,25.8837],[-80.3136,25.8837],[-80.3144,25.8837],[-80.3144,25.8837],[-80.3156,25.8837],[-80.3157,25.8831],[-80.3174,25.8831],[-80.3196,25.8831],[-80.3196,25.8828],[-80.32,25.8828],[-80.32,25.8822],[-80.3226,25.8822],[-80.3226,25.8822],[-80.3218,25.8826],[-80.3215,25.8829],[-80.3213,25.8836],[-80.3219,25.8841],[-80.3219,25.8841],[-80.3233,25.884],[-80.3233,25.884],[-80.3233,25.884],[-80.3235,25.8842],[-80.3241,25.8926],[-80.3241,25.8936],[-80.3243,25.896],[-80.3243,25.8976],[-80.3243,25.9006],[-80.3245,25.9037],[-80.3245,25.9043],[-80.3245,25.9051],[-80.3247,25.9096],[-80.3248,25.9125],[-80.3248,25.9133],[-80.3249,25.9151],[-80.325,25.9172],[-80.3251,25.9203],[-80.3252,25.9223],[-80.3251,25.9223],[-80.3239,25.9223],[-80.3239,25.9223],[-80.3239,25.9224],[-80.3238,25.9225],[-80.3235,25.9228],[-80.3233,25.923],[-80.3232,25.923],[-80.3232,25.9231],[-80.3229,25.9233],[-80.3228,25.9233],[-80.3215,25.924],[-80.3208,25.9242],[-80.32,25.9243],[-80.3123,25.9245],[-80.3094,25.9246],[-80.307,25.9246],[-80.3029,25.9246],[-80.2976,25.9246],[-80.2967,25.9246],[-80.2956,25.9247],[-80.2947,25.9248],[-80.294,25.9249],[-80.2934,25.9249],[-80.2933,25.9249],[-80.2913,25.9249],[-80.2885,25.925],[-80.2851,25.9251],[-80.2806,25.9252],[-80.2802,25.9251],[-80.2798,25.9251]],[[-80.3142,25.8978],[-80.3143,25.8985],[-80.3147,25.8985],[-80.3146,25.8978],[-80.3142,25.8978]]]},"properties":{"ZIPCODE":"33014"}},{"type":"Feature","geometry":{"type":"Polygon","coordinates":[[[-80.3085,25.777],[-80.3084,25.7722],[-80.3082,25.7722],[-80.3082,25.7708],[-80.3073,25.7709],[-80.3055,25.771],[-80.3042,25.771],[-80.3042,25.7709],[-80.3012,25.771],[-80.2982,25.771],[-80.2962,25.7711],[-80.2962,25.771],[-80.2953,25.771],[-80.2952,25.7707],[-80.295,25.7707],[-80.295,25.7711],[-80.2946,25.7711],[-80.2946,25.7707],[-80.2944,25.7707],[-80.2944,25.7711],[-80.2935,25.7711],[-80.2926,25.7711],[-80.2926,25.7712],[-80.2921,25.7712],[-80.2921,25.7713],[-80.2917,25.7713],[-80.2917,25.7711],[-80.2908,25.7711],[-80.2899,25.7712],[-80.289,25.7712],[-80.2882,25.7712],[-80.2881,25.7704],[-80.2877,25.7704],[-80.2876,25.7699],[-80.2876,25.769],[-80.2876,25.7689],[-80.2876,25.768],[-80.2879,25.7679],[-80.288,25.7678],[-80.288,25.767],[-80.2876,25.7671],[-80.2876,25.7665],[-80.2875,25.7658],[-80.2875,25.7651],[-80.2875,25.7643],[-80.2874,25.7643],[-80.2874,25.764],[-80.2879,25.764],[-80.2879,25.7636],[-80.2879,25.7636],[-80.2878,25.7628],[-80.2874,25.7628],[-80.2873,25.7617],[-80.2878,25.7614],[-80.2878,25.761],[-80.2877,25.7606],[-80.2876,25.7607],[-80.2873,25.7607],[-80.2873,25.7599],[-80.2876,25.7599],[-80.2877,25.76],[-80.2877,25.7592],[-80.2876,25.7592],[-80.2872,25.7592],[-80.2872,25.7591],[-80.2877,25.759],[-80.2877,25.7587],[-80.2876,25.7586],[-80.2876,25.7585],[-80.2872,25.7585],[-80.2872,25.7572],[-80.2876,25.7572],[-80.2876,25.7566],[-80.2876,25.7563],[-80.2901,25.7562],[-80.2901,25.7567],[-80.2903,25.7567],[-80.2903,25.757],[-80.2909,25.757],[-80.2909,25.7567],[-80.2913,25.7566],[-80.2913,25.7565],[-80.2917,25.7565],[-80.2917,25.7566],[-80.2917,25.7577],[-80.2937,25.7577],[-80.2937,25.7566],[-80.2952,25.7565],[-80.2952,25.7564],[-80.2957,25.7563],[-80.2957,25.756],[-80.296,25.756],[-80.296,25.7565],[-80.2974,25.7565],[-80.2974,25.756],[-80.298,25.756],[-80.298,25.7565],[-80.2997,25.7564],[-80.2997,25.7559],[-80.3,25.7559],[-80.3,25.7564],[-80.3014,25.7564],[-80.3013,25.7559],[-80.302,25.7559],[-80.302,25.7562],[-80.3022,25.7562],[-80.3022,25.7559],[-80.3029,25.7559],[-80.3029,25.7561],[-80.3033,25.7561],[-80.3033,25.7558],[-80.3041,25.7558],[-80.3041,25.7562],[-80.3072,25.7561],[-80.3072,25.7562],[-80.308,25.7562],[-80.308,25.7557],[-80.3084,25.7557],[-80.3084,25.756],[-80.3102,25.756],[-80.3104,25.7556],[-80.3112,25.7556],[-80.3112,25.756],[-80.3117,25.7559],[-80.3117,25.7556],[-80.312,25.7556],[-80.312,25.756],[-80.3134,25.7559],[-80.3134,25.7555],[-80.314,25.7555],[-80.314,25.7559],[-80.3157,25.7559],[-80.3157,25.7554],[-80.3169,25.7554],[-80.3169,25.7558],[-80.3181,25.7557],[-80.3181,25.7554],[-80.3186,25.7554],[-80.3186,25.7557],[-80.319,25.7557],[-80.319,25.7554],[-80.3195,25.7554],[-80.3195,25.7556],[-80.3213,25.7557],[-80.3213,25.7553],[-80.3222,25.7553],[-80.3223,25.7556],[-80.3222,25.7557],[-80.3278,25.7556],[-80.3278,25.7552],[-80.3293,25.7551],[-80.3294,25.7569],[-80.3319,25.7569],[-80.3318,25.7556],[-80.332,25.7556],[-80.3322,25.7554],[-80.3322,25.7551],[-80.3326,25.755],[-80.3326,25.7554],[-80.3349,25.7554],[-80.3349,25.755],[-80.3354,25.7549],[-80.3354,25.7559],[-80.3355,25.7586],[-80.3355,25.7603],[-80.3351,25.7603],[-80.3351,25.7615],[-80.3361,25.7615],[-80.3362,25.7637],[-80.3357,25.7637],[-80.3357,25.764],[-80.3362,25.764],[-80.3363,25.7652],[-80.3357,25.7652],[-80.3357,25.7655],[-80.3363,25.7655],[-80.3364,25.7678],[-80.3358,25.7678],[-80.3359,25.7689],[-80.3364,25.7689],[-80.3364,25.7696],[-80.3323,25.7697],[-80.3324,25.7703],[-80.3329,25.7712],[-80.3316,25.7732],[-80.3287,25.7734],[-80.3283,25.7716],[-80.3262,25.772],[-80.3262,25.7706],[-80.3248,25.7706],[-80.3248,25.7704],[-80.3247,25.7704],[-80.3244,25.7706],[-80.3243,25.7711],[-80.3244,25.7767],[-80.321,25.7767],[-80.3203,25.7699],[-80.3191,25.7699],[-80.319,25.7699],[-80.319,25.7699],[-80.3189,25.7699],[-80.3187,25.7699],[-80.3187,25.7699],[-80.3187,25.7699],[-80.3187,25.7699],[-80.3187,25.7699],[-80.3187,25.7699],[-80.3187,25.7699],[-80.3187,25.7699],[-80.3186,25.7699],[-80.3185,25.7699],[-80.3181,25.7699],[-80.3181,25.7703],[-80.3171,25.7703],[-80.3155,25.7704],[-80.3154,25.7704],[-80.3144,25.7705],[-80.3136,25.7705],[-80.3132,25.7701],[-80.3129,25.7702],[-80.3123,25.7702],[-80.3121,25.7705],[-80.3099,25.7713],[-80.3095,25.7716],[-80.3096,25.7737],[-80.3095,25.7744],[-80.3094,25.775],[-80.3086,25.777],[-80.3085,25.777]]]},"properties":{"ZIPCODE":"33144"}}]}